molecule_id,smiles
m_78cd05,O=C(OCC1CCOC1)c1cccc2[nH]ncc12;COc1ccc2[nH]c3c(c2c1)CCNC3C(=O)O;CC(C)Cn1nc(C(=O)O)c2ccccc2c1=O;O=C(O)c1ccc2c(c1)[nH]c(=O)n2C1CCCC1;N#Cc1ccc(O)c(NC(=O)CC2CCCO2)c1;CC(=O)Nc1ccc(OCc2ncc(C)o2)cc1;C=CCCC(=O)Nc1ccc2c(c1)oc(=O)n2C;O=C(O)C1CCCN(c2nc3ccccc3o2)C1;COCc1cccc(NC(=O)c2cc(C)no2)c1;O=C(O)c1ccc2c(c1)ncn2CC1CCCO1;O=C(OCC1CCCO1)c1cccc2[nH]ncc12;COc1ccccc1CNC(=O)c1coc(C)n1;COc1ccc(C(=O)O)cc1-n1nc(C)cc1C;O=C(NC1CC(C(=O)O)C2CC12)c1ccccn1;COC(=O)c1nn(-c2ccc(C)c(C)c2)cc1O;CC(C)c1ccc(-n2cc(O)c(C(=O)O)n2)cc1;COC(=O)C(C)NC(=O)c1ccc2[nH]ccc2c1;O=C1CN(C(=O)C2CCOC2)c2ccccc2N1;Cc1ccc(-c2cnc(CNC(=O)CO)o2)cc1;C=CC(C)OC(=O)c1cnc2onc(CC)c2c1;N#Cc1cccc(C(=O)NCC2(O)CCOC2)c1;N#Cc1ccc(O)c(NC(=O)C2CCCOC2)c1;COCc1ccc(C(=O)NCc2ccncc2)o1;Cc1nc2c(C(=O)N3CC(C)(O)C3)cccc2o1;Cc1nc2c(NC(=O)C3CCCO3)cccc2o1
m_ab91a8,Cc1ccc(C2C(C)CCCN2CC(=O)O)cc1;CCCN1CCC(c2ccccc2C(=O)O)CC1;Cc1cccc(C2CCCN2CCC(=O)O)c1C;Cc1ccc(C2CCCC2N(C)CC(=O)O)cc1;COCC(=O)NC(C)c1ccc2c(c1)CCCC2;Cc1cccc(C2CCCCN2CC(=O)O)c1C;Cc1ccc(C(N)=O)cc1OCCC1CCCC1;Cc1ccc(C2CCCN2CCC(=O)O)cc1C;CC1(c2ccccc2)CCCN(CCC(=O)O)C1;CCCOc1ccc(CNC(=O)C2CC2)c(C)c1;Cc1ccccc1C1CC(C)N(CCC(=O)O)C1;COc1ccccc1C(=O)NCC1CCCCC1;CCC(CC)CNC(=O)c1ccc2c(c1)CCO2;CCC(c1ccccc1)C1CCCN1CC(=O)O;Cc1ccc(C(=O)NC2CCC(CO)CC2)cc1;CC1CC(c2ccccc2)CN1CCCC(=O)O;CCC=CCCCNC(C(=O)O)c1ccccc1;COCC(=O)NC1CCC(c2ccccc2)CC1;Cc1ccccc1C1CCCN1CCCC(=O)O;Cc1cccc(C2CCCCCN2CC(=O)O)c1;Cc1ccc(NC(=O)C2CCOC(C)C2)cc1C;COc1cc2c(cc1OC)C(CC(C)C)=NCC2;CC1(C)C2CCC1(C)C(NC(=O)c1ccoc1)C2;CCC(CO)NC(=O)C(c1ccccc1)C1CC1;Cc1ccc(CN2CCC(C(=O)O)CC2)cc1C
m_1a8b29,C=C1C(=O)OC23C1CCC(C)C2CCC1(C)OC13;CCn1ccc(NC(=O)NCCc2cn[nH]c2)n1;C=C1C(=O)OC2C=C(C)CCC=C(C)C(O)CC12;C=C1C(=O)OC2C1CCC(C)=C1CCC(C)(O)C12;C=C1C(=O)OC2C=C(C)CCC=C(CO)CCC12;C=C1C(=O)OC2C3=C(C)CCCC3(C)CCC12O;Cc1nc(NC(=O)c2cnn(CC(C)C)c2)n[nH]1;CC1=CCCC(C)C(=O)C=C2C(C1)OC(=O)C2C;C=C1C(=O)OC2CC3(C)C(CCC(C)=O)C3CC12;C=C1CCCC2(C)CC3(O)OC(=O)C(C)=C3CC12;CC(C=CC1(O)C(C)=CC(=O)CC1(C)C)=CC=O;C=C1C(=O)OC2C1CCC(C)=CCCC1(C)OC21;Cc1cc(C(=O)NCc2nncn2C(C)C)[nH]n1;C=C1C(=O)OC2CC(C)C(CCC(C)=O)=CCC12;C=C1C(=O)OC2CC3(C)CCCC(=C)C3(O)CC12;CCc1cc(C(=O)NCc2nnc(C)n2C)[nH]n1;CC(C)Cc1cc(C(=O)NCc2nnc[nH]2)[nH]n1;C=C1C(=O)OC2C1CCC(C)C1CCC(=O)C12C;CN(C)C(=O)c1cn[nH]c1NCc1ccnn1C;CC1=C2C3OC(=O)C(C)C3CCC2(C)CCC1=O;C=C(C)C1CC2(C)C(=CC1=O)C1OC1C(O)C2C;CC1=C2C(=O)C(=O)C(C)C2C2C1CC2C(C)(C)O;CC(C)=C1CC2(C)C(=CC1=O)C1OC1C(O)C2C;C=C(C(=O)O)C1CCC(C)C2CC(=O)C(C)=C2C1;C=C1C(=O)OC2CC3(C)C(O)CCC(=C)C3CC12
m_01e922,COc1ccc(CCN2CCCC2C(=O)O)cc1;CN(C)c1cccc(C(=O)OCC2CCCO2)c1;COc1ccc(C(=O)NCC2(CO)CC2)c(C)c1;Cc1ccc(OCCC(=O)N2CCOCC2)cc1;CCC(=O)Nc1ccc(C)c(OC2CCOC2)c1;CC(=O)CC(C)NC(Cc1ccccc1)C(=O)O;CC(NC(=O)c1ccc(C(C)(C)C)cc1)C(=O)O;Cc1cccc(OCC(=O)NCC2CCCO2)c1;COc1cccc(C(=O)NCC(OC)C2CC2)c1;CC(C)(C)c1ccc(C(=O)NCCC(=O)O)cc1;OC1CCC(NCc2cccc3c2OCO3)CC1;O=C(C(O)Cc1ccccc1)N1CCCOCC1;Cc1ccccc1OCCC(=O)N1CCOCC1;Cc1cccc(CC(=O)NC(C)CCC(=O)O)c1;CCC(C)C(NC(=O)Cc1ccccc1)C(=O)O;CCCC(NCC)C(=O)c1ccc2c(c1)OCO2;Cc1ccc(C(=O)OCC2CCCCC2)c(=O)[nH]1;Cc1cccc(C(=O)NC(CC(C)C)C(=O)O)c1;CC(O)C(O)CNC(=O)C1Cc2ccccc2C1;CC(C)C(NC(=O)CCc1ccccc1)C(=O)O;COc1ccc(C=CC(=O)OCC(C)(C)N)cc1;CCC=CCCCNc1c(O)cccc1C(=O)O;CCC(C)C(=O)NCCc1cccc(C(=O)O)c1;Cc1ccccc1C(=O)NC(CC(C)C)C(=O)O;COc1cccc(CCNC(=O)C2CCOC2)c1
m_26bf54,CCN(CC1CCCO1)C(=O)Nc1ccncc1;CCC(NC(=O)c1ccccn1)(C(N)=O)C(C)C;O=C(C1C2CCCC21)N1CC(N2CCNC2=O)C1;Cn1ccc(CNC2C(=O)NCC2(C)C)cc1=O;CC1CC(O)CN(C(=O)c2n[nH]c3c2CCC3)C1;Cc1ccc(C(=O)N2CCOC(CN)C2)c(C)n1;COCC(=O)Nc1ccc(N=C(C)N(C)C)cc1;CCc1cccnc1C(=O)NCC1CNCCO1;O=C(c1n[nH]c2c1CCC2)N1CCCC(O)CC1;O=C(C1CCCO1)N1CCCC(n2cccn2)C1;CC(O)C(=O)N1CCCN(c2ccccn2)CC1;NC1CN(C(=O)CCc2ccon2)CC12CCC2;Cc1cc(C(=O)N2CCOC3CCCCC32)[nH]n1;CC(C)n1ccc(C(=O)N2CC(O)C3(CC3)C2)n1;CC(Oc1cccnc1)C(=O)N1CCCC(N)C1;COc1cccc(NC(=O)N2CCC(C)CC2)n1;CC(NC(=O)c1cccn1C1CCCC1)C(N)=O;CCN(C(=O)c1ccc(=O)n(C)n1)C1CCCC1;CN(C)C(=O)c1ccc(NCC2CCCO2)nc1;CC(=O)NC(C(=O)Nc1cccc(C)n1)C(C)C;CC(C)=CCCC(C)CNCCP(=O)(O)O;COc1ncc(NC(C)CC2CC2)cc1C(N)=O;CC(C)CC(=O)Nc1ccc(C(=O)N(C)C)cn1;Cn1cccc1C(=O)NCCNC(=O)C1CCC1;COc1ccnc(N2CCCC3(CCO3)CC2)n1
m_bcd97d,CC(NC(=O)c1ccco1)c1ccc(F)cc1F;Cc1cc(C(=O)Nc2ccc(F)cc2F)c(C)o1;CCN(CC1CCCO1)C(=O)Nc1ccncc1;CCN(CC1CCCO1)C(=O)Nc1ccncc1;CCN(CC1CCCO1)C(=O)Nc1ccncc1;CCN(CC1CCCO1)C(=O)Nc1ccncc1;CCN(CC1CCCO1)C(=O)Nc1ccncc1;CCN(CC1CCCO1)C(=O)Nc1ccncc1;CCN(CC1CCCO1)C(=O)Nc1ccncc1;CCN(CC1CCCO1)C(=O)Nc1ccncc1;CCN(CC1CCCO1)C(=O)Nc1ccncc1;CCN(CC1CCCO1)C(=O)Nc1ccncc1;CCN(CC1CCCO1)C(=O)Nc1ccncc1;CCN(CC1CCCO1)C(=O)Nc1ccncc1;CCN(CC1CCCO1)C(=O)Nc1ccncc1;CCN(CC1CCCO1)C(=O)Nc1ccncc1;CCN(CC1CCCO1)C(=O)Nc1ccncc1;CCN(CC1CCCO1)C(=O)Nc1ccncc1;CCN(CC1CCCO1)C(=O)Nc1ccncc1;CCN(CC1CCCO1)C(=O)Nc1ccncc1;CCN(CC1CCCO1)C(=O)Nc1ccncc1;CCN(CC1CCCO1)C(=O)Nc1ccncc1;CCN(CC1CCCO1)C(=O)Nc1ccncc1;CCN(CC1CCCO1)C(=O)Nc1ccncc1;CCN(CC1CCCO1)C(=O)Nc1ccncc1
m_bcdd81,CC(=O)NCC(c1ccc(C)o1)N1CCOCC1;OCC1CN(Cc2cnc(C3CC3)o2)CCC1O;COCC1CN(C(=O)c2ccc[nH]2)CC(C)(C)O1;C1CCC(Cc2noc(C3CCOCC3)n2)OC1;COc1cccc(C(CO)NC(=O)NC(C)C)c1;Cc1noc(C)c1CC(=O)NC1(CO)CCCC1;CC(C)(C)n1nc(C(=O)OCCO)cc1C1CC1;COC1CC(CO)N(Cc2ncc(C3CC3)o2)C1;Cc1ccoc1C(=O)N1CC(O)CC1CN(C)C;Cc1cc(C(=O)NC2CC(C)(C)OC2(C)C)on1;Cc1conc1C(=O)NC1(CO)CCCC1(C)C;CC1CC(CNC(=O)NCc2ccco2)CCO1;CCOC1CC1C(=O)NCCc1c(C)noc1C;O=C(Cc1ccon1)NC1CCCCCC1CO;CC(C)(C)C(CO)NC(=O)c1ncoc1C1CC1;Cc1cnn(C(C)(CC2CCOCC2)C(=O)O)c1;CCc1cc(C)c(C(=O)NC2CNCC2OC)o1;CNC(=O)C1(COC)CCCN1Cc1ccco1;CC1(C)CN(C(=O)C(=O)NC2CC2)C2COCC21;COC(=O)C1CCN(Cc2ncc(C)o2)CC1C;CCOC(=O)c1cc(NC(=O)CC(C)C)cn1C;COCc1nocc1C(=O)NC1CCC(C)CC1;COc1cc(CCNC(C)CC(N)=O)ccc1O;CC(O)(CNC(=O)c1ccon1)C1CCCCC1;Cc1ccoc1C(=O)NCC(C)N1CCOCC1
m_3f8028,COCc1nc(C)cc(N2CC(OCCF)C2)n1;Cc1noc(C)c1CN(C)C(=O)C1(F)CCNC1;CCc1ncnc(N2CCOCC2CCO)c1F;Cc1ccc2c(c1)OC(C)CN2Cc1cncnc1;O=C(c1cnc2ccccc2n1)N1CCCCCC1;c1ccc(-c2nccc(NCC3CCCO3)n2)cc1;CC1CCCN1c1cc(C(N)=O)c2ccccc2n1;COc1ccnc(NCC2(c3ccccc3)CC2)n1;CCC1CN(Cc2cncnc2)c2ccccc2O1;CC1CN(C(=O)c2cccc3ncccc23)CCN1;CN1CCN(C(=O)c2ccnc3ccccc23)CC1;Cn1cc(C(=O)NC2CCCc3ccccc32)cn1;O=C(NC1CCNCC1)c1cccc2cccnc12;Cc1ccc(C)c(C(=O)Nc2cc3n(n2)CCC3)c1;OC1(CNc2ccnc(-c3ccccc3)n2)CCC1;CCn1cc(CC(=O)N2CCc3ccccc32)cn1;Cn1nccc1NC(=O)CC1CC1c1ccccc1;OCC1CN(c2ccnc(Cc3ccccc3)n2)C1;O=C(Nc1cnc2ccccc2c1)NC1CCCC1;COc1cc(C)nc(N2CCCC(F)(CO)C2)n1;Cc1c(C(=O)N2CCCc3ccccc32)cnn1C;CN(C(=O)C1CCn2ccnc2C1)c1ccccc1;c1ccc2c(c1)CCN(Cc1nnc(C3CC3)o1)C2;Cc1ccccc1N(C(=O)c1cnccn1)C(C)C;c1ccc(C2CCCN2c2nc(C3CC3)no2)cc1
m_6d9287,COCc1nc(C)cc(N2CC(OCCF)C2)n1;Cc1noc(C)c1CN(C)C(=O)C1(F)CCNC1;CCc1ncnc(N2CCOCC2CCO)c1F;Cc1ccc2c(c1)OC(C)CN2Cc1cncnc1;O=C(c1cnc2ccccc2n1)N1CCCCCC1;c1ccc(-c2nccc(NCC3CCCO3)n2)cc1;CC1CCCN1c1cc(C(N)=O)c2ccccc2n1;COc1ccnc(NCC2(c3ccccc3)CC2)n1;CCC1CN(Cc2cncnc2)c2ccccc2O1;CC1CN(C(=O)c2cccc3ncccc23)CCN1;CN1CCN(C(=O)c2ccnc3ccccc23)CC1;Cn1cc(C(=O)NC2CCCc3ccccc32)cn1;O=C(NC1CCNCC1)c1cccc2cccnc12;Cc1ccc(C)c(C(=O)Nc2cc3n(n2)CCC3)c1;OC1(CNc2ccnc(-c3ccccc3)n2)CCC1;CCn1cc(CC(=O)N2CCc3ccccc32)cn1;Cn1nccc1NC(=O)CC1CC1c1ccccc1;OCC1CN(c2ccnc(Cc3ccccc3)n2)C1;O=C(Nc1cnc2ccccc2c1)NC1CCCC1;COc1cc(C)nc(N2CCCC(F)(CO)C2)n1;Cc1c(C(=O)N2CCCc3ccccc32)cnn1C;CN(C(=O)C1CCn2ccnc2C1)c1ccccc1;c1ccc2c(c1)CCN(Cc1nnc(C3CC3)o1)C2;Cc1ccccc1N(C(=O)c1cnccn1)C(C)C;c1ccc(C2CCCN2c2nc(C3CC3)no2)cc1
m_e4865d,CC(C)C(N)C(=O)N1CCOC2(CCOCC2)C1;CC1CN(C(=O)COCC2CCCO2)CC(C)N1;CC1COCC(C)N1C(=O)CNCC1CCCO1;CC(C)(C)OC(=O)N1CCC2(CC1)CNCCO2;CCOCC1CCCN(C(=O)C2CNCCO2)C1;CCN(CC(=O)N1CC(OC)CC1CO)C1CC1;CN(CC1CCOCC1)C(=O)NC1CCOCC1;CC(C)N(C)C(=O)N1CCC2(CC1)COCCO2;CCC1CN(C(=O)C2(OC)CCNCC2)CCO1;CCC1CN(C(=O)C2(CN)CCOCC2)CCO1;CC1(C)CN(C(=O)C2(CN)CCOCC2)CCO1;COC1CC(CO)N(CC(=O)NC2CCCC2)C1;CC1CNCCN1C(=O)CCOC1CCOCC1;O=C(CN1CCOCC1)NCC1(O)CCCCC1;COC1CC(N(C)C(=O)NCC2CCCOC2)C1;CC(N(C)C(=O)NCC1COCCO1)C1(C)CC1;CCCN1CCCCC1C(=O)N(C)CCC(=O)O;CC(C(=O)O)N(C)CC(=O)N1C(C)CCCC1C;CCCC(N)C(=O)N1CCOC2(CCOCC2)C1;COC(=O)CCCNC(=O)N(C)C1CCCCC1;COCCN1CCC(=O)NC(CC(C)(C)C)C1=O;COC1CCCN(C(=O)C2(OC)CCNCC2)C1;CCC1CCCCN1C(=O)CN(C)C(C)C(=O)O;O=C(CCC1CCCO1)N1CCN(CCO)CC1;CC1CN(C(=O)C2(CN)CCOCC2)CC(C)O1
m_9fcc62,N#Cc1ccncc1N1CCC(N2CCOCC2)C1;c1cncc(CNc2nnc(CC3CCCC3)o2)c1;CC1CC(CNC(=O)Cn2ncc3cccnc32)C1;Cc1ccc(NC(=O)CCn2nc(C)nc2C)cc1;Cc1ccc2c(c1)OC(C)CN2Cc1cnnn1C;CC(C)CCC(=O)Nc1cc(-c2ccncc2)n[nH]1;CCC(C)NC(=O)Nc1cnn(-c2ccccc2)c1;Cc1ccc(NC(=O)CC(C)n2cncn2)c(C)c1;Cc1nc(CN(C)C(C)C(N)=O)nc2ccccc12;CC(C1CC1)n1cc(NC(=O)c2cccn2C)cn1;NCC1CCCCN1C(=O)c1ccc2nccn2c1;CC(C)C1CCCN1C(=O)c1cnn2cccnc12;COC1CCCCC1Nc1ccc2nccnc2n1;Cc1nn(C)c2ncc(NC(=O)C3CC3(C)C)cc12;Cc1nnc(N2C3CCC2CC(O)C3)c(C#N)c1C;CN1CCC2OCCN(c3ncccc3C#N)C2C1;CN(C(=O)N1CCC(CC#N)CC1)c1cccnc1;CC(C)NC(=O)CN(C)c1cnc2ccccc2n1;CC(C)CNC(=O)c1cn(C)nc1-c1ccncc1;CCC(CC)C(=O)Nc1ccc(-c2nnc[nH]2)cc1;N#Cc1cnc(NC2CCOC3(CCCC3)C2)cn1;Cc1ccc(-n2cc(CN3CCOCC3)nn2)cc1;NC1CCC(NC(=O)c2cnn3ccccc23)CC1;Cc1ccn2ncc(C(=O)N3C(C)CCC3C)c2n1;O=C(NCCn1cccc1)c1[nH]nc2c1CCCC2
m_8b6b8e,O=C(NCCCO)Nc1cnn(-c2ccccc2)c1;COc1ccc(Cc2cnc(N)nc2N)cc1OC;CC(C)C(C)OC(=O)c1cccc(-n2cnnn2)c1;CC(CNC(=O)c1cccnc1O)Cn1cccn1;CC(O)Cn1cc(CNC(=O)c2ccccc2)nn1;CC(c1cccc(O)c1)N(C)C(=O)c1cnnn1C;CNC(C)CNC(=O)c1cc(-c2ccccn2)no1;N#Cc1cnc(NC2CC(O)C23CCOCC3)cn1;CC(C)c1cc(C(=O)Nc2ccnn2C)cc(O)n1;Cn1c(CNC(=O)c2ccco2)nnc1C1CCC1;CCCc1cc(NC(=O)c2ncccc2O)n(C)n1;COC(=O)C1CCn2c(nnc2-c2cccn2C)C1;CCc1occc1C(=O)NC1(c2nnc[nH]2)CCC1;CCCNC(=O)COc1cccc(-n2cncn2)c1;CC1CN(C(=O)c2cnn3cccnc23)CC(C)O1;CNC(=O)C(C)NC(=O)c1ccc2cncn2c1C;Cc1cc(C(=O)Nc2ccnn2C(C)C)cc(O)n1;CC(C)n1nccc1NC(=O)Cn1ccccc1=O;COC1(CNC(=O)c2cnc3cccnn23)CCC1;Cc1cc(C)c(CNC(=O)Cn2cccn2)c(=O)[nH]1;Cc1cc2c(N3CCC(C)(C(=O)O)C3)nccn2n1;COc1cc(C)ccc1OCc1nnnn1C1CC1;CC(C)NC(=O)CNc1cc(=O)n2ccccc2n1;CC(O)C(=O)N1CCN(c2cccc(C#N)n2)CC1;Cc1ccc(NC(=O)Cn2ncn(C)c2=O)c(C)c1
m_2b524a,NC1CCCN(C(=O)NCC2CC3C=CC2CC3)C1;CC(C)(C)C(O)C(=CC1CCCCC1)n1cncn1;Cc1ccc(O)c(CNC2CCN(C(C)C)CC2)n1;CC(NCC1CCN(CCO)CC1)c1cccnc1;CC(NC(=O)Cn1cnc2c1CCCC2)C(C)(C)C;CCOc1ncccc1CNC1CCCN(CC)C1;CCc1nn(C)cc1CNC(=O)C(C)(C)C1CCC1;Cc1nnc(CN2CCCC3(CCCCCC3)C2)o1;CCC(CC)C(=O)NC1CCCCC1n1cccn1;CC1(C)CC(NC(=O)Cn2cccn2)CC(C)(C)C1;CC(C)CN(CC(C)C)C(=O)NCc1cccnc1;CCC1CN(Cc2cccnc2)CCN1CC(C)O;CCn1nccc1CNCC1CCOC2(CCC2)C1;Cc1cc(C2CCCN(CC3CCCCO3)C2)n[nH]1;Cc1n[nH]c(C(C)C)c1C(=O)N1CCCC(C)CC1;CCC(NC(=O)c1cnn(C)c1C)C1CCCCC1;CCCCN(C(=O)c1cnc(C)nc1C)C(C)CC;Cc1cccc(N2CCN(CC(C)(O)CN)CC2)c1;CC(C)C1CCCN(C(=O)CCn2cccn2)CC1;N#CCCCN1CCC(C(=O)N2CCCCC2)CC1;Cc1n[nH]c(C(C)C)c1C(=O)N1CCCCC(C)C1;CNCC(O)CN1CCN(c2cccc(C)c2)CC1;CCCC(N)C(=O)N(C)Cc1cccc(N(C)C)c1;CC(O)CN1CCN(C(C)c2cccnc2)CC1C;c1cnn(CC2CN(CC3CCCCC3)CCO2)c1
m_328338,N#Cc1ccc(CS(=O)(=O)NC2CCCC2)cc1;Cc1coc(C)c1C(=O)NC(C)(C)c1nccs1;CC1CCCN(S(=O)(=O)c2cccc(C#N)c2)C1;OC1CCCN(Cc2csc(-c3ccco3)n2)C1;N#Cc1ccccc1CN1CCCS(=O)(=O)CC1;CCNC(=O)N(Cc1ccco1)Cc1cccs1;N#Cc1ccc(CN2CCCS(=O)(=O)CC2)cc1;O=C1CN(C(=O)c2csc3c2CCCC3)CCN1;CCc1nccn1S(=O)(=O)c1ccc(C)c(C)c1;CC(C)NC(=O)COCc1nc2ccccc2s1;Cc1ccc(C(=O)N(C)Cc2c(C)noc2C)s1;CCc1cc(C#N)c(NC(=O)C(OC)C2CC2)s1;COc1ccc2nc(NC(=O)CC(C)C)sc2c1;CSc1ccc(C)c(C(=O)N2CCNC(=O)C2)c1;CCSc1ccccc1C(=O)N1CCNC(=O)C1;CCCc1csc(CC(=O)NCc2ccco2)n1;N#CCCCC(=O)N1CCOC(c2cccs2)C1;Cc1oc(-c2ccsc2)nc1CC(=O)NC(C)C;COc1ccc2nc(OC3CCNCC3)sc2c1;CC(C)(C)c1ccc(S(=O)(=O)n2ccnc2)cc1;CC(NC(=O)NCCO)c1csc2ccccc12;CC(C)(C)c1ccc(S(=O)(=O)n2cccn2)cc1;Cc1nc(C(C)C)sc1C(=O)NCc1ccco1;NC(=O)c1c(NC(=O)C2CC2)sc2c1CCCC2;CCC(NC(=O)c1c(C)noc1C)c1cccs1
m_f8bf38,c1ccc2c(CNc3ncnc4nc[nH]c34)c[nH]c2c1;Fc1cnc(NCC2CCC(c3ncn[nH]3)O2)nc1;Cn1ccc(C(=O)N2CCCC(C(=O)O)C2)cc1=O;COc1nc(C)ccc1C(=O)NC1CC(C(=O)O)C1;Cc1nc(C(=O)NC2(C)CCOC2)ccc1C(=O)O;CC1CC(C(=O)O)CCN1C(=O)c1cncc(O)c1;Cn1ccc(C(=O)N2CCC(C(=O)O)CC2)cc1=O;O=C(O)c1cccc(CNC(=O)N2CCOCC2)c1;O=C(O)C1COCCN1C(=O)CCc1cccnc1;COc1ncccc1C(=O)NC1CCC(C(=O)O)C1;Cc1cc(CC(=O)N2C3CCC2C(C(=O)O)C3)no1;COc1ccc(NC=O)c(C(=O)CCNC(C)=O)c1;O=C(NCC1CNCC1O)c1cccc2c1OCO2;COc1ccc(C(=O)N2CCCC2CC(=O)O)cn1;O=C(NCc1ccc2c(c1)OCO2)C1CC(O)CN1;O=C(O)C1CN(C(=O)OCc2ccccc2)CCN1;O=C(NCC1(C(=O)O)CCOCC1)c1ccncc1;Cc1ccc(C(=O)N2CCCCC2C(=O)O)c(=O)[nH]1;COC1(C(=O)O)CCN(C(=O)c2cccc(C)n2)C1;CC(C)(CC(N)=O)NC(=O)c1ccc(C(=O)O)cc1;O=C(O)C1CCN(C(=O)CCn2ccccc2=O)C1;CCNC(=O)COC(=O)c1cccc(NC(C)=O)c1;COC(=O)c1cccc(C(=O)NC2CCOCC2)n1;COc1ncccc1C(=O)NC1(C(=O)O)CCCC1;CC(C)(N)COC(=O)C=Cc1ccc([N+](=O)[O-])cc1
m_a94f72,CCc1nc(C(=O)NC2CCC(=O)NC2C)c(C)o1;COC(=O)CCNC(=O)c1cn2c(n1)CC(C)CC2;Cc1nonc1CC(=O)N1CCC(O)CC12CCC2;CN(CC1(O)CCCC1)C(=O)c1cc(C(N)=O)c[nH]1;CCCN1C(=O)CCC(C(=O)O)C1c1cncn1C;COC1CN(c2ccnc(C(=O)N(C)C)c2)CC1O;CC1CCCC(C(=O)Nc2ccn(CC(=O)O)n2)C1;O=C(Cc1noc(C2CCCOCC2)n1)NC1CC1;COC(=O)CCNC(=O)c1cn2c(n1)CCC(C)C2;Cc1[nH]ccc1C(=O)N1CCCC(O)(CC(N)=O)C1;Cc1nc(C2CCCCN2C(=O)C2CCCO2)no1;Cc1ncccc1CNC(=O)NCC1COCCO1;O=C(c1cc(=O)[nH][nH]1)N1CCOC2(CCCCC2)C1;CCCNC(=O)CCNC(=O)c1ccc(OC)nc1;CC(C)c1cc(NC(=O)NC2CC3CCC2O3)no1;CCC1CC(C(=O)Nc2c[nH]c(C(N)=O)c2)CCO1;CCC(C)N(CC(=O)OC)C(=O)c1ccnc(C)n1;CC(CNC(=O)c1ccnn1C1CCCC1)C(=O)O;Cc1nc(C(=O)N2CCCCC2CCC(=O)O)c[nH]1;Cc1cc(C(=O)N2CCCCC2CC(=O)O)nn1C;COc1ccnc(CN2CCC(O)(C(N)=O)CC2)c1;CCc1noc(C2(NC(=O)C3CC3)CCOCC2)n1;COC1(c2noc(CC3CCCC(=O)N3)n2)CCC1;CCC1(C(=O)N(C)Cc2noc(C3CC3)n2)COC1;COc1cccc(CN2CCOC(C)C2C(N)=O)n1
m_8bb047,O=C1CCC(c2ccc(Nc3ccncc3)cc2)=NN1;O=C(CCc1cccnc1)Nc1nc2ccccc2[nH]1;CC(NC(=O)c1cccnc1)c1nc2ccccc2[nH]1;Cc1cc(C)n2ncc(C(=O)Nc3ccccc3)c2n1;CC(NC(=O)c1ccccn1)c1nc2ccccc2[nH]1;c1ccc2cc(OCc3nnnn3C3CC3)ccc2c1;CN(C(=O)c1cccnc1)c1nc2ccccc2n1C;c1ccc2c(OCc3nnnn3C3CC3)cccc2c1;Cc1ncccc1NC(=O)Cc1c[nH]c2ncccc12;Cc1cc(NC(=O)c2ccc3ccccc3n2)n(C)n1;c1ccc2c(c1)OCCN2Cc1cnc2cnccn12;Cc1ccc(NC(=O)c2ccc3nncn3c2)c(C)c1;CNC(=O)c1ccc(CNc2ccc(C#N)cn2)cc1;c1ccc(C2CC2Cc2nc(-c3ncc[nH]3)no2)cc1;Cc1ccnc2c1NC(=O)c1cccnc1N2C1CC1;CC(=NC1=CC(C)(C)Oc2ccc(C#N)cc21)NC#N;CN(Cc1ccc(C(N)=O)cc1)c1ccc(C#N)cn1;CC(NC(=O)c1cc(Cl)c[nH]1)C1CC2CCC1C2;Cn1ccc2cc(NC(=O)Nc3cccnc3)ccc21;CC(c1ccc(Cl)cc1)N(C)C(=O)NCC1CC1;NC(=O)C1(NCc2cccc(Cl)c2)CCCCC1;Cc1cc(C(=O)N2CCCCC2CN)ccc1Cl;NC(=O)C1(NCc2ccc(Cl)cc2)CCCCC1;CNCCC(=O)N1CCCC1c1ccccc1Cl;Cc1cc(C(=O)N(C)C2CCNCC2)ccc1Cl
m_e2993b,CC(F)(F)C(C)(C)NC(=O)c1nc2ncccn2n1;Cc1n[nH]c(C)c1CNC(=O)c1cc(C(F)F)[nH]n1;COc1ccc(C2CCN(S(C)(=O)=O)CC2)cc1;CCOC1CC(O)(CNC(=O)c2ccc(C)s2)C1;Cc1ccc(NCC2(C)COC2)cc1S(C)(=O)=O;COCCS(=O)(=O)NC1(c2ccccc2)CCC1;Cc1occc1[S+]([O-])CC(=O)N1CCC(C)CC1;Cc1ccccc1CS(=O)(=O)N(C)C1CC(O)C1;CCS(=O)(=O)c1ccc(NC2CCCC2O)cc1;Cc1cc(C)c(S(=O)(=O)N2CCOCC2)c(C)c1;O=S(=O)(CCc1ccccc1)NC1CCCC1O;COCC1CCCN1Cc1ccc(C(=O)OC)s1;O=S(=O)(Cc1ccccc1)NCCC1CCCO1;CCOc1cc(C)ccc1S(=O)(=O)N1CCCC1;COc1cc(S(=O)(=O)N2CCCC2)c(C)cc1C;COc1cccc(CN2CCCS(=O)(=O)CC2)c1;CC(C)(C)CC(=O)NC(CC(=O)O)c1cccs1;CC1CN(CCCC(=O)O)CC(c2ccsc2)O1;COC(=O)c1ccc(CNC2CCCCC2O)s1;CCC(CC)(CNC(=O)c1sccc1C)C(=O)O;O=C(O)c1sccc1CN1CCCCCC1CO;COc1ccccc1S(=O)(=O)NC1CCCCC1;COc1ccc(C)cc1S(=O)(=O)NC1CCCC1;CCOc1cccc(S(=O)(=O)NC2CC2CC)c1;CCN(CC)C(=O)c1ccc(CS(C)(=O)=O)cc1
m_f8ef30,CCc1cccc(CC)c1N(COC)C(=O)CCl;C=CCCS(=O)(=O)N1CCCc2c(cnn2C)C1;Cc1nc(CCNC(=O)N2CCOCC2C)cs1;Cc1ncc(CN(C)C(=O)NCC2CCCO2)s1;CC1CCCN(c2ncccc2S(N)(=O)=O)CC1;Cc1noc(C(C)SCC(=O)NC2CCCC2)n1;CNS(=O)(=O)c1ccc(N2CCCCCC2)nc1;CCc1ncc(C(=O)NCCN2CCOCC2)s1;CCc1nc(NC(=O)NCC2CCCO2)sc1C;Cc1cc2c(cn1)C(=Cc1ccccc1)c1ccccc1-2;CCC(NC(=O)C1CCOC1)c1cc(F)ccc1F;CCc1csc(NC(=O)NC(C)C2CCCO2)n1;CCOCC1CCN(C(=O)NCc2nccs2)C1;Cc1cnc(CCNC(=O)NCC(O)C2CC2)s1;Cc1ncsc1CN(C)C(=O)NCC1CCCO1;CCc1csc(C(C)NC(=O)C(C)NC(C)=O)n1;CC(C)(CNC(=O)NCCc1cccs1)C(N)=O;CNS(=O)(=O)c1ccccc1N1CCC(N)CC1;CC(C)OC1CC(NC(=O)c2cccc(F)c2F)C1;O=S1(=O)CCc2nnc(CC3CCCC3)n2CC1;CC(CO)(NC(=O)Cc1cccc(F)c1F)C1CC1;CCc1nnsc1C(=O)N1CC(C)OC(C)(C)C1;CC(C)c1cc(N2CCCS(=O)(=O)CC2)ncn1;CC(C)(C)OC(=O)N1CCCC1c1csc(N)n1;CCNc1ncc(C(=O)NC2CCCCC2O)s1
m_2f9ab1,CC(C)(C)NC(=O)Nc1cc(C(=O)O)ccc1Cl;NC(=O)CC1CCN(C(=O)c2ccc(Cl)o2)CC1;COC1CC(CO)N(C(=O)c2ccc(Cl)cn2)C1;Cn1cc(Cl)cc1C(=O)N1CCCC(C(=O)O)C1;Cn1cc(Cl)cc1C(=O)N1CCC(C)(C(=O)O)C1;CCNC(=O)CNC(=O)c1cc(Cl)c(O)cc1C;Cn1cc(Cl)cc1C(=O)N1CCC(C(=O)O)CC1;NC(=O)Nc1cc(Cl)ccc1OCC1CCOC1;CC(C)(C)NC(=O)Nc1ccc(Cl)c(C(=O)O)c1;Cn1cc(Cl)cc1C(=O)N1CCCCC1C(=O)O;Cn1cc(Cl)cc1C(=O)NC1(C(=O)O)CCCC1;O=C(NCCCN1CCCC1=O)c1ccc(Cl)o1;Cn1cc(Cl)cc1C(=O)NC(C)(C(=O)O)C1CC1;CCOC(=O)CNc1cc(NC(C)=O)ccc1Cl;CC(C)c1cc(NS(=O)(=O)c2cnn(C)c2)no1;Cc1nn(C)cc1S(=O)(=O)NCc1ocnc1C;Cn1c(=O)oc2c(C(=O)Nc3cnccn3)cccc21;COC(=O)C1(C)CCN(C(=O)Nc2nncs2)C1;CC(C)c1noc(Cn2ccnc2S(C)(=O)=O)n1;O=[N+]([O-])c1ccc(NCc2ccccc2)c2nonc12;COC(=O)CC1(NC(=O)Nc2nncs2)CCC1;CCc1cccc(CC)c1N(COC)C(=O)CCl;CCc1cccc(CC)c1N(COC)C(=O)CCl;CCc1cccc(CC)c1N(COC)C(=O)CCl;CCc1cccc(CC)c1N(COC)C(=O)CCl
m_773a95,CCC(CC#N)NS(=O)(=O)c1c(C)cccc1F;CCC(CC#N)NS(=O)(=O)c1ccc(C)c(F)c1;CCN(CCC#N)S(=O)(=O)c1ccc(C)c(F)c1;CCCS(=O)(=O)N(C)Cc1ccc(F)cc1C#N;CC(C)C(Sc1ccccc1F)C(=O)NC(N)=O;CC1(C)CN(C(=O)c2cncc(F)c2)CC[S+]1[O-];CC1CN(C(=O)c2cncc(F)c2)CC[S+]([O-])C1;Cc1cccc(Oc2ncnc3sc(C)c(C)c23)c1;Cc1ccc(-c2nc(-c3c(C)noc3C)cs2)cc1;CC(C)(C#N)c1ccc(NC(=O)c2cccs2)cc1;N#CCc1ccc(NC(=O)CCc2ccsc2)cc1;O=C1CCc2cc(-c3csc(C4CC4)n3)ccc2N1;O=C(Nc1nccs1)C1CC12CCc1ccccc12;Cc1cccc(-c2nc(-c3c(C)noc3C)cs2)c1;Cc1ccccc1Oc1ncnc2sc(C)c(C)c12;O=C1CN(C(=O)COc2ccc(F)cc2F)CCN1;O=C1CCC(C(=O)Nc2ccc(OC(F)F)cc2)N1;CC(C)(C)NC(=O)Nc1cc(C(=O)O)ccc1Cl;CC(C)(C)NC(=O)Nc1cc(C(=O)O)ccc1Cl;CC(C)(C)NC(=O)Nc1cc(C(=O)O)ccc1Cl;CC(C)(C)NC(=O)Nc1cc(C(=O)O)ccc1Cl;CC(C)(C)NC(=O)Nc1cc(C(=O)O)ccc1Cl;CC(C)(C)NC(=O)Nc1cc(C(=O)O)ccc1Cl;CC(C)(C)NC(=O)Nc1cc(C(=O)O)ccc1Cl;CC(C)(C)NC(=O)Nc1cc(C(=O)O)ccc1Cl
m_70464b,CCCN(C(=O)c1ccoc1)C1CCS(=O)(=O)C1;COc1ccccc1S(=O)(=O)NC1CCCOC1;COc1cc(C)ccc1S(=O)(=O)N1CCOCC1;COCc1cccc(S(=O)(=O)NC2CCOC2)c1;COc1ccc(S(=O)(=O)N2CCCC2)cc1OC;COc1ccc(S(=O)(=O)N2CCOCC2)c(C)c1;Cc1occc1C(=O)N1CCS(=O)(=O)C(C)(C)C1;COCC(C)N(C(=O)C(=O)O)c1c(C)csc1C;CCOc1ccc(S(=O)(=O)N2CCOCC2)cc1;Cc1occc1C(=O)N1CCS(=O)(=O)C(C)C1C;CC(C)(C)OC(=O)NC(CC(=O)O)c1ccsc1;O=C(O)C1CC(NC(=O)C2CC3CCC2O3)CS1;Cc1cc(C)c(C)c(S(=O)(=O)NCC(=O)O)c1C;CCN(CC)S(=O)(=O)c1cc(C(=O)O)ccc1C;CCN(CCO)S(=O)(=O)c1ccc2c(c1)CCO2;CC(C)c1ccc(C(=O)O)cc1S(=O)(=O)N(C)C;Cc1cc(C)c(S(=O)(=O)NCCC(=O)O)c(C)c1;COCCS(=O)(=O)N1CCOc2cc(C)ccc21;Cc1ccc(C)c(S(=O)(=O)NCCCC(=O)O)c1;CC(C)CN(CC(=O)O)S(=O)(=O)c1ccccc1;COc1cc(CNC(CCS)C(=O)O)ccc1O;C=CCSCC(NCc1ccc(CO)o1)C(=O)O;CC(C)CC(NS(=O)(=O)c1ccccc1)C(=O)O;Cc1ccc(C)c(CSc2ccc3nnnn3n2)c1;Cn1cnc2c1CCN(c1ncnc3ccsc13)C2
m_d56a4e,CC1(C)CCc2nnc(C(=O)Nc3ccccn3)n2C1;C#CCn1cc(CN(C)c2cc(OCC)ncn2)cn1;CC1CNCCN1C(=O)c1cc(-n2cccn2)ccn1;O=C(Nc1ccccn1)c1nnc2n1CCCCCC2;O=C(Nc1ccnn1CC1CC1)c1cc(C2CC2)[nH]n1;Cc1ccn(-c2ccc(N3CC4CC4(CO)C3)nn2)n1;N#Cc1ncccc1N1CCCC(N2CCNC2=O)C1;Cn1ccnc(N2CCN(c3ccccn3)CC2)c1=O;CC1CN(C(=O)c2cc(-n3cccn3)ccn2)CCN1;O=C(Cn1cnnn1)NCC1CCCc2ccccc21;Cn1c(CNC(=O)c2ccncc2)nnc1C1CCC1;Cc1cnc(C(=O)NCC2CCn3ccnc3C2)cn1;Cc1ccn(-c2ccc(NCC3C4COCC34)nn2)n1;N#Cc1ccncc1N1CCCC(N2CCNC2=O)C1;CC(C)(CN)c1nc(Cn2cnc3ccccc32)no1;N#Cc1ncccc1N1CCC(N2CCNC2=O)CC1;Nc1ccc(-c2cnc(N3CCCC(O)C3)nc2)cn1;Cc1nnc2c3ccccc3c(NC(C)CCO)nn12;CCC1C(=O)N(C)CCN1c1ccc2nccnc2n1;Cc1c(NC(=O)c2ccnnc2)cnn1C1CCCC1;NC(=O)C1CCCN1Cc1ncn(-c2ccccc2)n1;Cc1nc(O)c2c(n1)CN(c1nc(C)nc(C)c1C)C2;CC(C)C1CN(C(=O)C2CCC(C(=O)O)O2)CCO1;c1cn(-c2cc(N3CCC4(CCOC4)C3)ncn2)cn1;CC#CCNC(=O)c1c(C)nn(C)c1-n1ccnc1C
m_7108be,COC1CC(CO)N(C(=O)COC2CCCCC2)C1;COCC1CC(OC)CN1C(=O)C1CCC(O)CC1;COC1CC(CO)N(C(=O)CC2(O)CCCCC2)C1;CC(C)(C)OC(=O)NC(CC(=O)O)C1CCCCC1;CCCCCC=CC(C)C(O)C(=O)NC(C)C(=O)O;CCOC(=O)C1CCCCC1NC(=O)OC(C)(C)C;CC(C)(C)OC(=O)NCC1(CC(=O)O)CCCCC1;CCCCCCCCCC(=O)N=C(CCO)C(=O)O;CCCCCCC(O)CC(=O)N1CCCC1C(=O)O;COCC1COCCN1C(=O)C1OCCC1C(C)C;CC(NC(=O)OC(C)(C)C)C1CCC(C(=O)O)CC1;CCOC(=O)C1CCN(C(=O)COC(C)CC)CC1;CC(C)=CCCC(C)CNC(CCC(=O)O)C(=O)O;CC1CCCC(OCC(=O)NC(C(=O)O)C(C)C)C1;CC1CCC(CCC(=O)NC(C(=O)O)C(C)(C)C)O1;CC1CCC(OCC(=O)NC(C)C(C)C(=O)O)CC1;C=CCCCCCCCCC(=O)NC(CO)C(=O)O;CC(C)(C)OC(=O)NC(CC1CCCCC1)C(=O)O;CCCCCCCC(O)CC(=O)NC1CCOC1=O;CCCCCCCCC=CC(=O)NC(CO)C(=O)O;CCCCCC=CCCCNC(CC(=O)O)C(=O)O;CCCCCCCC(=O)C(C)N=C(O)CCC(=O)O;CCc1cc(NCC(C)CN)nc(-c2ccncc2)n1;CCc1nnc2ccc(NCCC3=CCCCC3)nn12;N#Cc1ccc(N2CCC(N3CCCCC3)C2)nc1N
m_9f1fb6,CCNC(=O)N1CCC(CN(CCO)C(C)C)CC1;CCC1CN(CCC(=O)N(C)C)CCN1CCOC;CCC(O)CN(C)CC1CCN(CC(=O)NC)CC1;CCN(CCNC(=O)N1CC(C)OC(C)C1)C(C)C;CC(C)CCN1CCC(CNC(=O)NCCO)CC1;CC(C)N(C)CC(=O)N1CCN(CC(C)(C)O)CC1;COC1CC(CO)N(C(=O)COC2CCCCC2)C1;COC1CC(CO)N(C(=O)COC2CCCCC2)C1;COC1CC(CO)N(C(=O)COC2CCCCC2)C1;COC1CC(CO)N(C(=O)COC2CCCCC2)C1;COC1CC(CO)N(C(=O)COC2CCCCC2)C1;COC1CC(CO)N(C(=O)COC2CCCCC2)C1;COC1CC(CO)N(C(=O)COC2CCCCC2)C1;COC1CC(CO)N(C(=O)COC2CCCCC2)C1;COC1CC(CO)N(C(=O)COC2CCCCC2)C1;COC1CC(CO)N(C(=O)COC2CCCCC2)C1;COC1CC(CO)N(C(=O)COC2CCCCC2)C1;COC1CC(CO)N(C(=O)COC2CCCCC2)C1;COC1CC(CO)N(C(=O)COC2CCCCC2)C1;COC1CC(CO)N(C(=O)COC2CCCCC2)C1;COC1CC(CO)N(C(=O)COC2CCCCC2)C1;COC1CC(CO)N(C(=O)COC2CCCCC2)C1;COC1CC(CO)N(C(=O)COC2CCCCC2)C1;COC1CC(CO)N(C(=O)COC2CCCCC2)C1;COC1CC(CO)N(C(=O)COC2CCCCC2)C1
m_e1bfd4,Cc1cn(CC(O)COc2cccc3[nH]ccc23)nn1;CCc1cccnc1-c1noc(C2CN(C(C)=O)C2)n1;O=C(NC1CCCOC1c1ccncc1)c1cc[nH]n1;NC(=O)C1CCCN(C(=O)c2n[nH]c3ccccc23)C1;O=c1cc(C2CCC2)ncn1Cc1nc(C2CC2)no1;O=C(Nc1cnn2ccccc12)N1CC2C(CO)C2C1;COc1cccc(C(=O)NCCNc2cnccn2)c1;CC1COCCN1C(=O)c1cnn(-c2cccnc2)c1;Cc1noc(CNc2ccccc2N2CCCC2=O)n1;Cc1cn2ccc(C(=O)NC3(C)CCNC3=O)cc2n1;Cc1ccn(Cc2noc(CC(C)C)n2)c(=O)c1C#N;O=C(c1cccnc1O)N1CCCC(c2ccn[nH]2)C1;O=C(Nc1cc(C2CCCC2)[nH]n1)c1ccc(O)nc1;CNC(=O)c1ccc(CNc2nccc(OC)n2)cc1;CCC(=O)Nc1cccc(C(=O)Nc2ccn(C)n2)c1;Cc1ccc(-c2nnco2)cc1NC(=O)N1CCCC1;Cc1cc(C)cc(NC(=O)C(=O)Nc2ccn(C)n2)c1;CC(=O)NCC(=O)Nc1ccccc1-n1nccc1C;NC(=O)c1ccc(-c2noc(C3CCCCC3)n2)cn1;CNC(=O)c1ccc(C)c(NC(=O)c2ccnn2C)c1;CNC(=O)Cc1ccc(NC(=O)c2cnn(C)c2)cc1;C=CCNC(=O)c1ccc(NCc2cc(C)on2)nc1;Cc1cc(NC(=O)N2CCCC2c2cccnc2)no1;O=C(NOCc1cccnc1)C1CCCc2cn[nH]c21;CN(CC(=O)NCc1cccc(O)c1)c1cnccn1
m_20b8f2,O=C(NOCc1cccnc1)C1CCCc2cn[nH]c21;Cn1cc(C2CCCN2CCCS(N)(=O)=O)cn1;CC1(C(=O)Nc2cc3cc[nH]c3cn2)CCC(=O)NC1;CN1CCC(N(C)c2nc(-c3ccccc3)no2)C1=O;Cc1ccc(-c2nnco2)cc1NC(=O)N1CCCC1;COc1ccc(NC(=O)NCc2ccc(C)nc2)cn1;CC(N)C1CCCCN1S(=O)(=O)c1cnn(C)c1;Cc1cc(C(=O)Nc2ccc(N3CCCC3)nc2)no1;Cc1cc(C)cc(NC(=O)C(=O)Nc2ccn(C)n2)c1;COc1ncccc1CNC(=O)Nc1ccncc1C;Cn1ncnc1CN1Cc2ccccc2C(C(=O)O)C1;Cc1ccc(C(=O)Nc2ccn(CCC(N)=O)n2)cc1;COc1ncc(NCc2cccnc2C)cc1C(N)=O;CCN1CCN(c2oc(-c3ccco3)nc2C#N)CC1;CC1CN(c2nc(-c3ccccc3)no2)CC(=O)N1C;CC(C)N(C(=O)CSc1n[nH]c(=O)n1C)C(C)C;CN(CC(=O)NC1CC1)c1nc(-c2ccccc2)no1;Cc1ccccc1C(=O)NCCNC(=O)c1ccn[nH]1;COC1CCN(C(=O)c2cccc(-n3ccnn3)c2)C1;Cc1nc(S(=O)(=O)NCCC2CCCN2)cn1C;Cc1nnc(-c2ccc(NC(=O)N3CCCC3)cc2)o1;CC(C)Nc1ncccc1C(=O)Nc1ncccc1O;CC(=O)NCC(=O)Nc1ccccc1-n1nccc1C;CC1COCCN1C(=O)c1cnn(-c2cccnc2)c1;Cc1cc(NC(=O)N2CCCC2c2cccnc2)no1
m_78c402,c1ccc2c3ccn4cc5c(cc4c-3nc2c1)CCCC5;CC(C)CS(=O)(=O)N1CCCC1c1nncn1C;Cc1cnn(C)c1S(=O)(=O)NC1CCCNC1C;CCc1nc2n(n1)CC(NCCS(C)(=O)=O)CC2;CCn1cc(S(=O)(=O)NC(CN)C2CC2)nc1C;CCn1cc(S(=O)(=O)N2CC(N(C)C)C2)nc1C;CC(C)N(C(=O)CSc1n[nH]c(=O)n1C)C(C)C;Cc1nc(C)n(CC2CCCN(S(C)(=O)=O)C2)n1;Cc1nc(S(=O)(=O)NC2CCNCC2C)cn1C;CNCC1CCCN(S(=O)(=O)c2cnn(C)c2)C1;CC1CCCN(S(=O)(=O)c2cnn(C)c2)C1CN;Cc1nc(S(=O)(=O)NCCC2CCCN2)cn1C;Cn1cc(C2CCCN2CCCS(N)(=O)=O)cn1;CN1CCCC(N(C)S(=O)(=O)c2cn(C)cn2)C1;Cc1nn(C)c(C)c1S(=O)(=O)NC1CCCNC1;CCN(CC)C(=O)CSc1nncn1CCOC;COCCc1nsc(N2CCN(C)C(CO)C2)n1;CC(N)C1CCCN(S(=O)(=O)c2cnn(C)c2)C1;CC(N)C1CCCCN1S(=O)(=O)c1cnn(C)c1;CCCS(=O)(=O)N1CCCC(Cn2cncn2)C1;CN(C)S(=O)(=O)C1CCCN(Cc2ncc[nH]2)C1;CC1CCN(S(=O)(=O)N(C)Cc2cnn(C)c2)C1;NC(=O)CNC(Cc1ccccc1)c1ccccc1F;Cc1[nH]ncc1CNS(=O)(=O)N1CCCCC1C;CC(C)(O)CNC(=O)NCCc1cc(F)ccc1F
m_2efd6f,COc1cc(S(=O)(=O)N2CCCCC2)ccc1F;CCS(=O)(=O)C(C)C(=O)Nc1cc(F)ccc1C;Cc1cc(S(=O)(=O)NC2CCOC2)cc(C)c1F;O=S(=O)(Cc1ccccc1F)NCC1(CO)CC1;COc1ccc(F)cc1S(=O)(=O)N1CCCCC1;CCCNC(=O)CCS(=O)(=O)c1ccc(F)cc1;C=C(C)CN(C)S(=O)(=O)c1ccc(F)c(OC)c1;Cc1cc(F)ccc1S(=O)(=O)N1CCC(O)CC1;CC(C)(CNC(=O)c1cccc(F)c1)S(C)(=O)=O;Cc1cc(S(=O)(=O)N(CCO)C2CC2)ccc1F;CCCS(=O)(=O)CC(=O)Nc1cccc(F)c1C;CCS(=O)(=O)CCNC(=O)c1cc(C)ccc1F;Cn1cc(NC(=O)Cn2ccc(C(F)(F)F)n2)cn1;N=C(O)C[S+]([O-])C(c1ccccc1)c1ccccc1;COc1cccc(SCc2cccc(C(N)=O)c2)c1;COc1cccc(SCc2ccc(C(N)=O)cc2)c1;CNC(=O)c1cccc(CSc2ccccc2O)c1;COc1ccc(SCc2ccc(C(N)=O)cc2)cc1;Cc1ccc(C(=O)Cc2ccc([S+](C)[O-])cc2)cn1;CNC(=O)c1ccc(CSc2ccccc2O)cc1;c1ccc2c3ccn4cc5c(cc4c-3nc2c1)CCCC5;c1ccc2c3ccn4cc5c(cc4c-3nc2c1)CCCC5;c1ccc2c3ccn4cc5c(cc4c-3nc2c1)CCCC5;c1ccc2c3ccn4cc5c(cc4c-3nc2c1)CCCC5;c1ccc2c3ccn4cc5c(cc4c-3nc2c1)CCCC5
m_e5b5fa,CC1(C)Cc2[nH]ncc2CN(CCOCC(F)F)C1;O=C(NCCC1CCCC1(F)F)N1CC2CC1CN2;N#Cc1cc(F)ccc1N1CCC(N2CCCC2)CC1;COc1cc(S(=O)(=O)N2CCCCC2)ccc1F;COc1cc(S(=O)(=O)N2CCCCC2)ccc1F;COc1cc(S(=O)(=O)N2CCCCC2)ccc1F;COc1cc(S(=O)(=O)N2CCCCC2)ccc1F;COc1cc(S(=O)(=O)N2CCCCC2)ccc1F;COc1cc(S(=O)(=O)N2CCCCC2)ccc1F;COc1cc(S(=O)(=O)N2CCCCC2)ccc1F;COc1cc(S(=O)(=O)N2CCCCC2)ccc1F;COc1cc(S(=O)(=O)N2CCCCC2)ccc1F;COc1cc(S(=O)(=O)N2CCCCC2)ccc1F;COc1cc(S(=O)(=O)N2CCCCC2)ccc1F;COc1cc(S(=O)(=O)N2CCCCC2)ccc1F;COc1cc(S(=O)(=O)N2CCCCC2)ccc1F;COc1cc(S(=O)(=O)N2CCCCC2)ccc1F;COc1cc(S(=O)(=O)N2CCCCC2)ccc1F;COc1cc(S(=O)(=O)N2CCCCC2)ccc1F;COc1cc(S(=O)(=O)N2CCCCC2)ccc1F;COc1cc(S(=O)(=O)N2CCCCC2)ccc1F;COc1cc(S(=O)(=O)N2CCCCC2)ccc1F;COc1cc(S(=O)(=O)N2CCCCC2)ccc1F;COc1cc(S(=O)(=O)N2CCCCC2)ccc1F;COc1cc(S(=O)(=O)N2CCCCC2)ccc1F
m_62973b,CCn1c(SC(C)C2CC2)nnc1-c1cnccn1;Cc1cc(N2CCN(c3nccs3)CC2)nc(C)n1;CC1COCCN1C(=O)C1(S(C)(=O)=O)CCCC1;O=C(NS(=O)(=O)CC1CCCCO1)C1CCCC1;COC1CCN(C(=O)C(C)(C)S(=O)(=O)C2CC2)C1;CC(C(=O)NC1CCCC1)S(=O)(=O)C1CCOC1;COC1CCCC1NC(=O)C1(S(C)(=O)=O)CCC1;O=C(NCc1nc(-c2ccc(F)cc2)n[nH]1)NC1CC1;O=C(CS(=O)(=O)C1CCOCC1)N1CCCCC1;COC1CC(N(C)S(=O)(=O)C2COC2)C12CCC2;C=CCNC(=O)NCc1nc(-c2ccc(F)cc2)n[nH]1;CNCCN(Cc1ccc(Cl)cc1)c1ccccn1;CCOC(=O)C1CN(C(=O)OC(C)(C)C)CCS1;COCC1(C(=O)N2CCCS(=O)(=O)CC2)CCC1;CC1CC(C)C(C(=O)NC2(C)CCS(=O)(=O)C2)O1;COc1ccc(Cc2nnnn2CCCC#N)cc1F;O=C(c1cn[nH]n1)N1CCN(c2ccc(F)cc2)CC1;CC1(C(=O)N2CCC(CS(C)(=O)=O)CC2)COC1;O=C(O)C1CCN(S(=O)(=O)CC2CCCCC2)C1;C=CCSCC(NC(CC(C)C)C(=O)O)C(=O)O;CC1(C)Cc2[nH]ncc2CN(CCOCC(F)F)C1;CC1(C)Cc2[nH]ncc2CN(CCOCC(F)F)C1;CC1(C)Cc2[nH]ncc2CN(CCOCC(F)F)C1;CC1(C)Cc2[nH]ncc2CN(CCOCC(F)F)C1;CC1(C)Cc2[nH]ncc2CN(CCOCC(F)F)C1
m_7d4c58,CCc1ccnc(C(=O)N2CCC(NC(N)=O)CC2)c1;CNc1cnc(C(=O)N2CCOC3(CCCC3)C2)cn1;CC#CCCCC(=O)Nc1c(C(N)=O)n[nH]c1C(C)C;NC(=O)c1cc(NC(=O)C2CCCNC2C2CC2)c[nH]1;NC(=O)C(O)C1CCN(c2ccnc(C3CC3)n2)CC1;CCCc1nccn1Cc1noc(C2CCOCC2)n1;Cn1cc(CN2CCCC(O)(CC(N)=O)C2)cc1C#N;CC(=O)N1CC(C(=O)NC2CCCc3nn(C)cc32)C1;CNc1ccccc1C(=O)N1CCC(NC(N)=O)CC1;Cc1cc(N2CCCC(O)(C(N)=O)C2)nc(C2CC2)n1;CCc1nn(C)cc1NC(=O)N(C)C(C)c1ccco1;COc1ncnc2c1CN(C1CCCCNC1=O)CC2;Cc1nc(N2CCOCC2)ccc1NC(=O)C1(N)CC1;CC(C)c1cc(=O)n(Cc2nc(C(C)(C)C)no2)cn1;CCc1noc(C)c1CNC(=O)c1ccn(C(C)C)n1;Cc1occc1CN(C)C(=O)NC(C)c1cnn(C)c1;Cc1nc(N2CC3CCN(C)CC3C2)ccc1[N+](=O)[O-];Cc1cc(NC(=O)N2CCC3CCC(O)C32)nnc1C;NC(=O)CC1CCCCN1C(=O)c1cc(C2CC2)[nH]n1;Cc1cnn(-c2cccc(N(CCO)CCCO)n2)c1;CCOC1CC(NC(=O)c2nccnc2N)C12CCC2;CCn1cc(C(=O)N2CC(=O)NC3CCCCC32)cn1;COC1CC(C(N)=O)N(c2cc(C)nc(C3CC3)n2)C1;O=C(NCc1ncccn1)N1CCC2(CCOCC2)C1;COCc1ccnc(NC(=O)N2CC3CCC3(N)C2)c1
m_0f05e7,Cc1cc(C(=O)NCC2CCCO2)c(C(F)(F)F)o1;COc1cccc(CNC(=O)c2cc(F)ccc2F)c1;CN(CC(O)CO)C(=O)c1ccc(C(F)F)c(F)c1;COc1cc(C(=O)NCC(F)(F)F)cc(OC)c1C;COc1ccc(C(=O)N(C)CC(O)C(F)(F)F)cc1;COc1ccc(C(NC(=O)C(C)O)C(F)(F)F)cc1;COCc1cccc(C(=O)Nc2ccc(F)c(F)c2)c1;CC(C(=O)O)N(C)Cc1cccc(OC(F)(F)F)c1;Cc1cc(C(=O)N2CC(C)(CO)C2)c(C(F)(F)F)o1;COCC(=O)NC(C)c1ccc(OC(F)(F)F)cc1;CCc1ccnc(C(=O)N2CCC(NC(N)=O)CC2)c1;CCc1ccnc(C(=O)N2CCC(NC(N)=O)CC2)c1;CCc1ccnc(C(=O)N2CCC(NC(N)=O)CC2)c1;CCc1ccnc(C(=O)N2CCC(NC(N)=O)CC2)c1;CCc1ccnc(C(=O)N2CCC(NC(N)=O)CC2)c1;CCc1ccnc(C(=O)N2CCC(NC(N)=O)CC2)c1;CCc1ccnc(C(=O)N2CCC(NC(N)=O)CC2)c1;CCc1ccnc(C(=O)N2CCC(NC(N)=O)CC2)c1;CCc1ccnc(C(=O)N2CCC(NC(N)=O)CC2)c1;CCc1ccnc(C(=O)N2CCC(NC(N)=O)CC2)c1;CCc1ccnc(C(=O)N2CCC(NC(N)=O)CC2)c1;CCc1ccnc(C(=O)N2CCC(NC(N)=O)CC2)c1;CCc1ccnc(C(=O)N2CCC(NC(N)=O)CC2)c1;CCc1ccnc(C(=O)N2CCC(NC(N)=O)CC2)c1;CCc1ccnc(C(=O)N2CCC(NC(N)=O)CC2)c1
m_b0ce2a,CCc1cncc(C(=O)N2CC(OC)CC2C(N)=O)c1;CNC(=O)C1CCCCN1C(=O)c1ccc(C)[nH]c1=O;CN1CCC2OCCN(C(=O)c3ncccc3O)C2C1;Cc1cnc(C(=O)N2CCOCC2CC(N)=O)c(C)c1;CC(C)c1cccc(C(=O)N2CCC(O)(C(N)=O)C2)n1;COc1cnc(C(=O)N2CCCC(O)(C3CC3)C2)nc1;COC(=O)C1CCN(C(=O)c2cc(C3CC3)[nH]n2)CC1;CCn1cc(C(=O)N2CCC3(CC2)CC3C(=O)O)cn1;COCc1cc(=O)n(Cc2ncc(C(C)(C)C)o2)cn1;CNC(=O)C1(COC)CCCN1C(=O)c1ccncc1;CCOc1ncnc2c1CN(C(C(=O)O)C1CC1)CC2;Cc1[nH]ncc1C(=O)N1C(C(=O)O)CC2CCCCC21;COc1ccc(CNC(=O)CN2CCNC(=O)C2)cc1;CNC(=O)c1ccc(C(=O)NC2COCC2(C)C)cn1;CN(C)c1ccc(C(=O)N2CCCC(C(=O)O)C2)cn1;CC1(C)CC2CN(C(=O)Cc3cc(=O)[nH]c(=O)[nH]3)CC21;Cn1cc(CCC(=O)NC2CC(C(=O)O)C3CC23)cn1;CN(CC1CC=CCC1)C(=O)Cn1cc(C(=O)O)cn1;CCOc1ncccc1C(=O)N1CCNC(=O)CC1C;CCC(CNC(=O)c1ccc2c(n1)CNCC2)C(=O)O;Cc1nc(C)c(C(=O)N2CC(C)C(C(=O)O)C2)nc1C;CNC(=O)c1ccc(NC(=O)C2CCCOC2C)nc1;Cc1cnn(CCC(=O)NC2CC(C(=O)O)C3CC23)c1;CN1CCC2OCCN(C(=O)c3cncc(O)c3)C2C1;COc1ncc(NC(=O)C2CCCCC2)cc1C(N)=O
m_79cf07,CC(C)c1cccc(C(=O)N2CCC(O)(C(N)=O)C2)n1;COc1cnc(C(=O)N2CCCC(O)(C3CC3)C2)nc1;COC(=O)C1CCN(C(=O)c2cc(C3CC3)[nH]n2)CC1;Cc1cnc(C(=O)N2CCOCC2CC(N)=O)c(C)c1;Cc1[nH]ncc1C(=O)N1C(C(=O)O)CC2CCCCC21;CCn1cc(C(=O)N2CCC3(CC2)CC3C(=O)O)cn1;COc1ncc(NC(=O)C2CCCCC2)cc1C(N)=O;CN1CCC2OCCN(C(=O)c3cncc(O)c3)C2C1;CNC(=O)C1(COC)CCCN1C(=O)c1ccncc1;COCc1cc(=O)n(Cc2ncc(C(C)(C)C)o2)cn1;CCOc1ncnc2c1CN(C(C(=O)O)C1CC1)CC2;CCc1cncc(C(=O)N2CC(OC)CC2C(N)=O)c1;CCOc1ccc(C(=O)N2CCCC(C(N)=O)C2)cn1;CCOc1cccc(CC(=O)NC2(C)CCNC2=O)n1;COC(=O)c1ccc(N2CC(C)OC(C3CC3)C2)nn1;Cc1ncc(C(=O)NC2CC(C(=O)O)C2)c(C(C)C)n1;CN(C)c1ccc(C(=O)N2CCCC(C(=O)O)C2)cn1;CC1(C)CC2CN(C(=O)Cc3cc(=O)[nH]c(=O)[nH]3)CC21;Cc1nc(CN2CCN(c3ncc(F)cn3)CC2)n[nH]1;CNC(=O)c1ccc(C(=O)NC2COCC2(C)C)cn1;COc1ccc(CNC(=O)CN2CCNC(=O)C2)cc1;CNC(=O)c1ccc(NC(=O)C2CCCOC2C)nc1;CN(CC1CC=CCC1)C(=O)Cn1cc(C(=O)O)cn1;Cc1nc(C)c(C(=O)N2CC(C)C(C(=O)O)C2)nc1C;Cc1cnn(CCC(=O)NC2CC(C(=O)O)C3CC23)c1
m_e138be,Cn1c(N2CCCCC(CO)C2)nc2c(F)cccc21;CC(O)CN1CCN(Cc2ccc(F)cc2C#N)CC1;CC(C)c1nnc(CNC(C)(C)c2ccc(F)cc2)o1;COCCN1CCN(c2cccc(F)c2C#N)CC1C;CCn1c(CN2CCC(O)CC2)nc2cc(F)ccc21;CC1CN(c2ccccc2F)CCN1C(=O)NC1CC1;CCN(CC)CCNc1nc2c(C)ccc(C)c2s1;CC(O)CN1CCN(c2cccc(F)c2C#N)CC1C;CC(C)C(Nc1ncnc2ccc(F)cc12)C(C)(C)O;CC(O)CN1CCN(Cc2cc(C#N)ccc2F)CC1;CC(C)C1c2ccccc2CCN1c1cccc(C#N)n1;CCN(Cc1nc(C(C)(C)C)no1)c1cccc(F)c1;CNc1ccc(C(=O)N2CCCC3CNCC32)cc1F;CCC(CC(C)CO)Nc1ncnc2ccc(F)cc12;CCn1c(CN(CCO)C2CC2)nc2cc(F)ccc21;CC(C)N1CCC(Nc2nc3cc(F)ccc3o2)CC1;CCOC1CCCN(Cc2nc3c(F)cccc3[nH]2)C1;COCCN1CCN(Cc2ccc(F)cc2C#N)CC1;O=C(Nc1ccc(F)nc1)N1CC(C2CCCCC2)C1;Cc1nc(-c2cccc(NCc3ccccc3)c2)[nH]c1C;CN1CCN(C(=O)C2CCC(N)C2)c2ccc(F)cc21;N#Cc1ccc(N2CCC(Cc3ccccc3)CC2)nc1;O=C(Nc1ccc(F)nc1)NC1CCCC(C2CC2)C1;O=C(Nc1cncc(F)c1)NC1CCCC(C2CC2)C1;CC(C)c1cccc(C(=O)N2CCC(O)(C(N)=O)C2)n1
m_e993ec,CC(O)CNC(Cc1c[nH]c2ccc(O)cc12)C(=O)O;Cc1cccc(C(=O)NCC2(C(=O)O)CCOCC2)n1;CC(C)(CC(=O)O)CC(=O)Nc1ccccc1C(N)=O;CC1(NC(=O)NCc2cccc(C(=O)O)c2)CCOC1;COCc1ccccc1C(=O)N1CCOC(C(N)=O)C1;CC1OCCC1NC(=O)NCc1ccc(C(=O)O)cc1;O=C(O)C(Cc1c[nH]c2ccccc12)NCC(O)CO;COCC1(C(=O)O)CCCN1C(=O)c1ccnc(C)c1;CN(Cc1ccc2c(c1)OCO2)C(=O)C1CC(O)CN1;CN(C(=O)NCc1ccc(C(=O)O)cc1)C1CCOC1;CCOc1ncccc1C(=O)N1CCCC(C(=O)O)C1;Cc1cccn(CC(=O)N2CCCC(C(=O)O)C2)c1=O;COc1ncccc1C(=O)NC1(C(=O)O)CCCCC1;COCc1cncc(C(=O)N2CCCC(C(=O)O)C2)c1;CNC(=O)C1CCCN1C(=O)c1cc(OC)ccc1O;O=C(NCC(C(=O)O)C1CCOCC1)c1ccncc1;COCC1(C(=O)O)CCCN1C(=O)c1ncccc1C;CC(C)Oc1cccnc1C(=O)N1CCC(C(=O)O)C1;CC(NC(Cc1c[nH]c2ccccc12)C(=O)O)C(O)O;O=C(O)CCN(CC1CCCO1)C(=O)c1ccncc1;COc1ccc(O)cc1C(=O)N1CCCNC(=O)C1C;CN(CC1CCOCC1)C(=O)c1ccc(C(=O)O)nc1;CCCN(C(=O)c1occc1C)C1CC(=O)N(C)C1=O;Cc1ccn(CC(=O)N2CC(C)C(C(=O)O)C2)c(=O)c1;COCC(=O)N(c1c(C)cccc1C)N1CCOC1=O
m_c772b8,CCCC1(COC)CCCN1C(=O)Nc1cccnn1;CCC1C(=O)NCCN1C(=O)c1cc(C(C)C)n(C)n1;CCC(C(=O)O)N1CCc2nnn(C3CC(C)C3)c2C1;COC1CC(CN2CCCC2)N(C(=O)c2cn[nH]c2)C1;Cn1ccnc1COCC(=O)NC12CCCC1NCC2;COC1CC(C(=O)Nc2cnc(C(C)C)nc2)N(C)C1;COCCC1(C(=O)NCc2nncn2C2CC2)CCC1;CNC(=O)C1(COC)CCCN1Cc1ncc(C)cn1;Cc1noc(C2CCN(C(=O)N(C)C3CCCC3)C2)n1;CN(C)c1cnc(C(=O)NC2CCOC(C)(C)C2)cn1;CCC1CN(C)CCCN1C(=O)c1ncc(OC)cn1;CCCC1(C)C(=O)NCCN1Cc1noc(C2CC2)n1;CCNC(=O)C1(NC(=O)c2c[nH]c(CC)n2)CCCC1;Cc1nccc(NC(=O)N2CCCC(CCO)CC2)n1;CN(C)C(=O)CN1CCN(C(=O)c2cccn2C)CC1;CN(C)C(=O)C(C)(C)NC(=O)c1cc(N(C)C)ccn1;Cc1cc(C(=O)N2CCN(C3CCCC3O)CC2)[nH]n1;Cc1nc(N2CCOCC2)ccc1NC(=O)C(C)(C)N;O=C(NCC1CCCCC1O)C1CCc2[nH]nnc2C1;N=C(NCCCCN)NC(Cc1ccccc1)C(=O)O;Cc1nnc(C2CC(NC(=O)N3CCCCCC3)C2)o1;Cn1cc(N2CCC(NC(=O)CC(C)(C)C)C2=O)cn1;CCCCn1cc(C(=O)NC2CCCNC2=O)c(C)n1;Cc1nc(C)c(CC(=O)N2CC(C)NC(C)C2)c(=O)[nH]1;CC(Cn1cccn1)(NC(=O)C1CCCCC1)C(N)=O
m_0fe9d9,Cc1noc2ncc(C(=O)NCC(C)(O)C(=O)O)cc12;Fc1ccccc1OCCSc1nnc(C2CC2)[nH]1;Fc1cccc(OCCSc2nnc(C3CC3)[nH]2)c1;CC(C)(CC(=O)Nc1cc(C(=O)O)[nH]n1)C(F)(F)F;Cc1ncsc1CNC(=O)NCc1ccc(F)cc1;CCOC(=O)c1cn(C)nc1NC(=O)CC(F)(F)F;COc1ccc(CSc2nc(C)cc(N)n2)cc1F;CC(C)(C)c1nsc(NC(=O)c2cccc(F)c2)n1;Cc1csc(NC(=O)CN(C)c2ccc(F)cc2)n1;CC(CC(=O)Nc1ccn(CC(=O)O)n1)C(F)(F)F;CCCC1(COC)CCCN1C(=O)Nc1cccnn1;CCCC1(COC)CCCN1C(=O)Nc1cccnn1;CCCC1(COC)CCCN1C(=O)Nc1cccnn1;CCCC1(COC)CCCN1C(=O)Nc1cccnn1;CCCC1(COC)CCCN1C(=O)Nc1cccnn1;CCCC1(COC)CCCN1C(=O)Nc1cccnn1;CCCC1(COC)CCCN1C(=O)Nc1cccnn1;CCCC1(COC)CCCN1C(=O)Nc1cccnn1;CCCC1(COC)CCCN1C(=O)Nc1cccnn1;CCCC1(COC)CCCN1C(=O)Nc1cccnn1;CCCC1(COC)CCCN1C(=O)Nc1cccnn1;CCCC1(COC)CCCN1C(=O)Nc1cccnn1;CCCC1(COC)CCCN1C(=O)Nc1cccnn1;CCCC1(COC)CCCN1C(=O)Nc1cccnn1;CCCC1(COC)CCCN1C(=O)Nc1cccnn1
m_b81b9d,COc1ccc(S(=O)(=O)NC(C)C)c2ccccc12;CN(Cc1csc2ccccc12)CC(C)(O)C(=O)O;CSCC(CCO)NC(=O)c1coc2ccccc12;O=C(O)C1CCN(C(=O)c2cc3c(s2)CCCC3)C1;CC1(CNC(=O)c2cccc(C(=O)O)c2)CCCS1;O=S(=O)(NC1CC2CC2C1)c1cccc2c1OCC2;Cc1cscc1C(=O)N1CC2CCC1C(C(=O)O)C2;COc1ccc2cc(S(=O)(=O)NC(C)C)ccc2c1;CC(C(=O)O)N(C)C(=O)C1SCCc2ccccc21;C#CC(C)(C)N(C)S(=O)(=O)c1ccc2c(c1)CCO2;CCOc1ccc2cc(S(=O)(=O)N(C)C)ccc2c1;CCCN(CC(=O)O)C(=O)C1CSc2ccccc21;CCN(CCC(=O)O)C(=O)C1CSc2ccccc21;O=C(Cc1ccsc1)NC1C2CCC(C2)C1C(=O)O;Cc1cc(C(=O)NC(CCO)c2cccs2)c(C)o1;CCCOc1ccc2cc(S(=O)(=O)NC)ccc2c1;O=C(O)CCCNC(=O)C1SCCc2ccccc21;CCC(CO)NS(=O)(=O)c1ccc2ccccc2c1;O=C(Cn1cnnn1)N1CCc2c(F)ccc(F)c2C1;Cc1cscc1C(=O)N1CCC2(CC1)CC2C(=O)O;CC1(C(=O)O)CCN(C(=O)c2sccc2C2CC2)C1;CCOC(=O)C(C)NC(=O)C1Cc2ccccc2S1;O=C(NC1CCCC1C(=O)O)c1cc2c(s1)CCC2;CC(CNC(=O)C1SCCc2ccccc21)C(=O)O;CCNS(=O)(=O)c1ccc(OCC)c2ccccc12
m_23ff71,Cc1cnc(C(NC(=O)N(C)C2CCC2)C2CC2)s1;Cc1nsc(N2CC3(CCOCC3)C3CCCC32)n1;CC(NC(=O)N1CCC2(CCC2)CC1)c1nccs1;CSC(C)C(=O)Nc1cccnc1N1CCCCC1;CCSc1ccc(NC(=O)N2CCCCCC2)cn1;OCc1nnc(SCC23CCC(CC2)C3)n1C1CC1;CC1CN(C(=O)c2[nH]nc3c2CCCC3)CC(C)S1;CC(C1CC1)N(C(=O)NCCc1cscn1)C1CC1;Cc1csc(C(C)NC(=O)NCC2CC=CCC2)n1;Cc1ncc(CN(C)C(=O)NC(C2CC2)C2CC2)s1;O=C(NCCSC1CCCC1)c1cc(C2CC2)[nH]n1;NC(=O)NCCCC(NCC(O)C(O)CO)C(=O)O;COc1ccc(S(=O)(=O)NC(C)C)c2ccccc12;COc1ccc(S(=O)(=O)NC(C)C)c2ccccc12;COc1ccc(S(=O)(=O)NC(C)C)c2ccccc12;COc1ccc(S(=O)(=O)NC(C)C)c2ccccc12;COc1ccc(S(=O)(=O)NC(C)C)c2ccccc12;COc1ccc(S(=O)(=O)NC(C)C)c2ccccc12;COc1ccc(S(=O)(=O)NC(C)C)c2ccccc12;COc1ccc(S(=O)(=O)NC(C)C)c2ccccc12;COc1ccc(S(=O)(=O)NC(C)C)c2ccccc12;COc1ccc(S(=O)(=O)NC(C)C)c2ccccc12;COc1ccc(S(=O)(=O)NC(C)C)c2ccccc12;COc1ccc(S(=O)(=O)NC(C)C)c2ccccc12;COc1ccc(S(=O)(=O)NC(C)C)c2ccccc12
m_e1d7ad,CC(C)CC(N(C)C)C1(c2ccc(Cl)cc2)CCC1;CC(CNC(=O)c1cccc(F)c1)N1CCN(C)CC1;CN1CCN(CCCNC(=O)c2cccc(F)c2)CC1;Cc1ccc2c(c1)c1c3n2CCN(CCC#N)C3CCC1;Cc1cc(N2CCOC(CCF)C2)nc(C2CCC2)n1;CCc1ncnc(N2CCC(C3CCCO3)CC2)c1F;CNC(=O)CN1CCC(NCc2ccccc2F)CC1;CC(C)N(C)CC(=O)Nc1c(F)cccc1NC1CC1;CN1CCC(N(C)C(=O)NCc2ccccc2F)CC1;Cc1cc(F)ccc1N1CCCC(NC(=O)C(C)N)C1;CCCN1CC(CSC)CC2Cc3[nH]ncc3CC21;Cc1ccc2[nH]c(CN(C)Cc3cccnc3)cc2c1C;CC(CN1CCCN(C(N)=O)CC1)c1ccc(F)cc1;CC(C)(C)C1CCN(C(=O)Nc2ccncc2F)CC1;Cc1cnc(C(NC(=O)N(C)C2CCC2)C2CC2)s1;Cc1cnc(C(NC(=O)N(C)C2CCC2)C2CC2)s1;Cc1cnc(C(NC(=O)N(C)C2CCC2)C2CC2)s1;Cc1cnc(C(NC(=O)N(C)C2CCC2)C2CC2)s1;Cc1cnc(C(NC(=O)N(C)C2CCC2)C2CC2)s1;Cc1cnc(C(NC(=O)N(C)C2CCC2)C2CC2)s1;Cc1cnc(C(NC(=O)N(C)C2CCC2)C2CC2)s1;Cc1cnc(C(NC(=O)N(C)C2CCC2)C2CC2)s1;Cc1cnc(C(NC(=O)N(C)C2CCC2)C2CC2)s1;Cc1cnc(C(NC(=O)N(C)C2CCC2)C2CC2)s1;Cc1cnc(C(NC(=O)N(C)C2CCC2)C2CC2)s1
m_bda18e,CCC(C)NC(=O)Cn1cnc2snc(C)c2c1=O;Cc1cc(NC(=O)CCn2c(C)csc2=O)n(C)n1;O=C(Nc1nnc(C2CC2)s1)N1CCC2CC2(O)C1;O=C(Nc1nnc(C2CC2)s1)N1CC2CC(O)C1C2;CCCS(=O)(=O)Nc1[nH]nc(-c2ccncc2)c1C;Cc1ccc(S(=O)(=O)N(C)CCn2cnnc2)cc1;COCc1nc(C(=O)Nc2c(C)nn(C)c2C)cs1;CC(C)NC(=O)c1ccc(Cl)cc1NC(=O)C1CC1;COc1c(C)cnc(CSc2n[nH]c(=O)n2C)c1C;CCN(c1cccnc1)S(=O)(=O)c1cn(C)c(C)n1;CCn1cc(S(=O)(=O)N(C)c2cccc(C)n2)cn1;CCNc1ncc(C(=O)N2CC3CC2(C(N)=O)C3)s1;CCN(c1cccnc1C)S(=O)(=O)c1ccnn1C;CCN(c1ccncc1)S(=O)(=O)c1cn(C)c(C)n1;CCc1n[nH]c(NS(=O)(=O)c2cc(C)ccc2C)n1;O=C(Nc1nc(C2CC2)ns1)N1CCC2(O)CC2C1;CC(=O)Nc1cc(Cl)ccc1C(=O)N1CCCCC1;Cc1cc(Cl)c(C(=O)N2CC(=O)NC(C)C2)cc1C;CC(c1noc(C2CCCO2)n1)c1c(F)cccc1F;CN(Cc1ncnn1C)S(=O)(=O)Cc1ccccc1;N#Cc1cccc(Cl)c1N1CCCC(OCCO)C1;COCc1nc(C)c(C(=O)N(C)c2cnn(C)c2)s1;CCOC(=O)CCC(C)Sc1nc2ncncc2[nH]1;O=c1c2cc(F)c(F)cc2ncn1CC1(O)CCCC1;O=C(C1CC(O)CN1)N1CCc2cc(Cl)ccc2C1
m_aa5754,Cn1c(COC(=O)C2(C)CCCC2)cc(=O)n(C)c1=O;Cc1ccc(C(=O)NCC2(C(=O)O)CCOCC2)n1C;Cc1cc(C(=O)NCC(=O)NC2(C)CCOC2)c(C)o1;Cc1ocnc1C(=O)N1CCCC(C(C)(C)C(=O)O)C1;CCOC(=O)C(NC(=O)OC(C)(C)C)c1ccncc1;COC(=O)C1(N(C)C(=O)c2ncoc2C)CCCCC1;CC(C)(C)OC(=O)Nc1ccc(C(N)CC(=O)O)cc1;Cc1cc(CC(NC(=O)OC(C)(C)C)C(=O)O)ccn1;OCC(O)C(O)CNCCc1c[nH]c2ccc(O)cc12;CN(C)C(=O)CCOC(=O)c1noc2c1CCCCC2;O=C(NCCOc1ccccc1)N1CCOC(CO)C1;O=C(NCc1ccco1)NC1CCOC2(CCOC2)C1;Cc1ccc(C(=O)OC(C)C(=O)NC(C)(C)C)c(=O)[nH]1;COc1cccc(OCC(=O)NCC(C)(C)C(N)=O)c1;Cc1cnc(COCC(=O)N2CCOCC23CCC3)o1;CCC(CC)(CNC(=O)c1cccn(C)c1=O)C(=O)O;CC(C)CC1COCCN1C(=O)c1cc(O)cc(O)n1;CC(C)(C)OC(=O)NC(Cc1cccc(N)c1)C(=O)O;CCC(C)c1cc(C(=O)N2CCCCC2C(=O)O)on1;O=C(NC1CC2(C(=O)O)CC12)N1CCC2CCC(O)C21;CCc1noc(CC)c1CC(=O)N1CCC(C(=O)O)C1;Cc1noc(C)c1C(=O)N1C(C)CCC(C(=O)O)C1C;COCC1CN(C(=O)c2ncccc2O)CC(C)(C)O1;Cc1cc(CCC(=O)N2CCC(CC(=O)O)CC2)no1;COCc1cc(C2CN(C(=O)C3OCCC3C)C2)no1
m_9b41d0,Cc1nccc(CNC(=O)c2ccn(CC(F)F)n2)n1;Cn1ncnc1CNC(=O)NCc1cc(F)cc(F)c1;CC(c1ccc(F)c(F)c1)n1cc(CNC(N)=O)nn1;Cc1ccc(O)c(C(=O)N2CC[S+]([O-])CCC2C)c1;CN(C(=O)C1CCCC1)c1ccccc1S(C)(=O)=O;CCc1ccsc1C(=O)N(CC(C)C(=O)O)C1CC1;CCc1ccsc1C(=O)NC1CCCCC1C(=O)O;CC(C)c1ccsc1C(=O)N1CCCC(C(=O)O)C1;CCc1ccsc1C(=O)NC1CCC(C(=O)O)CC1;CCn1c(SCC(C)(C)F)nnc1-c1cnccn1;O=C(O)CCNC(=O)C1(c2cccs2)CCCCC1;Cc1ccc(S(=O)(=O)CCNC(=O)C2CC2)cc1C;COC(=O)C(C)(C)NC(=O)CSc1ccc(C)cc1;CC(NC(=O)C1(c2cccs2)CCCCC1)C(=O)O;Cc1cccc(C(=O)N2CCS(=O)(=O)C(C)(C)C2)c1;CC(C)c1ccsc1C(=O)N1CCC(C)(C(=O)O)C1;CC1CCCN(S(=O)(=O)c2ccc3c(c2)CCO3)C1;NC1=Nc2nc3ccccc3n2C(c2ccccc2F)N1;C=CCSCC(NCc1ccc(OC)cc1)C(=O)O;COC(=O)C1(NC(=O)c2sccc2C)CCCCC1;N#Cc1ccc(NCCc2nnc3ccccn23)c(F)c1;CC(C)(C(=O)N1CCCC(C(=O)O)C1)c1cccs1;CC1(C(=O)O)CCN(C(=O)C(C)(C)c2cccs2)C1;CN(Cc1cccs1)C(=O)C1CCC(C(=O)O)CC1;Cc1ccc(C(=O)N(C)C2(C)CCS(=O)(=O)C2)cc1
m_93b6a1,C=CCn1c(N)nnc1SCC(=O)NCC1CCC1;Cc1nsc(N2CCCN(C(=O)NC3CC3)CC2)n1;CCN(CC)C(=O)CN(C)c1nn2cc(C)nc2s1;CC(Sc1nnc(N)n1C)c1ncc(C(C)(C)C)o1;CC(C)c1nnc(NC(=O)NCCN2CC=CC2)s1;O=C1NCCCCC1Sc1nnnn1C1CCCC1;C=C1CCN(c2cnn(C(C)(C)C)c(=O)c2Cl)CC1;CC(C)C(C(=O)N(C)C)n1cnc2cc(F)c(F)cc21;CC(C)N1CCC(NC(=O)c2cc(Cl)ccn2)CC1;Cc1ccc(-c2n[nH]cc2CNc2ccccc2F)cc1;CC(C)c1cc(-c2ccc(F)c3ccccc23)nc(N)n1;Cc1cc(CNC2CCN(C(N)=O)CC2)ccc1Cl;CC1CC(C)(C)CCC1NC(=O)c1ncncc1Cl;CC(N)C(=O)N1CCN(Cc2cccc(Cl)c2)CC1;CCCCC(=O)N1CCN(c2ccc(Cl)cn2)CC1;Cc1nccc(CNC(=O)c2ccn(CC(F)F)n2)n1;Cc1nccc(CNC(=O)c2ccn(CC(F)F)n2)n1;Cc1nccc(CNC(=O)c2ccn(CC(F)F)n2)n1;Cc1nccc(CNC(=O)c2ccn(CC(F)F)n2)n1;Cc1nccc(CNC(=O)c2ccn(CC(F)F)n2)n1;Cc1nccc(CNC(=O)c2ccn(CC(F)F)n2)n1;Cc1nccc(CNC(=O)c2ccn(CC(F)F)n2)n1;Cc1nccc(CNC(=O)c2ccn(CC(F)F)n2)n1;Cc1nccc(CNC(=O)c2ccn(CC(F)F)n2)n1;Cc1nccc(CNC(=O)c2ccn(CC(F)F)n2)n1
m_80401f,CSCc1cc(C(=O)N2CCCC(N)C2)ccc1F;CSCc1cc(C(=O)N2CCC(CN)C2)ccc1F;CSCc1cc(F)ccc1CNC(=O)C1CCNC1;NC(=O)C(CNC1CCSC1)Cc1ccc(F)cc1;NC(=O)C1CCN(CCSc2ccccc2F)CC1;Cc1nc2c(C(=O)N(CC(F)F)C(C)C)cccc2o1;CCCCNC(Cc1ccc(O)c([N+](=O)[O-])c1)C(=O)O;Cc1noc(C)c1C(C)C(=O)N1CCOCC1C(=O)O;Cc1ocnc1C(=O)N(CCC(=O)O)CC1CCCO1;CCC(C)c1cc(C(=O)N2CCOC(C(=O)O)C2)on1;CC1(CC(F)F)CN(C(=O)c2cccc(C(N)=O)c2)C1;Cc1noc(C)c1CC(=O)N1CCOCC1CC(=O)O;CNC(=O)C1(COC)CCCN1C(=O)CC(F)(F)F;COC(=O)CCCNC(=O)CNC(=O)c1ccoc1C;CCc1ocnc1C(=O)N1CCCC1(COC)C(=O)O;COc1cc(CNC(CCC(N)=O)C(=O)O)ccc1O;COCC(C)(CC(=O)O)NC(=O)c1ccc(=O)n(C)c1;O=C(Cc1cccc(F)c1F)N1CCOC2CNCC21;CC(C)C(=O)NC(CO)C(O)c1ccc([N+](=O)[O-])cc1;CCc1ncoc1C(=O)N1CCC(COC)(C(=O)O)C1;NC(=O)C1(NC(=O)c2cc(F)ccc2F)CCCCC1;CC(CC(N)=O)NC(Cc1ccc(O)c(O)c1)C(=O)O;CCC1C(=O)NCCN1C(=O)CCOCC(F)(F)F;CN(CC(F)(F)F)C(=O)CN1CCCCC(O)C1=O;CC1(C(=O)Nc2ccccc2C(F)F)CCNC(=O)C1
m_7ee70f,CC(=O)NC(C)C(=O)N1CC(OCc2nc(C)no2)C1;Cc1noc(COCC(=O)N2CCCNC(=O)C2C)n1;COc1nccc(NC(=O)NCC2(O)CCOCC2)n1;CC(C)C(=O)NCC(=O)NC(Cc1c[nH]cn1)C(=O)O;CC(=O)CNCCC(=O)NC(Cc1cnc[nH]1)C(=O)O;CC(NC(=O)CN(C)C(=O)C(C)n1cccn1)C(=O)O;N=C(N)NOCCC(NCc1ccccc1O)C(=O)O;COc1cncnc1NC(=O)NCC1(O)CCOCC1;CSCc1cc(C(=O)N2CCCC(N)C2)ccc1F;CSCc1cc(C(=O)N2CCCC(N)C2)ccc1F;CSCc1cc(C(=O)N2CCCC(N)C2)ccc1F;CSCc1cc(C(=O)N2CCCC(N)C2)ccc1F;CSCc1cc(C(=O)N2CCCC(N)C2)ccc1F;CSCc1cc(C(=O)N2CCCC(N)C2)ccc1F;CSCc1cc(C(=O)N2CCCC(N)C2)ccc1F;CSCc1cc(C(=O)N2CCCC(N)C2)ccc1F;CSCc1cc(C(=O)N2CCCC(N)C2)ccc1F;CSCc1cc(C(=O)N2CCCC(N)C2)ccc1F;CSCc1cc(C(=O)N2CCCC(N)C2)ccc1F;CSCc1cc(C(=O)N2CCCC(N)C2)ccc1F;CSCc1cc(C(=O)N2CCCC(N)C2)ccc1F;CSCc1cc(C(=O)N2CCCC(N)C2)ccc1F;CSCc1cc(C(=O)N2CCCC(N)C2)ccc1F;CSCc1cc(C(=O)N2CCCC(N)C2)ccc1F;CSCc1cc(C(=O)N2CCCC(N)C2)ccc1F
m_53dfe2,Cc1nc(C)c(C(=O)NC2CC(C)(C)OC2(C)C)s1;Cc1cscc1NC(=O)NCCCC1CCCCO1;CC(C)c1scnc1C(=O)NC(CO)C1CCCC1;Cc1ccsc1CNC(=O)NC(C)C1CCOCC1;CCS(=O)(=O)N1CCC(Nc2ccc(C)cc2)CC1;CC(C)(CNS(C)(=O)=O)N1CCc2ccccc2C1;Cc1ccsc1CNC(=O)NC1CCCCC1CO;CCc1ccc(CNC(=O)NC2CCC(O)CC2)s1;CCCS(=O)(=O)NCCN1CCc2ccccc2C1;CC(CNC(=O)NCC1CCC(O)C1)c1ccsc1;CN(C(=O)c1scnc1C(C)(C)C)C1CCCC1O;COC1(CNC(=O)NCC(C)c2ccsc2)CCC1;NC1(CNS(=O)(=O)c2ccccc2)CCCCCC1;Cc1nc(SCC(=O)NC2CCC(C)CC2)oc1C;CN(C)S(=O)(=O)N1CCC(Cc2ccccc2)CC1;Cc1ccccc1CN1CCCN(S(C)(=O)=O)CC1;Cc1cc(C(=O)N2CCN(CC(C)O)CC2)c(C)s1;CCC(NC(=O)N1CC(C)OC(C)C1)c1cccs1;CCCC1(NC(=O)c2cnc(C(C)C)s2)CCOC1;O=C(NCCc1cccs1)NC1CCCCC1CO;CC1CCCCN1S(=O)(=O)c1ccc(CCN)cc1;CN(C)C1CCCCC1NS(=O)(=O)c1ccccc1;Cc1ccsc1CNC(=O)CNC1CCOCC1C;CCc1ccsc1CNC(=O)CNC(=O)C(C)(C)C;COC(=O)C(NCc1nc2c(s1)CCC2)C(C)(C)C
m_7125ae,CCn1cnnc1C1CCCN(c2cccnc2C#N)C1;Cc1cc(C)n(-c2ccc(N3CCC(C#N)CC3)nn2)n1;CC(C)c1nnc2n1CC(Nc1ccc(C#N)cn1)CC2;CC(C)c1nnc2n1CC(Nc1ncccc1C#N)CC2;Nc1c(N2CC3CC=CCC3C2)ncnc1-n1cccn1;CCc1cc(Nc2ccc(C(C)N)cc2)n2ncnc2n1;CCc1nnc2n1CC(CNc1ccc(C#N)cn1)CC2;CCc1nnc2n1CC(CNc1ncccc1C#N)CC2;Cn1cncc1CN1CCN(c2ccc(C#N)cn2)CC1;Cn1c(CNC2CCc3ncnn3C2)nc2ccccc21;Cc1cnn(C2CCCN(c3ncnc4[nH]ccc34)C2)c1;c1ccn2cc(CN3CCCCC3c3nc[nH]n3)nc2c1;COCc1nocc1C(=O)NCC1(O)CCCC1(C)C;Cn1ccnc1CN1CCN(c2ccc(C#N)cn2)CC1;CCc1nnc2n1CCN(Cc1cn3ccccc3n1)C2;Cc1nc(-c2cccc(NCc3nn(C)cc3C)c2)n[nH]1;Cc1c(CNc2cccc(-c3ncn(C)n3)c2)cnn1C;CC(C)n1cc(CNc2nncn2-c2ccccc2)cn1;CC(C)c1cccc(Cn2cnc3c(N)nc(N)nc32)c1;CCC(CC)Nc1ccc2nnc(-c3ccccn3)n2n1;CN(C)C(CNc1ncnc2[nH]ncc12)c1ccccc1;Cc1n[nH]c(C)c1CNc1cccc(-c2ncn(C)n2)c1;CN(CCC(=O)O)C(=O)C1CC(=O)N(C2CCCC2)C1;O=C(O)CC1CCCN1C(=O)CN1CCCCCC1=O;CC(C)NCC(O)COc1ccc(C(O)C(N)=O)cc1
m_ff32bb,O=C(O)CC(NC(=O)C1CCCCO1)c1cccs1;CC1(C(=O)NCc2cccc(S(C)(=O)=O)c2)COC1;COCc1csc(C(=O)N2CCC(C(=O)O)CC2)c1;Cc1scc(C(=O)N2CCC(O)(C(=O)O)CC2)c1C;Cc1ccc(S(=O)(=O)N2CCC(C(=O)O)C2)cc1C;O=C(NCCc1ccccc1O)C1CCS(=O)(=O)C1;Cc1ccc(C(=O)NCC2(C(=O)O)CCOCC2)s1;O=S(=O)(NC1CCCC1)c1ccc2c(c1)OCCO2;O=C(O)CN(C(=O)Cc1cccs1)C1CCOCC1;CC(C)(C(=O)N1CCOC(C(=O)O)C1)c1cccs1;O=C(O)CC(NC(=O)CC1CCCO1)c1cccs1;COc1cc(CNC2CCSC2=O)cc(OC)c1O;O=C(COc1ccccc1)NC1CCS(=O)(=O)CC1;CCN(CC1CCCO1)C(=O)c1ccc(C(=O)O)s1;Cc1ccc(C(=O)NC2CCOC2)cc1S(C)(=O)=O;CCOCC1CCN(C(=O)c2ccc(C(=O)O)s2)C1;Cc1ccc(S(=O)(=O)N2CCCC(C(=O)O)C2)cc1;O=C(COC1CCCCC1)Nc1cc(C(=O)O)cs1;CCc1sc(C(=O)N2CCOCC2C(=O)O)cc1C;O=S(=O)(NC1c2ccccc2OCC1CO)C1CC1;CCOC1CN(S(=O)(=O)c2cccc3c2OCC3)C1;CC1CCCCN1S(=O)(=O)c1ccccc1C(=O)O;CN(C1CCC1)S(=O)(=O)c1cccc2c1OCCO2;CC1CN(S(=O)(=O)c2ccc3c(c2)CCO3)CCO1;O=C(O)c1cccc(CCNS(=O)(=O)CC2CC2)c1
m_ace790,C=CCNC(=O)CNc1ccc(C(F)(F)F)c(C#N)c1;O=C(NCC(F)(F)F)c1ccc(Cn2cccn2)cc1;N#Cc1ccc(N2CCC(C(N)=O)C2)cc1C(F)(F)F;Cc1cc(NC(=O)c2ccccc2C(F)(F)F)n(C)n1;Cc1cc(NC(=O)c2cccc(C(F)(F)F)c2)n(C)n1;FC(F)(F)c1cccc(CNc2nc(C3CC3)no2)c1;Cc1n[nH]c(C)c1NC(=O)c1cccc(C(F)(F)F)c1;Cn1nccc1C(=O)NCc1ccc(C(F)(F)F)cc1;O=C(NCCCC(F)(F)F)c1ccnc2ccncc12;O=C(Cc1c[nH]c2ncccc12)N1CC(C(F)(F)F)C1;O=C(O)C1c2ccccc2CCN1C(=O)c1cnccn1;CN1C(=O)c2ccccc2NC1c1ccc([N+](=O)[O-])cc1;CC(=O)Nc1ccccc1-c1noc(-c2ccoc2C)n1;COc1ccc(-c2noc(C3CC3c3ccco3)n2)cn1;Nc1nc(O)nc2c1ncn2C1OC(CO)C(O)C1O;COc1ccc(-c2nc(-c3ccncc3)no2)cc1OC;COc1ccc(=O)n(Cc2cc(-c3ccccc3)on2)n1;COc1cccnc1NC(=O)Cc1noc2ccccc12;O=c1n(Cc2ccc3c(c2)OCCO3)nc2ccccn12;COc1cc(-c2noc(C3CC3c3ccco3)n2)ccn1;COc1ccc(-c2noc(-c3ccncc3)n2)cc1OC;Nc1nc(=O)c2[nH]c(=O)n(C3CC(O)C(CO)O3)c2[nH]1;Cc1ccc(-n2c(-c3ccc(O)cc3O)n[nH]c2=O)cc1;Nc1nc(=O)c2ncn(C3OC(CO)C(O)C3O)c2[nH]1;CNC(=O)Cc1noc(-c2cc3ccccc3cc2O)n1
m_b43690,CCc1ncnc(N2CC(COC)OC(C)(C)C2)c1F;CCOCc1nc(C)cc(N2CCOC(CCF)C2)n1;Cc1nn(C)c(C)c1CCC(=O)N1CC(F)CC1CO;Cc1cc(C(=O)N2CC(c3ccccc3C)CC2C)[nH]n1;Cn1c(C2CC2)nc2cc(CNC(=O)CC3CC3)ccc21;CCc1ccc(CNC(=O)NCc2ccncc2C)cc1;O=C(CCN1CCCC1c1ccc[nH]1)Nc1ccccc1;Cc1ccnc(N2CCOC3(CC4CCC3C4)C2)c1C#N;COCC1CCN(c2ccnc(-c3ccccc3)n2)CC1;Cc1ccc(C2(CNC(=O)c3cc[nH]n3)CCC2)cc1C;CCC(C(=O)NC1CCc2cn[nH]c2C1)c1ccccc1;CCc1cccc(CC(=O)NC2CCc3[nH]ncc3C2)c1;CN(CC1CCOC1)c1ccnc(Cc2ccccc2)n1;CCn1ccnc1C(C)NC(=O)c1ccc2c(c1)CCC2;CC1(C)CCCN1C(=O)c1ccn(Cc2ccccc2)n1;Cn1nccc1C(=O)NCC1(Cc2ccccc2)CCC1;Cc1cc(-n2cccn2)ccc1CNC(=O)C(C)C1CC1;Cc1cc(C(=O)N2CCCC2Cc2ccccc2)n(C)n1;Cc1ccccc1C1CC(C)N(C(=O)c2cn[nH]c2C)C1;Cc1cc(C)cc(C(=O)N2CCCC2c2ccnn2C)c1;Cc1ccccc1CC(=O)NCC1CCn2ccnc2C1;OC1CCN(c2ncnc3ccccc23)C2CCCCC12;O=C(c1ccc[nH]1)N1CCN(CCc2ccccc2)CC1;Cc1n[nH]c(C)c1CC(=O)N(C)C1Cc2ccccc2C1;Cc1cc(C)n(Cc2cccc(C(=O)NCC3CC3)c2)n1
m_fbf20a,CC(C)(O)CN1CCCN(C(=O)C2CNC(=O)C2)CC1;CCN1CCN(C(=O)NC(C)C2(OC)CCC2)CC1=O;CC1CCC(C(N)=O)CN1C(=O)CNCC1CCCO1;CC1(C(N)=O)CCCCN1CC(=O)NC1CCOCC1;CCCNC(=O)CCNC(=O)N1CCC2(CCOC2)C1;CC(C)N1C(=O)NC2CN(C(=O)CC(C)(C)O)CCC21;CCCC1(COC)CCCN1Cc1nc(COC)no1;CNC(=O)CCN1CC(OC)CC1C(=O)N1CCCC1;COC(C)c1noc(CNC2CC(C)(C)OC2(C)C)n1;COCCN1CN(C(=O)NCC2CCC(C)C2)CC1=O;COCCN1CN(C(=O)NC2CCCC(C)C2)CC1=O;CNC(=O)C1CCCN(C(=O)CNCC2CCCO2)C1;CC(=O)NCC1CN(C(=O)C2(N)CCCCC2)CCO1;CN1CCN(C(=O)CNCC2CCCO2)C(C)(C)C1=O;COCC(=O)N1CCC(NC(=O)NC2CCCC2)CC1;COC1CCC(NC(=O)NC2CCCN(C)C2=O)CC1;CC(=O)N1CCN(C(=O)CN2CCOCC(C)C2)CC1;CC1CN(C(=O)NCC(=O)N2CCCCC2)CC(C)O1;CCC(CO)(CO)NC(=O)c1cnn(C(C)(C)C)c1C;CC(C(=O)O)N1CCN(CC(=O)N2CCCCC2)CC1;CCC1OCCC1NC(=O)N1CCC(C(=O)N(C)C)C1;CC(C)OC(=O)N1CCC(NC(=O)N2CCCC2)CC1;CC(C)OC(=O)N1CCC(NC(=O)N(C)C2CC2)CC1;Cc1nc(CNC(=O)NC(CCO)C(C)(C)C)oc1C;CCC(C(=O)O)N1CCN(CC(=O)N2CCCC2)CC1
m_83fdb3,Cc1ccc(S(=O)(=O)N2CCOC(CN)C2)c(C)c1;CCCNC(C)C(=O)Nc1c(C)csc1C(=O)OC;COc1ccccc1S(=O)(=O)NCCC1CCNC1;CC(C)(C)c1ncc(C(=O)NCC2(CO)COC2)s1;CC(C)(C)c1ncc(C(=O)NC2CC(O)C(O)C2)s1;CCc1ccsc1C(=O)N(CCOC)C(C)C(N)=O;O=S1(=O)CCC(c2noc(C3CCCCCC3)n2)C1;COCc1ncsc1C(=O)NC1CCCCC1OC;CC(C)(C)c1csc(C2CN(CC(=O)O)CCO2)n1;CCCCC(COC)NC(=O)c1cc(C(N)=O)cs1;COCc1cccc(S(=O)(=O)NC2CCCNC2)c1;Cc1nc(C)c(C(=O)N(C)CC2(O)CCOCC2)s1;CCCN(CC(=O)O)C(=O)c1scnc1C(C)(C)C;CC1CCCC(c2noc(CS(=O)(=O)C3CC3)n2)C1;COCCN1CCc2ccc(S(=O)(=O)N(C)C)cc21;CCOC1CC(O)(CNC(=O)c2cscn2)C1(C)C;COCC(NC(=O)c1cc(C)sn1)C1CCOCC1;CCCC(NC(=O)CS(=O)(=O)NC)c1ccccc1;Cc1ccc(S(=O)(=O)NCCC(=O)NC(C)C)cc1;CNC(=O)c1ccc(CN(C)CCS(C)(=O)=O)cc1;CCOC(=O)CNC(=O)Cc1nc(C(C)C)c(C)s1;CCCN(CCC)S(=O)(=O)c1ccc(C(N)=O)cc1;COc1ccc(S(=O)(=O)N2CCC(CN)C2)cc1C;CCCNc1ccccc1NC(=O)C(C)S(C)(=O)=O;Cc1[nH]ccc1C(=O)N1CCCC(S(C)(=O)=O)CC1
m_254f59,Cc1ccccc1-n1cc(CN2CC(O)C3(CC3)C2)nn1;Cc1ccc(C2CCCN2C(=O)Cc2nc[nH]n2)cc1C;Cc1ccc(NCCNC(=O)c2ccc(C)c(C)c2)nn1;Cc1cc(C)c(CCNC(=O)c2nccnc2N)c(C)c1;Cc1cc(CC(C)NC(=O)N2Cc3ccccc3C2)n[nH]1;Cn1ccc(CN2CCN(c3ccccn3)CC2)cc1=O;Cc1nc(NC(=O)Cc2ccc(C3CCC3)cc2)nn1C;O=C1CCC(NCc2ccc3cn[nH]c3c2)C2(CCC2)N1;Cc1ccc(C(=O)NCCc2cn3c(n2)CCCC3)cn1;Cc1ccccc1-n1ncc(C(=O)N2CCC(N)C2)c1C;Cc1cnn(CC(=O)NCc2ccc3c(n2)CCCC3)c1;Cn1cc(Nc2cccc(NC(=O)CC3CCC3)c2)cn1;O=C(NCc1ccc(Cn2cccn2)cc1)N1CCCC1;Cc1ccc(N2CCCC2)c(C(=O)Nc2cc(C)n[nH]2)c1;NCC1CCC(NC(=O)c2ccnn2-c2ccccc2)C1;CN(C)c1cccc(C2CCCN2C(=O)c2cc[nH]n2)c1;CC1CN(C)CCN1C(=O)c1ccn(-c2ccccc2)n1;Cc1cc(NC(=O)C2CCN(C)C2)nn1-c1ccccc1;CCC(=O)N1CCC(c2cc(-c3ccncc3)[nH]n2)CC1;CC(NC(=O)c1cc[nH]n1)c1cccc(N2CCCC2)c1;CC(C(=O)N1CCC(Cc2ccccc2)C1)n1cncn1;Cc1cnc(C(=O)N2CCCCC2c2cn[nH]c2)c(C)c1;Cn1nncc1C(=O)N1CCCC(C)(C)c2ccccc21;Cn1nccc1C(=O)NCCN1CCc2ccccc2C1;CN1CCCN(Cc2ccn(-c3ccccc3)n2)CC1=O
m_bf6cfe,O=C(Nc1ccc(-c2noc(=O)[nH]2)cc1)C1CC=CCC1;O=C(c1cccc(=O)[nH]1)N1CCC(Oc2ccncc2)C1;Cn1ccc(C(=O)Nc2ccc(CC(N)=O)cc2)cc1=O;O=C(c1cc(-c2ccc3c(c2)OCO3)n[nH]1)N1CCCC1;CC1(C(=O)Nc2cc(C(=O)O)[nH]n2)CCc2ccccc21;O=C(O)C1CC(=O)N(c2cccc(Cn3cccn3)c2)C1;NC(=O)C1COCCN1C(=O)c1ccc2ncccc2c1;O=C(NCCN1CCc2ccccc2C1=O)c1ccon1;O=C(O)CC1(NC(=O)c2ccc3cccnc3n2)CCC1;COC(=O)c1ccc(C)c(NC(=O)Cc2cncnc2)c1;Cc1c(C(=O)NC2CNC(=O)C2)c2ccccc2[nH]c1=O;Cc1cc(-c2noc(-c3noc4c3CCCC4)n2)c(C)o1;O=C(O)C1CCN(C(=O)c2cc(-c3ccccc3)[nH]n2)C1;COc1cc(C=NN=C(O)c2ccccc2N)ccc1O;O=C(O)CN(C(=O)c1cc(-c2ccccc2)[nH]n1)C1CC1;O=C(Nc1cccnc1O)c1cc2c([nH]c1=O)CCCC2;O=C(NC1CC(C(=O)O)C1)c1cnn(-c2ccccc2)c1;COc1ccc(OC)c(CNC(=O)c2cc(C#N)c[nH]2)c1;NC(=O)c1cc(C(=O)NC2CCOc3ccccc32)c[nH]1;O=C(O)C1CCN(C(=O)c2ccc(-n3ccnc3)cc2)C1;O=C(N1CC(c2nc(-c3ccccc3)no2)C1)C1(O)CC1;CN(C(=O)c1cc(C(=O)O)nn1-c1ccccc1)C1CC1;O=C(O)Cc1cccc(NC(=O)c2cnn(C3CC3)c2)c1;COc1cccc2c1CCN(c1ncncc1C(=O)O)C2;CCOC(=O)c1nc2c(=O)[nH]c3ccc(C)cc3n2c1C
m_bd907b,Cn1c(CN2CCOCC2C2CCC2)nc2ccccc21;CN(CC1CC1)CC1CN(c2ccc(C#N)cc2)CCO1;COC1CCN(c2ncnc3c(C)cccc23)CC1(C)C;Cc1cc(C)cc(CCNC(=O)CCn2cc(C)cn2)c1;CC(O)C1CCCCN1Cc1cnn(-c2ccccc2)c1;CNC(=O)CCc1c(C)nn(Cc2ccc(C)cc2)c1C;Cc1ccc(CNC(=O)c2c(C)n[nH]c2C(C)C)c(C)c1;CCc1ccc(C2CN(Cc3ccnn3C)CCO2)cc1;CC1CCN(C(=O)c2ccc3c(c2)ncn3C)CC1(C)C;CC1CN(C(C)C)CC1NC(=O)c1cccc(CC#N)c1;CC1CN(C2CCN(c3ccc(C#N)cc3)CC2)CCO1;OC1CCC2(CC1)CCN(c1nc3ccccc3[nH]1)CC2;CCn1nc(CN2CCC3(CCO3)CC2)c2ccccc21;Cc1ccccc1CC(C)NC(=O)CCc1cnn(C)c1;Nc1ccc(C(=O)NC23CC4CC(CC(C4)C2)C3)cc1N;Cc1cc(C(=O)NCc2ccccc2CC(C)C)nn1C;Cc1ncc(CN(C)CC2CCOC2)n1-c1ccccc1;CN(C)CC1CCCCN1C(=O)c1ccc2cc[nH]c2c1;Cc1cc2ncn(CC(=O)N3CCC(C)CC3)c2cc1C;CC(C)(C)c1ccc(OCc2nnc3n2CCCC3)cc1;Cc1n[nH]cc1CNCC1CCCOC1c1ccccc1;c1ccc(C(CNCc2cc[nH]c2)N2CCOCC2)cc1;CN(C)c1ncccc1C(=O)N1CC2(CCC2)C1C1CC1;Cc1ccc(C(C)C)c(OCc2nnc3n2CCCC3)c1;CC(C)n1ncc2c1C(NCc1ccc(O)cc1)CCC2
m_e1f9f4,O=C(O)CSc1ccc2nnc(-c3ccccc3)n2n1;Cn1nncc1C=Cc1nc2ccc(C(=O)O)cc2s1;NC(=O)Nc1ccc(-c2noc(-c3ccsc3)n2)cc1;O=C(O)c1ccc(CSc2ncnc3[nH]cnc23)cc1;O=C1CN(C(=O)COc2ccc(F)cc2Cl)CCN1;CN1CCC(NC(=O)c2cc(F)cc(Cl)c2O)C1=O;CCC(CC#N)NS(=O)(=O)c1ccc(Cl)cc1C;O=C1CN(O)C(c2ccccc2)=c2cc(Cl)ccc2=N1;CCC(CC#N)NS(=O)(=O)c1cc(C)ccc1Cl;CCC(CC#N)NS(=O)(=O)c1ccc(C)cc1Cl;O=C(O)CCS(=O)(=O)c1ccc2c(c1)OCCCO2;O=C1C[N+]([O-])=C(c2ccccc2)c2cc(Cl)ccc2N1;O=C1CC(=O)N(c2ccccc2)c2cc(Cl)ccc2N1;O=C1Nc2ccc(Cl)cc2C(c2ccccc2)=NC1O;COC(=O)CCS(=O)(=O)c1ccc2c(c1)OCCO2;O=c1[nH]c(Cc2cccc(O)c2)nc2ccc(Cl)cc12;COc1cccc(-c2nnc(-c3cccc(Cl)c3)o2)c1;O=C1CN(C(=O)c2ccc(Cl)cc2)c2ccccc2N1;O=C1N=C(c2ccccc2)c2cc(Cl)ccc2NC1O;CNC(=O)NC(=O)C(C)SCc1ccccc1Cl;O=C1CCC(C(=O)NCCc2ccc(Cl)s2)CN1;NC(=O)CC1CCN(C(=O)c2ccc(Cl)s2)CC1;Cn1c(CN2CCOCC2C2CCC2)nc2ccccc21;Cn1c(CN2CCOCC2C2CCC2)nc2ccccc21;Cn1c(CN2CCOCC2C2CCC2)nc2ccccc21
m_43683b,Cc1ccc2c(c1)CCC(C(=O)NCc1cnn(C)n1)O2;CCNC(=O)C1CN(c2nc(-c3ccc(C)cc3)no2)C1;Cc1cc(NC(=O)c2cnn3c2CC(C)CC3)c[nH]c1=O;CC1CN(C(=O)c2cnn(-c3ccccc3)n2)C(C)CO1;CC(C)c1noc(CNc2ccc3c(c2)CCNC3=O)n1;Cc1ccc(O)c(C(=O)N2CCCC(n3ccnn3)C2)c1;O=C(c1cnn2ccncc12)N1CCOCC12CCCC2;O=C(c1cccc2nn[nH]c12)N1CCC2OCCCC2C1;CC(Oc1ccccc1)C(=O)NC1CCCn2ncnc21;Cc1nc(-c2ccccc2)n(CC(=O)N2CCOCC2)n1;Cn1cc(C2OCCCC2NC(=O)c2ccncc2)cn1;CCn1nc(C)cc1C(=O)Nc1ccc(C(N)=O)cc1C;CN1CCOC2CN(C(=O)c3ccc4cc[nH]c4n3)CC21;Cn1nncc1CN1CCCC1c1ccc2c(c1)OCO2;O=C(NCC1CCOC1)Nc1ccn(-c2ccccc2)n1;CCc1cccnc1-c1noc(C2(C(=O)NC)CCC2)n1;NC(=O)c1nc(-c2cccc(CN3CCCCC3)c2)no1;Cn1cnnc1C1CCCN1Cc1ccc(C(=O)O)cc1;Cc1ccc(C)c(C(=O)N2CC(n3cc(CO)nn3)C2)c1;CC1COCCCN1C(=O)c1ccnc(-c2ncc[nH]2)c1;CCC(C)c1nnc(-c2cnc3onc(C(C)C)c3c2)o1;O=C(c1ccc2[nH]cnc2c1)N1CC(N2CCOCC2)C1;CCC(C)NC(=O)c1ccccc1NC(=O)c1cc[nH]n1;CCNC(=O)c1ccccc1NC(=O)c1cnn(C)c1C;Cc1c[nH]nc1CNc1cccc(N2CCOC2=O)c1C
m_a12514,N#Cc1cccc(CN2CCCC2C2COCCC2O)c1;CC(C)(C)C1OCCC1CNC(=O)c1cccc(C#N)c1;O=C(O)c1cccnc1CN1CCCC2(CC=CCC2)C1;CCc1ccccc1N1CC(C(=O)NC2CC2C)CC1=O;CC1CCCCN1CCNC(=O)c1coc2ccccc12;O=C1NCCCC1N1Cc2ccccc2OC2(CCC2)C1;CCN(Cc1c[nH]c2ccccc12)C(=O)C1CCOCC1;CCN(C(=O)Cc1noc2ccccc12)C1CCCCC1;CC1(C)CC(NC(=O)Cn2ccc3ccccc32)CCO1;N#Cc1ccccc1CN1CCOCC1C1CCCC1O;Cc1cc(C)n(CC(O)COc2ccc3c(c2)CCC3)n1;O=C(NCC(O)C1CCCCC1)c1cccc2[nH]ccc12;N#Cc1cccc(OCCN2CCC3CCC(O)C2C3)c1;Cn1cc(CC(=O)NCCC2CCCO2)c2ccccc21;COC1(CC(=O)NCCc2c[nH]c3ccccc23)CCC1;CCOC1CC(C(=O)N(C)Cc2cccc3[nH]ccc23)C1;COC1CCCN(C(=O)Cc2cn(C)c3ccccc23)C1;CCCNC(=O)c1cccc(C(=O)NC2CC=CCC2)c1;CCN(CC)C(CNC(=O)c1ccco1)c1ccccc1;Cc1ccc2c(CC(=O)NCC3CCCC3O)c[nH]c2c1;C=C(C)CC(C)C(=O)N1Cc2ccccc2NC(=O)C1C;COC1(CNC(=O)Cc2c[nH]c3cc(C)ccc23)CCC1;COc1ccc2c(c1)CCCC2CNC(=O)C(C)(C)C#N;O=C1CCCc2cc(C(=O)NC3CCCCC3)ccc2N1;CN(C)C(=O)Cc1ccc(NC(=O)C2C3CCCC32)cc1
m_ff926d,Cc1c(C(=O)N(C)C(C)c2ccccn2)cnn1C(C)C;Cc1ccc(C(=O)N(C)CC2CCc3nccn3C2)n1C;CC(C)N(C)CC(=O)NCc1ccccc1-n1ccnc1;Cc1cccc(CC(C)NC2COCC2n2ccnn2)c1;CCN(C)c1ccccc1NC(=O)c1cc(C)nn1CC;CCOc1ccc(C2CCCN2CCn2cncn2)cc1;Cc1nnc(C(C)N2CCCC(Nc3ccccc3)C2)o1;CC(C)n1ccc(C(=O)Nc2ccccc2CN(C)C)n1;Cc1nnc(CN(C)C2CCCN(c3ccccc3)C2)o1;CN1CCOC(CNCc2ccc(-n3cccn3)cc2)C1;CCNC(=O)C1CN(c2nc(C3CC3)nc3c2CCC3)C1;NC(CC1CCCCC1)C(=O)Nc1ccc2c[nH]nc2c1;CC(CC1CCOCC1)Nc1c[nH]nc1-c1ccccn1;COC1CC(c2ncc[nH]2)N(Cc2cc(C)cc(C)n2)C1;O=C(CC1C=CCCC1)Nc1cncnc1N1CCCC1;CC1CC2(CCC2)CN1C(=O)c1cnc(C2CC2)nc1N;Cc1ccc(NC(=O)CC(C)Nc2cnn(C)c2)c(C)c1;OCC1(CNCc2c[nH]nc2-c2cccnc2)CCCC1;Cc1cc(C)n(CC2CN(Cc3ccccn3)CCO2)n1;CCC(O)CN1CCN(c2nncc3ccccc23)CC1;Cc1cccnc1N(C)C(=O)c1cc(C(C)(C)C)nn1C;Cc1cnc(CN2CCCC2c2nc3c([nH]2)CCCC3)o1;CN(C(=O)c1cnn2cccnc12)C1CCCCCCC1;Cc1cccc(NC(=O)CC(C)Nc2cnn(C)c2)c1C;CCN1CCCC(CNC(=O)c2cccc3[nH]ncc23)C1
m_762dcf,Cc1nc(C(=O)NC(CO)c2ccccc2)c(=O)[nH]c1C;COC(C(=O)N1CCc2[nH]ncc2C1)c1ccc(O)cc1;O=C(CO)NC1CCOC1c1ccnn1-c1ccccc1;CC(C)n1ccc(C(=O)Nc2ccccc2CC(=O)O)n1;COc1cccc(C(O)C(=O)N2CCc3cn[nH]c3C2)c1;Cc1cccc(C(NC(=O)c2ccnn2C)C(=O)O)c1C;NC(=O)N1CCCC1COC(=O)c1cc2ccccc2[nH]1;Cn1cc(C(=O)N2CCOCC2C(N)=O)c2ccccc21;O=C(c1ccc(-n2ccnc2)cc1)N1CCOC(CO)C1;Cn1cc(CCCNC(=O)c2cccc(C(=O)O)c2)cn1;O=C(Cc1noc(C2CCOCC2)n1)Nc1ccccc1;Cc1cc(C(=O)Nc2cccc(C(C)C(=O)O)c2)n(C)n1;CC(C)(C(=O)O)c1ccc(NC(=O)Cn2cccn2)cc1;COC(=O)c1cc(NC(=O)Cc2ccccc2C)n(C)n1;CCOc1nc2cc(C(=O)N3CCC34COC4)ccc2[nH]1;O=C(c1cnc2ccccn2c1=O)N(CCO)C1CCC1;CCCn1nccc1C(=O)Nc1ccc(CC(=O)O)cc1;CCOC(=O)N1CCN(C(=O)c2cccc(C#N)c2)CC1;O=C(Cn1c(=O)[nH]c2ccccc21)N1CCOCC12CC2;COC1CC(C(N)=O)N(C(=O)c2cccc3cc[nH]c23)C1;O=C(Cc1noc2ccccc12)N1CCOC2CNCC21;Cn1cc(C(=O)Nc2ccc(C(C)(C)C(=O)O)cc2)cn1;NC(=O)C1CC(O)CN1Cc1ncc(-c2ccccc2)o1;CC(NC(=O)c1ccc(-n2cccn2)cc1)C(C)C(=O)O;COC(=O)C(C)Cc1ccc(NC(=O)c2cc[nH]n2)cc1
m_75dece,CCCn1nccc1C(=O)N1CCCCC1c1ccco1;CCc1occc1C(=O)Nc1cnn(C2CCCC2)c1C;CCOc1ccc(NC(=O)c2cc(CC(C)C)n[nH]2)cc1;Cc1nc2ccc(C(=O)N3CCOCCC3C)cc2n1C;Cc1cc(C(=O)O)ccc1NCc1cn(C)nc1C(C)C;COCC1(C(N)=O)CCCN1Cc1cccc2[nH]ccc12;CCOC1CC(Nc2ncnc3c(C)cccc23)C1OC;COc1ccc(CNC(=O)c2cnn(C(C)C)c2C)cc1;Cc1cc(C(=O)N2CCCC(C)(CO)C2)c2n[nH]cc2c1;COCCC(=O)Nc1nc2ccccc2n1C1CCCC1;Cc1cccc2ncnc(N3CCC(OCCO)CC3)c12;CC(C)(CO)CNC(=O)c1ccc(Cn2cccn2)cc1;C=CCNC(=O)CNC(=O)NCc1ccc2c(c1)CCC2;Cc1cc(NC(=O)Cc2c(C)n[nH]c2C)c(C)c(C)c1O;CC1CCCN(C(=O)c2cccc3[nH]c(CO)nc23)CC1;CC1(C)CC(NC(=O)c2c[nH]c3cccnc23)C(C)(C)O1;COc1ccc(C#N)cc1CN(C)C1(C(N)=O)CCCC1;COc1ccc2c(c1)OCCCC2NCc1cncn1C;Cn1nc(C(=O)NCC(C)(C)Cc2ccccc2)cc1O;COc1ccc2nc(N3CCCC(O)CC3)c(C)nc2c1;COc1ccc(CCNC(=O)c2c(C)nn(C)c2C)cc1;O=C(C(O)C1CC1)N1Cc2ncccc2N2CCCC2C1;Cc1cc(C(=O)NCc2ccccc2OC(C)C)n(C)n1;Cc1ccc(N2CCCC2C2COCCC2O)nc1C#N;COc1cccc(CC(=O)Nc2cc(C(C)(C)C)n[nH]2)c1
m_3ba5ce,Cc1cc(C)n(CC(=O)Nc2ccnn2C2CCCC2)n1;Cc1[nH]nc(C(=O)N2CCCCC2c2ccnn2C)c1C;CCCc1[nH]ncc1C(=O)NCC1CCc2nccn2C1;CCn1ccnc1CNC(=O)c1ccnn1C1CCCC1;Cc1cnc(CN2CCCC(c3nnc(C)o3)C2C)nc1;CC(=O)NCC1CCCN(c2nc(C)nc3[nH]ccc23)C1;Cn1ccnc1C1OCCC1CN1CCn2ccnc2C1;CCc1cc(C(=O)N(C)CC2CCc3nccn3C2)[nH]n1;Cc1cnn(CC2CCCCN2C(=O)c2ccnn2C)c1;COc1c(C)cnc(CNC2CCc3ncnn3C2)c1C;CN(Cc1nccn1C)C(=O)c1ccn(C2CCCC2)n1;Cc1nc2c([nH]1)CCC(C(=O)NC(C)Cn1cccn1)C2;CCN1CCN(C(=O)c2cc[nH]c2)CC1c1nccn1C;Cc1ncc(CN2CCCC(c3nnc(C)o3)C2C)cn1;Cc1nc2c([nH]1)CCC(C(=O)NCCCn1cccn1)C2;CC(=O)N1CCC(C)C(N(C)c2ncnc3[nH]ccc23)C1;O=C(Nc1cnc(C2CC2)nc1)N1CCN(C2CC2)CC1;CC(C)n1nccc1C(=O)N(C)c1cccnc1N(C)C;CC(C(N)=O)N1CCCN(c2nc3ccccc3[nH]2)CC1;CCc1c(NC(=O)c2ccnnc2)cnn1CCC(C)C;N#CCCn1ccc(NC(=O)N2CCCC2C2CCC2)n1;COC1CCCN(c2ccc(-n3nc(C)cc3C)nn2)C1;CC(CNC(=O)c1[nH]nc2c1CCCC2)Cn1ccnc1;Cc1nnc(CN2CCN(c3ccc(O)cc3)CC2)n1C;Cn1ccc(CNC2CCCN(c3ncc[nH]c3=O)C2)c1
m_b7be8a,CCOP(=S)(OCC)SCSC(C)(C)C;O=C(CN1CCOCC1)Nc1cc(Cl)ccc1Cl;O=C(Cc1c(Cl)cccc1Cl)NC1CNCC1O;CC(CN)C(=O)NC1COc2c1ccc(Cl)c2Cl;NC(=O)C1CN(Cc2c(Cl)cccc2Cl)CCO1;O=C(NCc1c(Cl)cccc1Cl)C1CC(O)CN1;NC1CCN(C(=O)COc2ccc(Cl)c(Cl)c2)C1;O=C(NCc1ccc(Cl)cc1Cl)C1CC(O)CN1;N#Cc1ccc(NC(=O)Cc2c(F)cccc2Cl)cc1;O=C(Nc1ccc2[nH]c(=O)[nH]c2c1)c1ccncc1Cl;O=C1CN=C(c2ccccc2F)c2cc(Cl)ccc2N1;N#Cc1cccc(NC(=O)Cc2c(F)cccc2Cl)c1;Cc1cc(C)n(CC(=O)Nc2ccnn2C2CCCC2)n1;Cc1cc(C)n(CC(=O)Nc2ccnn2C2CCCC2)n1;Cc1cc(C)n(CC(=O)Nc2ccnn2C2CCCC2)n1;Cc1cc(C)n(CC(=O)Nc2ccnn2C2CCCC2)n1;Cc1cc(C)n(CC(=O)Nc2ccnn2C2CCCC2)n1;Cc1cc(C)n(CC(=O)Nc2ccnn2C2CCCC2)n1;Cc1cc(C)n(CC(=O)Nc2ccnn2C2CCCC2)n1;Cc1cc(C)n(CC(=O)Nc2ccnn2C2CCCC2)n1;Cc1cc(C)n(CC(=O)Nc2ccnn2C2CCCC2)n1;Cc1cc(C)n(CC(=O)Nc2ccnn2C2CCCC2)n1;Cc1cc(C)n(CC(=O)Nc2ccnn2C2CCCC2)n1;Cc1cc(C)n(CC(=O)Nc2ccnn2C2CCCC2)n1;Cc1cc(C)n(CC(=O)Nc2ccnn2C2CCCC2)n1
m_875d74,CCc1ccccc1NC(=O)CNC(=O)c1cccs1;CC(NC(=O)Cc1cccs1)(C(N)=O)c1ccccc1;CCc1cc(NC(=O)c2ccc(C(N)=O)s2)ccc1C;C=CCN(CC=C)C(=O)c1nc(-c2ccco2)sc1C;CNS(=O)(=O)c1ccc(NC2CCCC2O)c(F)c1;NC(=O)Cc1ccccc1NC(=O)CCc1ccsc1;Cc1cccc2c1CCN(Cc1nccs1)C2C(=O)O;CN(C(=O)C12CCC(=O)N1c1ccccc1S2)C1CC1;NC(=O)c1cc(-c2csc(C3CCCC3)n2)ccc1O;Cc1cc(-c2ncccc2NC(=O)C2CCCO2)cs1;CC(NCc1ccsc1)c1ccc2c(c1)NC(=O)CO2;COc1ccc2c(c1)CCCN2C(=O)c1scnc1C;O=C(Nc1ccc(OC2CCCC2)cc1)c1cscn1;COc1ccc(-c2ncc(C(=O)N3CCCC3)s2)cc1;COc1ccccc1C(=O)N(c1nc(C)cs1)C1CC1;NS(=O)(=O)C1CCN(CCOc2ccc(F)cc2)C1;CC(NS(C)(=O)=O)C(=O)NCCc1ccc(F)cc1;CCc1ccc(S(=O)(=O)N2CCc3cnccc32)cc1;Cc1cccc(C)c1NC(=O)CNC(=O)c1cccs1;O=C(NCC(=O)N1CCCC1)c1csc2ccccc12;CNC(=O)NC(=O)C(C)Sc1ccc2ccccc2c1;O=C(C1CCCO1)N(Cc1ccsc1)c1cccnc1;O=C(Nc1nc(Cc2ccccc2)cs1)C1CCOC1;NC(=O)C1CCCN(C(=O)c2ccc3sccc3c2)C1;Cc1cnc(NC(=O)c2ccccc2OCC2CC2)s1
m_2d1eba,N#Cc1csc(CNc2nnc(CC3CCCC3)o2)c1;Cc1nn(C)c(C)c1C(C)c1nc(-c2ccsc2)no1;CC(NC(=O)Nc1nc(-c2ccccc2)ns1)C1CC1;Cc1ccccc1N1CCN(C(=O)c2cnns2)CC1;CN(CC(=O)Nc1nncs1)C1CCc2ccccc21;C=CCn1c(C)nnc1SCc1cccc(C(N)=O)c1;Cc1nnc2n1CCN(C(=O)c1sccc1C1CC1)C2;CC1CCC(C)N1C(=O)c1csc(-c2cnccn2)n1;O=C(NCC1CCCc2ccccc21)Nc1nncs1;Cn1ccnc1C1OCCC1NCc1ccc(C#N)s1;CC(C)(C)c1nnc(SCc2cn3ccccc3n2)o1;Cn1cc(C2CSCCN2C(=O)c2ccncc2)cn1;CCc1cc2c(NCc3nocc3C)nc(C)nc2s1;CC(C(=O)Nc1nncs1)N1CCc2ccccc2C1;CSC1(CNC(=O)c2cnn(-c3cccnc3)c2)CC1;O=C(CN1CCCC1c1ccccc1)Nc1nncs1;CN(C)c1ccc(C(=O)Nc2nnc(C3CC3)s2)cc1;Cc1nnc(CC(=O)NCC2(c3ccncc3)CC2)s1;O=C(NC1CC1)C1CCCN1c1ncnc2ccsc12;CC(Sc1n[nH]c(-c2ccc3c(c2)CCC3)n1)C(N)=O;CC1CN(C)c2ccccc2N(C(=O)c2csnn2)C1;N#Cc1csc(CNc2nnc(C3CCCCC3)o2)c1;CC1CCN(C)c2ccccc2N1C(=O)c1csnn1;NC(=O)CCSc1n[nH]c(-c2ccc3c(c2)CCC3)n1;CC1CCNC(=O)C1Nc1cc(-c2cccs2)ncn1
m_f5c42c,CC(C)(CNC(=O)Cc1ccc2c(c1)CCCC2)C(N)=O;CN1CCCC1C(=O)NCC1CCOC1c1ccccc1;CCOCC1CCN(C(=O)C2Cc3ccccc3CN2)C1;CC1(C)Cc2cc(CN3CCC(C(N)=O)CC3)ccc2O1;Cc1ccccc1C1(CNC(=O)NC2CCOCC2)CC1;CCOC1CCN(CC(=O)N2CCc3ccccc32)CC1;COCC1(C(=O)Nc2cnc3c(c2)CCC3)CCCCC1;CC1CC(NC(=O)Cc2cccc3c2CCNC3)C(C)O1;CC(C)Cc1ccccc1C(=O)NCC(=O)NCC1CC1;O=C(NC1CCCOC1)c1ccc(N2CCCCC2)cc1;O=C(NCC1(O)CCC1)NC(Cc1ccccc1)C1CC1;NC(=O)c1cccc(CN2CCOCC(C3CCC3)C2)c1;CC(C)C1(O)CN(C(C(=O)NC2CC2)c2ccccc2)C1;CC1CC(O)CC(C)N1CC(=O)N1CCc2ccccc21;CCCC1(CO)CCN(C(=O)c2cccnc2C2CC2)C1;CC(C)NC(=O)CN(C)C(=O)c1ccc2c(c1)CCCC2;CC(=O)Nc1cccc(CN2CCC3(CCOCC3)C2)c1;CC1COCCN1C(=O)NC(Cc1ccccc1)C1CC1;CC(C)(C)OC(=O)C12CNCC1CN(c1ccccc1)C2;CCCC(NC(=O)NC1CC2CCC1O2)c1ccccc1;CC(NC(=O)N1CCOC(Cc2ccccc2)C1)C1CC1;NC(=O)c1ccc(OCCCN2CC3CCCC3C2)cc1;CCOC1CC1C(=O)NC1CCCN(c2ccccc2)C1;NC(=O)CN(CCC1CCCCC1)C(=O)c1ccccc1;COc1ccc(CCN2CCN(C(=O)C3CC3)CC2)cc1
m_043e86,CC(C)n1nnnc1SCCOc1cccc(C#N)c1;Cc1nnsc1C(=O)N1CCN(c2ccccn2)CC1;C=CCn1c(N)nnc1SCC(=O)Nc1ccccc1;Cc1cn2c(CN(C)C(=O)c3cc[nH]n3)c(C)nc2s1;Cc1nc(-c2ccnc(NC(=O)CC3CSC3)c2)n[nH]1;Cc1cc(C(=O)NC2CCc3nc(N)sc3C2)cnn1;CCn1nc(C)c(Cn2cnc3c(C)csc3c2=O)n1;NCC1CCCN1C(=O)c1cnc(-c2ncccn2)s1;C=CCNC(=O)CSCc1nnnn1-c1ccccc1;O=C(NCc1nnc(C2CC2)n1C1CC1)c1cscn1;O=C(CSCc1nnnn1-c1ccccc1)NC1CC1;Cc1cn2c(CN(C)C(=O)c3cn[nH]c3)c(C)nc2s1;OC(CNc1ncc(Cl)cc1F)CN1CCOCC1;Cn1cc(CC(=O)NC2CC2c2cccc(Cl)c2)cn1;O=C(NCc1ccc(Cl)cc1)C1CCCc2[nH]ncc21;O=C(NC1(c2cccc(Cl)c2)CCCC1)c1cc[nH]n1;CC(NC(=O)NCc1ccc(Cl)cc1)c1ccccn1;Cc1cc(NC(=O)C2CCc3nccn3C2)ccc1Cl;O=C(O)C1CCN(C(=O)CS(=O)(=O)C2CCCC2)C1;CC(C(=O)NC1C2CCC(C2)C1C(=O)O)S(C)(=O)=O;Cc1ccc(NC(=O)c2[nH]nc3c2CCCC3)cc1Cl;Cc1ccc(-c2noc(Cn3ncn(C)c3=O)n2)cc1F;N#Cc1ccnc(NCc2cccc(OCC(F)F)c2)c1;COc1ccc(Cn2nnc3c(cnn3C)c2=O)cc1F;NCC1CCN(C(=O)c2cc(Cl)cc3cccnc23)C1
m_a87b11,CNC(=O)Oc1ccc2c(c1)C1(C)CCN(C(C)=O)C1N2;COc1ccc(C(O)=Nc2cnn(C(C)C)c2)cc1OC;NC12CCC1CN(C(=O)c1coc3c1C(=O)NCCC3)C2;O=C(NC1C2CCC(C2)C1C(=O)O)c1cnn(C2CC2)c1;COc1cc(CCNC(=O)CCn2cccn2)ccc1O;CC1CN(C(=O)c2ccc3c(c2)[nH]c(=O)n3C)CC(C)O1;COC1C2CC3CN(c4ncc(C)cc4[N+](=O)[O-])C1C3C2;Cc1ccc(C(N)=O)cc1N1C(=O)CN(CC(C)C)C1=O;Cc1ocnc1CNC(=O)NC(CO)Cc1ccccc1;CN(Cc1ccco1)C(=O)C1CCOC1c1ccnn1C;COCc1cc(NCc2cn(C)nc2C)cc(C(=O)O)c1;CC(C)C(C)NC(=O)COc1ccc(-c2nnco2)cc1;COC(=O)c1c(NC(=O)CN(C)C)c2ccccc2n1C;CCC(CC)NC(=O)COc1ccc(-c2nnco2)cc1;O=C(c1cc(=O)[nH]c(C2CC2)n1)N1CCOCC1C1CC1;COC(C)(C)c1nc(CC(=O)Nc2ccc(C)cc2)no1;Cc1nc2cc(C(=O)OCCC(=O)N(C)C)ccc2n1C;Cc1oc2ncn(C)c(=O)c2c1C(=O)N1CCCCCC1;Cc1ccoc1CNC(=O)c1n[nH]c2c1CC(C)OC2C;COc1ccc(OC(C)CNC(=O)c2cc(C)n[nH]2)cc1;O=C(O)CCCN1CCN(c2nc3ccccc3o2)CC1;O=C1CCC(NC(=O)c2ocnc2C2CC2)C(C2CC2)N1;CCc1oc(C(=O)N2CCC(c3nc(C)no3)C2)cc1C;CCn1nc(C(=O)NC(C)(C)CO)c(=O)c2ccccc21;COC(=O)C1C2CCC(C2)C1NC(=O)c1cnc(C)cn1
m_8eaf01,NC(=O)c1ncn(C2CCCN(CC3CC=CCC3)C2)n1;CCn1cnc2c(N3CCC(OC)C(C)(C)C3)ncnc21;CCn1cc(CNC2CCOC2c2cnn(C)c2C)cn1;CN(Cc1cc[nH]n1)CC1CCCOC1c1cnn(C)c1;Cc1cnn(CCNC(=O)c2cc(C(C)(C)C)nn2C)c1;CC(C)c1nnc(CNC(=O)c2cccn2C(C)C)n1C;CCn1cncc1CNC1CCOC1c1ccnn1CC;CC(Cc1cc(NC(=O)c2cnn(C)c2)[nH]n1)C(C)(C)C;CN(Cc1cc[nH]n1)CC1CCCOC1c1nccn1C;CCc1nnc(C2CCCN(CCc3cn[nH]c3)C2C)o1;Cn1nccc1C1OCCCC1CNCCn1ccnc1;CC(C)(C)c1nnc2ccc(NCC3CCC(O)C3)nn12;CC(C)(C)c1nnc2ccc(NC3CCOC3(C)C)nn12;CCCCCC=CCCCNc1nc2[nH]cnc2c(=O)[nH]1;CCn1cncc1CNC1CCOC1c1cn(C)nc1C;Cc1nn(C)cc1CNC1CCCOC1c1nccn1C;CCN(CC)C(=O)c1cc(C(C)(C)C)n2nc(C)nc2n1;Cc1nn(C)c(C)c1C(C)C(=O)Nc1ccnn1C(C)C;COC(C)Cn1c(-c2cccn2C)nnc1N1CCCC1;CCC(C)N(C(=O)c1cnc2c(c1)nnn2C)C(C)CC;Cc1nn(C)c(C)c1CCC(=O)N(C)Cc1cnn(C)c1;CC1CN(c2nnc(-c3ccc[nH]3)n2C(C)C)CCCO1;CCC(CC)NC(=O)c1c(C)nn(C)c1-n1ccnc1C;CCn1cncc1CNCC1CCCOC1c1cn[nH]c1;CC(C)(C)c1nnc(CN2CCCC(c3ccn[nH]3)C2)o1
m_08d7f1,Cc1nc(-c2cccs2)c(NC(=O)c2ccco2)s1;O=C(Nc1nnc[nH]1)c1cc(Cl)cc(C(F)(F)F)c1;CC#CC#Cc1ccc(C#CC(Cl)COC(C)=O)s1;NC(=O)c1ncn(C2CCCN(CC3CC=CCC3)C2)n1;NC(=O)c1ncn(C2CCCN(CC3CC=CCC3)C2)n1;NC(=O)c1ncn(C2CCCN(CC3CC=CCC3)C2)n1;NC(=O)c1ncn(C2CCCN(CC3CC=CCC3)C2)n1;NC(=O)c1ncn(C2CCCN(CC3CC=CCC3)C2)n1;NC(=O)c1ncn(C2CCCN(CC3CC=CCC3)C2)n1;NC(=O)c1ncn(C2CCCN(CC3CC=CCC3)C2)n1;NC(=O)c1ncn(C2CCCN(CC3CC=CCC3)C2)n1;NC(=O)c1ncn(C2CCCN(CC3CC=CCC3)C2)n1;NC(=O)c1ncn(C2CCCN(CC3CC=CCC3)C2)n1;NC(=O)c1ncn(C2CCCN(CC3CC=CCC3)C2)n1;NC(=O)c1ncn(C2CCCN(CC3CC=CCC3)C2)n1;NC(=O)c1ncn(C2CCCN(CC3CC=CCC3)C2)n1;NC(=O)c1ncn(C2CCCN(CC3CC=CCC3)C2)n1;NC(=O)c1ncn(C2CCCN(CC3CC=CCC3)C2)n1;NC(=O)c1ncn(C2CCCN(CC3CC=CCC3)C2)n1;NC(=O)c1ncn(C2CCCN(CC3CC=CCC3)C2)n1;NC(=O)c1ncn(C2CCCN(CC3CC=CCC3)C2)n1;NC(=O)c1ncn(C2CCCN(CC3CC=CCC3)C2)n1;NC(=O)c1ncn(C2CCCN(CC3CC=CCC3)C2)n1;NC(=O)c1ncn(C2CCCN(CC3CC=CCC3)C2)n1;NC(=O)c1ncn(C2CCCN(CC3CC=CCC3)C2)n1
m_f7302f,CCc1nn(C)cc1NC(=O)NCC1CC1C(F)(F)F;Cc1cc(C(=O)NC2CCC(C(F)(F)F)N(C)C2)[nH]n1;CN1CC(NC(=O)c2cn(C)cn2)CCC1C(F)(F)F;Cc1cc(C)c(C(=O)NC2COCC2Oc2cn[nH]c2)[nH]1;CCc1n[nH]c(C2CN(C(=O)Cc3ccoc3)CCO2)n1;CC1(NC(=O)CCn2nc3ccccn3c2=O)CCOC1;Cc1cc(C(=O)N(C)C2COCC2O)c2cnn(C)c2n1;Cc1cc(C(=O)N2CCOC(Cn3ccnn3)C2)c(C)o1;CCc1nnc(C2CCCN(C(=O)c3ccon3)C2C)o1;Cc1cc(C(=O)N2CCCC(O)(Cn3ccnn3)C2)co1;Cc1c[nH]cc1C(=O)NC1COCC1Oc1cnn(C)c1;Cc1cc(C(=O)N2CCCC(c3nnc(N)o3)C2)c(C)o1;O=C(NCC1CCCNC1)c1ccn(CC(F)(F)F)n1;Cc1coc(C)c1C(=O)N1CCC(O)(Cn2ccnn2)C1;COc1cccc(CN2CCOCC2c2nc(C)no2)n1;CCc1occc1C(=O)N1CCOC(Cn2ccnn2)C1;COC(=O)C(C)(C)CCNC(=O)c1ccnc2nc[nH]c12;CCOC(=O)C(C)C(C)NC(=O)c1cc2ncccn2n1;Cc1nnc(CC2CCC(NC(=O)c3conc3C)C2)o1;CN1CCCCC1C(=O)NCc1noc(-c2ccco2)n1;Cc1occc1C(=O)N1CCCC(O)(Cn2ccnn2)C1;CCc1occc1C(=O)N1CCCC(c2nnc(N)o2)C1;Cn1nc(C(C)(C)C)c2cc(C(=O)NCC(=O)O)cnc21;COC1CN(C(=O)c2oc(C)cc2C)CC1c1c[nH]nn1;CC(C(=O)Nc1ccc2[nH]c(=O)[nH]c2c1)N1CCOCC1
m_e6bed4,Cc1cccn(CC(=O)N2CCC3(CCCOC3)C2)c1=O;Cc1ccc(O)c(C(=O)NCC(=O)NC2CCCCC2)c1;CC(CCN1CCCC1=O)NC(=O)Cc1ccccc1O;Cc1cc(O)cc(=O)n1CC(=O)NCC1(C2CC2)CCC1;COc1ccccc1C=CCN1CCOC(C)C1C(N)=O;COC(=O)C1CC1C(=O)NC(c1ncccc1C)C(C)C;CC(=O)Nc1ccc(O)c(C(=O)N2CCCCCCC2)c1;CC1(C)CNCCC(NC(=O)c2ccc(C(=O)O)cc2)C1;COC(=O)c1ccc(C)c(NC(=O)CN2CCCCC2)c1;Cc1cccc(NC(=O)C(=O)N2CCOCCC2C)c1C;CC(C)(C)OC(=O)CN1C(=O)C(N)CCc2ccccc21;CCc1oc(C(=O)N2CC(=O)NC3CCCCC32)cc1C;O=C(CCc1ccncc1)NC1CC(O)C12CCOCC2;CCCN(C(=O)Cc1ccc2c(c1)OCO2)C1CCNC1;CNC(=O)C(CC(C)C)NC(=O)c1ccc2c(c1)COC2;Cc1ccccc1C1CN(C(=O)C2CNCCO2)CCO1;O=C(CCc1ccc(=O)[nH]c1)NCC12CCCC1OCC2;CCc1ccccc1NC(=O)C(=O)N1CCOCCC1C;Cc1ccn(CC(=O)N2CCC3(CCCOC3)C2)c(=O)c1;CC(C)(C)OC(=O)NC(CO)Cc1c[nH]c2ccccc12;CC1CC(C)C(C)N(S(=O)(=O)C(C)C(=O)N(C)C)C1;CC(C)(O)CCN1CCCC(N2CCCS2(=O)=O)C1;CCC(O)CC(=O)NCCc1c[nH]c2ccc(OC)cc12;O=C(NC1CCCOC1c1ccncc1)C1CCCOC1;CC1(C)COCCN1CC(O)COc1ccc(C#N)cc1
m_c3e52e,C[N+]1(C)C2CCC1CC(OC(=O)C(O)c1ccccc1)C2;CNC(=O)NC1CN(C(=O)NCCc2cccc(C)c2)C1;CNc1nc(C)cc(C(=O)N2CCOC3CCCCC32)n1;COC1CC(CN2CCCC2)N(C(=O)c2ccnnc2)C1;CC(C)(C)c1ncc(C(=O)N2CC(=O)NCC2(C)C)cn1;COCC1(C(N)=O)CCCN1Cc1cnc(C2CC2)nc1;Cc1nccc(NC2COCCC2NC(=O)C2CC2C)n1;O=C(C1CCCc2[nH]nnc21)N1CCCC1C1CCCO1;NC(=O)C1CCOC1CC1CCN(c2ncccn2)CC1;CC(=O)N1CCOC2CCN(c3ncc(C)c(C)n3)CC21;Cc1noc(C)c1C(C)(C)NC(=O)c1ccn(C(C)C)n1;Cc1noc(C)c1C(C)CNC(=O)c1ccn(C(C)C)n1;Cc1noc(C)c1C(C)(C)NC(=O)c1cnn(C(C)C)c1;Cc1cc(CNCC2CCCOC2c2ccnn2C)on1;CC(=O)N1CCCC(C(=O)Nc2cc(C3CC3)n(C)n2)C1;COCc1nc(C)cc(N2CC(=O)NC3CCCCC32)n1;CC1(C(=O)O)CCCN1Cc1nnc(C2CC2)n1C1CC1;O=C(O)C12CC1CCCN2Cc1nnc2n1CCCCC2;CCc1onc(C)c1CNc1nnc(CC2CCCC2)o1;C=CCNC(=O)C1(NC(=O)c2cc(C)n[nH]2)CCCCC1;CN(C)c1ccnc(C(=O)NCC2CCC3(CNC3)O2)c1;NC1CCCC1CC(=O)N1CCCC1c1ccc(O)nn1;CCNC(=O)c1ccc(NC2CCCC3OCCC23)nn1;CCc1nn(C)c(CC)c1CNC(=O)NCc1ccco1;Cc1nc(C)c(C(=O)N2CCNC(=O)C2C(C)C)nc1C
m_edccdd,C[N+]1(C)C2CCC1CC(OC(=O)C(O)c1ccccc1)C2;CNC(=O)NC1CN(C(=O)NCCc2cccc(C)c2)C1;CNc1nc(C)cc(C(=O)N2CCOC3CCCCC32)n1;COC1CC(CN2CCCC2)N(C(=O)c2ccnnc2)C1;CC(C)(C)c1ncc(C(=O)N2CC(=O)NCC2(C)C)cn1;COCC1(C(N)=O)CCCN1Cc1cnc(C2CC2)nc1;Cc1nccc(NC2COCCC2NC(=O)C2CC2C)n1;O=C(C1CCCc2[nH]nnc21)N1CCCC1C1CCCO1;NC(=O)C1CCOC1CC1CCN(c2ncccn2)CC1;CC(=O)N1CCOC2CCN(c3ncc(C)c(C)n3)CC21;Cc1noc(C)c1C(C)(C)NC(=O)c1ccn(C(C)C)n1;Cc1noc(C)c1C(C)CNC(=O)c1ccn(C(C)C)n1;Cc1noc(C)c1C(C)(C)NC(=O)c1cnn(C(C)C)c1;Cc1cc(CNCC2CCCOC2c2ccnn2C)on1;CC(=O)N1CCCC(C(=O)Nc2cc(C3CC3)n(C)n2)C1;COCc1nc(C)cc(N2CC(=O)NC3CCCCC32)n1;CC1(C(=O)O)CCCN1Cc1nnc(C2CC2)n1C1CC1;O=C(O)C12CC1CCCN2Cc1nnc2n1CCCCC2;CCc1onc(C)c1CNc1nnc(CC2CCCC2)o1;C=CCNC(=O)C1(NC(=O)c2cc(C)n[nH]2)CCCCC1;CN(C)c1ccnc(C(=O)NCC2CCC3(CNC3)O2)c1;NC1CCCC1CC(=O)N1CCCC1c1ccc(O)nn1;CCNC(=O)c1ccc(NC2CCCC3OCCC23)nn1;CCc1nn(C)c(CC)c1CNC(=O)NCc1ccco1;Cc1nc(C)c(C(=O)N2CCNC(=O)C2C(C)C)nc1C
m_aef2b4,Cc1nc(C(=O)N2CC(O)CC2c2ccc(F)cc2)no1;COC(=O)C1(C(=O)NCc2nc3cc(F)ccc3[nH]2)CC1;Cc1nn(C)c(C)c1C(=O)Nc1ccc(F)c(C(=O)O)c1;COC(=O)c1ccc(NC(=O)c2cc(C)nn2C)cc1F;COC(=O)C1(CNC(=O)c2ccc3[nH]cnc3c2F)CC1;Cc1cc(F)ccc1-n1ccc(C(=O)N(C)CC(=O)O)n1;COC(=O)c1ccc(F)c(CNC(=O)c2ccnn2C)c1;O=C(O)C1CCCN(C(=O)c2cc(F)cc3[nH]cnc23)C1;COCc1noc(C2CC(=O)N(c3ccccc3F)C2)n1;CC(C)n1ccc(C(=O)Nc2cc(C(=O)O)ccc2F)n1;COC(=O)c1c(F)cccc1NCc1nnc(C2CC2)o1;Cc1nc(C(=O)N2CC(O)CC2c2cccc(F)c2)no1;Cc1nnc(CC(=O)N2CC(C)Oc3c(F)cccc32)o1;COCC1CN(c2nc(-c3ccccc3)ns2)CCO1;Cn1cncc1C(=O)NCC1(C)OCCc2sccc21;C=CCN(c1ccccc1)S(=O)(=O)c1cn(C)c(C)n1;CCc1cc2c(N3CC(C)C(C(=O)O)C3)ncnc2s1;O=c1[nH]nc(SCc2ccccc2)n1CC1CCCO1;CCc1ccc(-c2noc(CSCC(=O)NC)n2)cc1;O=S1(=O)CCc2nnc(CCc3ccccc3)n2CC1;Cc1c(C2OCCC2C(=O)Nc2ccsc2)cnn1C;Cc1c(C2OCCC2NC(=O)c2ccsc2)cnn1C;CC(C)c1nc(C2CCCN2C(=O)c2ccsc2)no1;CCC1(C)COCCN1C(=O)c1nc2cnccc2s1;NC1CCCN(S(=O)(=O)c2cccc3cnccc23)C1
m_fd693e,COC1CCN(c2ccc(OCC(F)(F)F)nn2)CC1;O=C(NCC1(O)CCCC(C(F)(F)F)C1)c1cc[nH]n1;Cc1[nH]nc(C(F)(F)F)c1C(=O)N1CCCOC(C)C1;Cc1[nH]nc(C(F)(F)F)c1C(=O)N1CCCC(C)(O)C1;Cn1cc(C(=O)N2CCCC(CC(F)(F)F)C2)[nH]c1=O;Cc1nc(CNC(=O)C2CNCC2C(F)(F)F)oc1C;O=C(CCOCC(F)(F)F)NC1CCc2nccn2C1;CC(C)(C)OC(=O)N1CCc2c(C(F)(F)F)n[nH]c2C1;CC(C)OC1CC(NC(=O)c2nc[nH]c2C(F)(F)F)C1;O=C(NCC1CCN(CC(F)(F)F)CC1)c1ccon1;CC(C)(C)OC(=O)N1CCc2[nH]nc(C(F)(F)F)c2C1;Cc1nc(CN2CC(C(N)=O)C(C(F)(F)F)C2)oc1C;CC1CN(c2ccc(OCC(F)(F)F)nn2)CC1CO;O=C(COCC(F)(F)F)N1CCCC(n2cccn2)C1;Cc1nocc1NC(=O)N(CC1CCC1)CC(F)(F)F;CCN(C)C(=O)NCCOc1ccc(C(F)(F)F)cn1;Cc1noc(C)c1CNC(=O)C1CNCC1C(F)(F)F;NC1(CNC(=O)c2ncoc2C(F)(F)F)CCCCC1;O=C(NCC1CCCCC1O)c1nc[nH]c1C(F)(F)F;OCC(CO)C1CCN(c2nccc(C(F)(F)F)n2)C1;COc1cc(C)nc(N2CCC(O)(C(F)(F)F)CC2)n1;CC(C)(C)CC(NC(=O)c1ccc(=O)[nH]n1)C(F)(F)F;CC(C)OC(=O)C(C)N(C)c1nccc(C(F)(F)F)n1;O=C(Cc1ccn[nH]1)NCC1(c2ccc(F)cc2F)CC1;Cc1nn(C)cc1C(=O)N(C)Cc1cc(C(=O)O)c(C)o1
m_070985,CCNCCNS(=O)(=O)c1ccc(OC)c(Cl)c1;CCC(C)C(CO)NS(=O)(=O)c1cncc(Cl)c1;O=C(C=Cc1ccc(Cl)cc1)c1cccc2ccccc12;CCOc1cc(OP(=S)(OC)OC)nc(CC)n1;CCCOc1ccc(NS(=O)(=O)N(C)C)cc1Cl;O=C(O)CC(NC(=O)c1cc(C2CC2)on1)C(F)(F)F;COC(=O)C(C)NC(=O)c1csc(-c2cnccn2)n1;CC(C)(O)C(=O)Nc1ccc([N+](=O)[O-])c(C(F)(F)F)c1;CC(=O)Nc1ccc(S(=O)(=O)Nc2ncccn2)cc1;COC(=O)c1ccc(NC(N)=O)c(OCC(F)(F)F)c1;O=C(O)CCNC(=O)c1ncccc1OCC(F)(F)F;CCC(C)(C)C(=O)Nc1nnc(NS(C)(=O)=O)s1;Cc1ccccc1C=c1sc2nc3ccccc3n2c1=O;CCc1nc(NS(=O)(=O)Cc2ccc(C#N)cc2)no1;COC(=O)c1ccnc(NC(=O)c2cc(F)cc(F)c2)c1;COC(=O)c1ccnc(NC(=O)c2ccc(F)c(F)c2)c1;COC1CCN(c2ccc(OCC(F)(F)F)nn2)CC1;COC1CCN(c2ccc(OCC(F)(F)F)nn2)CC1;COC1CCN(c2ccc(OCC(F)(F)F)nn2)CC1;COC1CCN(c2ccc(OCC(F)(F)F)nn2)CC1;COC1CCN(c2ccc(OCC(F)(F)F)nn2)CC1;COC1CCN(c2ccc(OCC(F)(F)F)nn2)CC1;COC1CCN(c2ccc(OCC(F)(F)F)nn2)CC1;COC1CCN(c2ccc(OCC(F)(F)F)nn2)CC1;COC1CCN(c2ccc(OCC(F)(F)F)nn2)CC1
m_370436,CC(C(=O)NC1CC1)N1CCOC(c2cccc(F)c2)C1;O=C(CCC1CCNC1)NC1CCOc2c(F)cccc21;O=C(c1ccc(CO)c(F)c1)N1CCC(N2CCCC2)C1;CCN(Cc1ccc2[nH]ccc2c1)C(=O)c1ccccc1C;CN1CCC(C(=O)NC2CCOc3c(F)cccc32)CC1;CC(Cc1cccc(F)c1)NC(=O)NC1CC2CCC1O2;O=C(c1ccncc1F)N1CCC2(CCC(O)CC2)CC1;CC(C)CCC(=O)NCC(=O)N1CCc2ccc(F)cc21;CC(C)C(NC(=O)c1c[nH]c2ccccc12)c1ccccc1;CN(C(=O)C1COc2cc(F)ccc2C1)C1(CN)CCC1;Cc1ccccc1CN(C)C(=O)Cc1c[nH]c2ccccc12;CC(C)c1ccc(NC(=O)Cc2c[nH]c3ccccc23)cc1;Cc1ccc(CC(=O)N2Cc3ccccc3C3(CC3)C2)cn1;CCOc1ccc2c(c1)CN(C(=O)C1CC(F)CN1)CC2;COc1ccc(CN(C)C(=O)C2CC3CNCC32)cc1F;Cc1ccccc1CN(C)C(=O)NCC#Cc1ccccc1;CC1CN(C(=O)CNC2CC2)CC(c2ccc(F)cc2)O1;CCC(NC(=O)c1c[nH]c2ccccc12)c1ccc(C)cc1;O=C(NC1CC(c2ccccc2)C1)N1CCC(F)(CO)C1;O=C(C1CNCCO1)N1CCCC1Cc1cccc(F)c1;CC=C1CN2CCC34C(=C(C=O)C1CC23)Nc1ccccc14;CC(=O)NCC1CCN(C(=O)c2ccc(F)cc2C)CC1;C=CC=CC=CC=CC(=O)NCCc1c[nH]c2ccccc12;CC=C1CN2CCC34C(=Nc5ccccc53)C(C=O)C1CC24;CC(=O)C1=CC23CC(C1)CN2CCc1c3[nH]c2ccccc12
m_921c43,O=C(NCC1CCCCO1)C1COCCN1CC(F)F;CC(C(=O)NC1CC1)N1CCOC(c2cccc(F)c2)C1;O=C(CCC1CCNC1)NC1CCOc2c(F)cccc21;CN1CCC(C(=O)NC2CCOc3c(F)cccc32)CC1;CC(Cc1cccc(F)c1)NC(=O)NC1CC2CCC1O2;O=C(c1ccncc1F)N1CCC2(CCC(O)CC2)CC1;CC(C)CCC(=O)NCC(=O)N1CCc2ccc(F)cc21;CN(C(=O)C1COc2cc(F)ccc2C1)C1(CN)CCC1;O=C(c1ccc(CO)c(F)c1)N1CCC(N2CCCC2)C1;CCN(Cc1ccc2[nH]ccc2c1)C(=O)c1ccccc1C;CC(C)C(NC(=O)c1c[nH]c2ccccc12)c1ccccc1;CCOc1ccc2c(c1)CN(C(=O)C1CC(F)CN1)CC2;CC1CN(C(=O)CNC2CC2)CC(c2ccc(F)cc2)O1;COc1ccc(CN(C)C(=O)C2CC3CNCC32)cc1F;O=C(NC1CC(c2ccccc2)C1)N1CCC(F)(CO)C1;Cc1nscc1C(=O)N1CCCC2(CCCCCC2)C1;CC(C)c1ccc(NC(=O)Cc2c[nH]c3ccccc23)cc1;Cc1ccccc1CN(C)C(=O)Cc1c[nH]c2ccccc12;Cc1ccc(CC(=O)N2Cc3ccccc3C3(CC3)C2)cn1;CCC(NC(=O)c1c[nH]c2ccccc12)c1ccc(C)cc1;Cc1ccccc1CN(C)C(=O)NCC#Cc1ccccc1;CC=C1CN2CCC34C(=C(C=O)C1CC23)Nc1ccccc14;O=C(C1CNCCO1)N1CCCC1Cc1cccc(F)c1;Cc1nc(C)c(C(C)NC2C3CCOC3C23CCC3)s1;CC=C1CN2CCC34C(=Nc5ccccc53)C(C=O)C1CC24
m_dc5eb2,CCc1nc(C(C)C)ccc1C(=O)NCC1(O)CCOC1;CCOc1cccc(CNC(=O)C2(C)CC(O)CN2C)c1;CN(CCC1CCOCC1)C(=O)c1onc2c1CCCC2;CCC1(CO)CCN(C(=O)Nc2cccc(OC)c2)CC1;CNC(=O)C1(COC)CCCN1Cc1cccc(OC)c1;Cn1cc(C(=O)NCC2CCOC2C(C)(C)C)ccc1=O;Cc1cc(=O)[nH]cc1C(=O)NCC1CCOC1C(C)(C)C;CNC(=O)COc1ccccc1CN(C)C1CCCC1O;COc1cccc(CC(C)NC(=O)N2CCCOCC2)c1;COc1ccccc1CN(C)C(=O)C1(OC)CCNCC1;COc1ccc(CNC(=O)N2CC(C)C(CO)C2)cc1C;CCCCC(COC)NC(=O)C(=O)Nc1ccccc1C;Cc1noc(C2CC2)c1C(=O)NCC(O)C1CCCCC1;COC1CCCCC1NC(=O)NC(CO)c1ccccc1;COCc1ccc(CNC(=O)N2CC(C)OC(C)C2)cc1;CC(C)(C)OC(=O)N1CC(O)C(NCc2ccccc2)C1;Cc1cccc(C(=O)NC(CO)CN2CCCCC2)c1O;CC(C)COC1CCN(C(=O)c2ccn(C)c(=O)c2)CC1;COCC(=O)N1CCN(c2ccccc2OC(C)C)CC1;CC(C)c1cc(C(=O)NC2CCOC23CCCCC3)no1;CC(C)c1cc(C(=O)N(C)CC2CCCOC2)cc(O)n1;COc1ccccc1CCN(C)C(=O)C1NCCOC1C;CCC(NC(=O)CC(C)c1ccccc1OC)C(=O)NC;COC(C(=O)N(C)CCN1CCOCC1)c1ccccc1;CN(C)C1(CNC(=O)c2occ3c2CCC3)CCOCC1
m_1712db,COc1nc(C)nc(N2CCCC(CC(N)=O)CC2)c1C;C=C(C)CN1CCC(NC(=O)Nc2c(C)noc2C)CC1;O=C(CCN1CCC(c2ccn[nH]2)CC1)N1CCOCC1;Cc1nnccc1NC(=O)N(C)CC1(O)CCCCCC1;CCN1CCN(C(=O)NCc2c(C)cc(C)[nH]c2=O)CC1;Cc1ccc(CNC(=O)NCC2CCCNC2)c(=O)n1C;CCn1ccnc1CNC(=O)N1CC(C)(C)C2COCC21;O=C1CCCN1CC(O)CN1CCCC(c2ccn[nH]2)C1;O=C(COC1CCCCC1)Nc1ccn(C2CCNC2)n1;CCC(=O)NC1CCCN(Cc2nc(O)cc(CC)n2)C1;CCC(C)C(=O)N1CCCN(c2nccc(OC)n2)CC1;COC1CC(c2nc(C)c(C)[nH]2)N(CC(=O)NC2CC2)C1;Cc1cc(N2CCN(C(=O)C3CCCOC3C)CC2)n[nH]1;COCC1(NC(=O)Nc2cnn(C(C)C3CC3)c2)CCC1;COc1ccc(CNC(=O)N2CCN(C(C)C)CC2)cn1;O=C(CCC1CCCO1)NCc1nnc2n1CCCCC2;CCOc1ncccc1NC(=O)NCC1CCCN(C)C1;COC1CC(CN(C)C(=O)CCc2ccncn2)N(C)C1;Cc1cc(CN2CCCC(O)(CC(=O)N(C)C)C2)ncn1;Cc1cc(C)n(CC(C)CNC(=O)C2CCC(=O)NC2)n1;COC1CC(c2nncn2C)N(C(=O)C2CCCCC2)C1;CCC(C)NC(=O)CCNC(=O)NC(C)c1ccccn1;COC1CC(C(=O)Nc2cnc(C(C)(C)C)nc2)N(C)C1;Cn1c(CNC(=O)C2(O)CCCCC2)nnc1C1CCC1;CC(C)CCn1ccc(NC(=O)C23CNCC2COC3)n1
m_99e777,O=C(c1ccoc1)N1CCC(NC2CCSCC2)CC1;CSc1ccc(CNC(=O)N(C)CC(O)C2CC2)cc1;Cc1ncc(C(=O)N2CCC3(CCC(O)CC3)CC2)s1;CSC1CCCCC1NC(=O)c1onc2c1CCCC2;CC1CCCC(NC(=O)CNC(=O)c2cccs2)C1C;O=C(CCC1CCCO1)NC1(c2nccs2)CCCC1;CCc1ccccc1S(=O)(=O)N1CCCC2CNCC21;Cc1nc(C2CCCN(C(=O)C3CCOC3)C2)sc1C;CSc1ccc(CNCC2(C(N)=O)CCOCC2)cc1;CC(C)(C)OC(=O)C1CC2CCC1N2Cc1cscn1;Cc1cc(C)cc(CC(C)NC(=O)CSCC(N)=O)c1;Cc1ccc(C2CC2C(=O)NCCNC(=O)C(C)C)s1;Cc1csc(C2CCCCN2C(=O)CC2CCCO2)n1;CSc1ccccc1C(=O)NCC(C)N1CCOCC1;CC1CN(CC(=O)N2CCCC2c2cccs2)CCO1;O=C(NCC(CO)C1CC1)c1scnc1C1CCCC1;O=C(NCC(O)C1CCC1)c1scnc1C1CCCC1;Cc1cscc1C(=O)N1CCN(C2CCOCC2)CC1;CSCc1cccc(CNC(=O)N2CCCC(O)C2)c1;CC(C)NC(=O)CNC(=O)C(C)SCc1ccccc1;CSCc1cccc(CNC(=O)N2CCCC2CO)c1;CCc1csc(C2CCCN(C(=O)C3CCOC3)C2)n1;CC(C)(C)Oc1ccc(C(=O)N2CCCSCC2)cn1;Cc1nc(C2CCCN(CC3(C(=O)O)CC3)C2)sc1C;CSc1ccc(C(C)NC(=O)N2CCC(C)(O)C2)cc1
m_b51204,OCC1CCCN(c2cc(NC3COCC3O)ncn2)C1;CCn1cc(C(=O)N2CCCC2(COC)C(=O)NC)cn1;Cc1nonc1CNC(=O)N1CCC2(O)CCCCC2C1;CCCCn1ncc(NC(=O)NC2CC(C(=O)O)C2)c1C;O=C(COCC1CC1)N1CCCC(O)(Cn2ccnn2)C1;COC1CN(C(=O)C2CCCc3[nH]nnc32)C(C)(CO)C1;O=C(Cn1cc(C(=O)O)nn1)NCC1CCCCCCC1;CNCC1CCN(C(=O)c2c(OC)ncnc2OC)CC1;NC(=O)C1COCCN1Cc1noc(C2CCCCC2)n1;CC(C)CCC(=O)NC1CC(C(=O)O)CC1n1ccnn1;CNC(=O)C1(COC)CCCN1C(=O)Cc1cc(C)[nH]n1;Cc1noc(C2CN(C(=O)C3(O)CCCC3)CCN2C)n1;O=C(COC1CCCC1)N1CCCC(c2nc(=O)[nH][nH]2)C1;CNC(=O)CC1(O)CCCN(Cc2nccnc2OC)C1;COCCC1COCCN1C(=O)C1CCCc2[nH]nnc21;COc1cc(N2CCCC(O)(CC(=O)N(C)C)C2)ncn1;COC(=O)c1ncn(CC(=O)N(C)C2CCCCC2C)n1;CCOCC(=O)NC1CCOCC1Nc1ccnc(C)n1;Cc1cnn(C2CCCN(C(=O)NCCCC(=O)O)C2)c1;O=C(CC1COCCN1)Nc1cc(C2CCOCC2)[nH]n1;Cc1cc(NC(=O)CN2CCCC(C)C2C(=O)O)n(C)n1;COc1cc(C(=O)NCC2CCCN2CCCO)ncn1;Cn1nc(C2CCCOC2)cc1NC(=O)N1CCCCO1;CC(C)n1ccc(NC(=O)CN2CCCCC(O)C2=O)n1;O=C(CCCn1cncn1)NC1CCCCCC1C(=O)O
m_0d3550,CCCOc1ccc(C(=O)OCCN(CC)CC)cc1N;COc1ccccc1CC(C)(CO)NCC(=O)NC(C)C;CCc1oc(C(=O)N2CC(C)N(CCO)C(C)C2)cc1C;O=C(NCC1CCCO1)C1CC(=O)N(C2CCCCC2)C1;CC(C)CCN1C(=O)CC(N2CCC3(CCOC3)C2)C1=O;CCc1ccc(C2COCCN2CC(=O)NCC(C)C)o1;Cc1ccc(CNC(=O)NCCCO)c(OC(C)(C)C)c1;CCOC1CC(O)(CNC(=O)c2ccc(C)n2C)C1(C)C;COc1ccc2c(c1)C(NCC(O)CN(C)C)CCCO2;CC(C)c1cc(C(=O)N2CCOC(C(C)(C)C)CC2)no1;O=C1OCCC1N1CCCN(C(=O)CC2CCCC2)CC1;COCCN(CC1CC=CCC1)C(=O)C1CCCC(=O)N1;O=C1OCCC1N1CCN(C(=O)CC2CCCCC2)CC1;COCC(C)(CCO)NC(=O)c1cccn1C1CCCC1;CC(C)c1ccc(CNCC(O)CCC(N)C(=O)O)cc1;CN1CCC(C(=O)N2CCC23CCC(CO)CC3)CC1=O;CC1(C)CCCCN(C(=O)C(=O)N2CC3CCC(C2)O3)C1;CCOC(=O)C1CCN(Cc2ncc(C(C)(C)C)o2)CC1;COCC(=O)NC(C(=O)N1CC2C3CCC(C3)C21)C(C)C;CCC(=O)N1CCOC2(CCN(C(=O)C3CC3C)CC2)C1;CCOC1CC(NC(=O)C2(C)CCCNC2=O)C12CCC2;COC(=O)C1CCC(C(=O)N2CC3CN(C)CC3C2)CC1;CC(NC(=O)NCC1CCOC1C(C)(C)C)c1ccco1;COc1ccccc1OCCN1CCCC(NCCO)C1;CNC(=O)c1ccc(CN(C)CC2(O)CCC(C)CC2)o1
m_f2d901,N#Cc1cc(F)c(NCC(O)CN2CCCC2=O)c(F)c1;COc1c(F)cc(NC(=O)c2cc(C(C)C)[nH]n2)cc1F;OCC1COC(Cn2cncn2)(c2ccc(F)cc2F)C1;O=C(Cc1n[nH]c2ccccc12)N1CCC(OC(F)F)C1;OCC1CN(c2ncnc3c(F)c(F)ccc23)CCC1O;O=c1c2ccccc2nc(NC2CC(F)(F)C2)n1CCO;CCn1ccnc(Nc2ccc(OCC(F)F)cc2)c1=O;N#CC1(C(=O)Nc2cccc(OCC(F)F)n2)CCCC1;Cc1noc(C2COCCN2Cc2cc(F)ccc2F)n1;CCc1ccnc(-c2noc(C3CC(OC(F)F)C3)n2)c1;O=C(CN1CCCc2cc(F)c(F)cc21)N1CCNC1=O;Fc1ccc(F)c(NCc2noc(C3CCOCC3)n2)c1;Cc1noc(C2COCCN2Cc2cccc(F)c2F)n1;CCCc1cc(N2CC(S(C)(=O)=O)C2)n2ncnc2n1;N#Cc1ccc(CN2c3ccccc3CC2C(N)=O)c(F)c1;Cc1noc(C2CC(O)CN2c2nc(C(C)C)ns2)n1;CC(C)(C)c1nnc(SCCOc2ccccc2F)[nH]1;CCn1cc(S(=O)(=O)Nc2cccnc2N(C)C)cn1;Cc1n[nH]c(-c2ccccc2)c1NC(=O)c1ccccc1F;c1ccc2c(c1)N=C(N1CCNCC1)c1ccccc1S2;c1cnc2c(-c3nccc4c3[nH]c3ccccc34)cccc2c1;CCCc1cc(=O)n2nc(NCC(=O)NCC)sc2n1;COC(C)(C)c1nsc(NCc2nc(C)cc(=O)[nH]2)n1;CCc1nsc(N2CC(OC)CC2c2nnc(C)o2)n1;COCc1nsc(NC(=O)Cc2c(C)nn(C)c2C)n1
m_db2018,CCNc1nc2c(ncn2C2CC(O)C(CO)O2)c(=O)[nH]1;CC(C)N1C(=O)CC(NC(=O)Cn2ncn(C)c2=O)C1=O;CN(C)c1ncnc2c1ncn2C1OC(CO)C(O)C1O;CCNc1ncnc2c1ncn2C1OC(CO)C(O)C1O;N#Cc1cccc(N2CCC(C(F)(F)F)C3(CCC3)C2)n1;CC(=O)OC(C)C(NCC(O)C(O)C(O)CO)C(=O)O;CC(C)C(NCC(O)C(O)C(O)C(O)C(=O)O)C(=O)O;N#Cc1cc(F)c(NCC(O)CN2CCCC2=O)c(F)c1;N#Cc1cc(F)c(NCC(O)CN2CCCC2=O)c(F)c1;N#Cc1cc(F)c(NCC(O)CN2CCCC2=O)c(F)c1;N#Cc1cc(F)c(NCC(O)CN2CCCC2=O)c(F)c1;N#Cc1cc(F)c(NCC(O)CN2CCCC2=O)c(F)c1;N#Cc1cc(F)c(NCC(O)CN2CCCC2=O)c(F)c1;N#Cc1cc(F)c(NCC(O)CN2CCCC2=O)c(F)c1;N#Cc1cc(F)c(NCC(O)CN2CCCC2=O)c(F)c1;N#Cc1cc(F)c(NCC(O)CN2CCCC2=O)c(F)c1;N#Cc1cc(F)c(NCC(O)CN2CCCC2=O)c(F)c1;N#Cc1cc(F)c(NCC(O)CN2CCCC2=O)c(F)c1;N#Cc1cc(F)c(NCC(O)CN2CCCC2=O)c(F)c1;N#Cc1cc(F)c(NCC(O)CN2CCCC2=O)c(F)c1;N#Cc1cc(F)c(NCC(O)CN2CCCC2=O)c(F)c1;N#Cc1cc(F)c(NCC(O)CN2CCCC2=O)c(F)c1;N#Cc1cc(F)c(NCC(O)CN2CCCC2=O)c(F)c1;N#Cc1cc(F)c(NCC(O)CN2CCCC2=O)c(F)c1;N#Cc1cc(F)c(NCC(O)CN2CCCC2=O)c(F)c1
m_444a56,CC(C)CN(CC(C)(C)C)C(=O)c1ccc(C(N)=O)s1;NCCCC(NCC(O)C(O)C(O)C(O)CO)C(=O)O;NC(CCC(O)CNCC(O)C(O)C(O)CO)C(=O)O;Cc1ccc(CNC(=O)NCCCC2CCCCO2)s1;Cc1nc(SC(C)C(=O)NCC2CCCCC2)oc1C;CC(CNC(=O)NC1CCC(O)CC1)Cc1cccs1;CC(C)c1nc(CN2CCCC(CCC(=O)O)C2)cs1;CCC(CC)C(NC(=O)CN(C)C(C)=O)c1cccs1;CC(C)c1csc(CNC(=O)C(C)C2CCOCC2)n1;CCC(NC(=O)N1CCCC1(CC)CO)c1cccs1;[O-][S+](Cc1noc(C2CCCCC2)n1)C1CCCCC1;Cc1ccc(C(C)NCC2CCC(C(=O)N(C)C)O2)s1;CCOCC1CCCN(C(=O)NCc2sccc2C)C1;CC(CNC(=O)NC1CCCCC1O)Cc1cccs1;CCNS(=O)(=O)C1CCN(Cc2cccc(C)c2C)C1;CC(C)(C)c1csc(CCNC(=O)C2CCOCC2)n1;CSC(CO)C(C)NC(=O)c1cc(C)n(C2CC2)c1C;CC(C)c1ccccc1S(=O)(=O)N(C)C1CCNCC1;COC1(C)CC(NC(=O)CCCc2nccs2)C1(C)C;CNC(=O)NCC(=O)N1CCN(Cc2noc(C)n2)CC1;CCCS(=O)(=O)NCC(C)N1CCc2ccccc2C1;CC(CNS(=O)(=O)C(C)C)N1CCc2ccccc2C1;CCN(CC)S(=O)(=O)N1CCC(c2ccccc2)CC1;CCS(=O)(=O)NCC(C)(C)N1CCc2ccccc2C1;Cc1scc(C(=O)NC(CO)CN2CCCCC2)c1C
m_935b22,CC(COc1ccc(C=Cc2ccccc2)cc1)[N+](C)(C)C;FCCn1ncnc1CN1CCOC(C2CCCCC2)C1;Cc1cccc(CNC2CCCN(c3cccnn3)C2)c1C;c1cncc(CNC2CCCc3cn(C4CCCC4)nc32)c1;Cc1ccc(CNC2CCCN(c3cccnn3)C2)c(C)c1;CC1(C)C(NC2CCc3ncnn3C2)CC1c1ccccc1;c1ccc(CCCNC2CCCN(c3cccnn3)C2)cc1;CCc1nsc(N(CCN2CCCCCC2)C(C)C)n1;Cc1ccc(CNC2CCN(c3ncccn3)CC2)c(C)c1;CC1(C)CCN(Cc2nccc(N)n2)CC1c1ccccc1;Cc1ccc(C2CC(C)N(c3ccnc(N(C)C)n3)C2)cc1;Cc1cccc(CNC2CCN(c3ncccn3)CC2)c1C;Cc1ccc(CNCC2CCN(C)C2c2cccnc2)nc1;CC12CC1CCCC2NCc1ccc(Cn2cncn2)cc1;CN(C)c1nccc(N2CCCC(c3ccccc3)CC2)n1;c1ccc(C(CC2CCC2)NCc2nnc3n2CCC3)cc1;Cc1ccnc(NCC2CCN(Cc3cccnc3C)C2)c1;Cc1ccc(CNC2CCN(c3ncccn3)CC2)cc1C;CN(CCc1ccncc1)Cc1ccc(N2CCCC2)nc1;CC(C=CC(=O)O)=CCC(O)C(C)=CCCC(C)C(C)O;CC(C)CN(CC(C)(C)C)C(=O)c1ccc(C(N)=O)s1;CC(C)CN(CC(C)(C)C)C(=O)c1ccc(C(N)=O)s1;CC(C)CN(CC(C)(C)C)C(=O)c1ccc(C(N)=O)s1;CC(C)CN(CC(C)(C)C)C(=O)c1ccc(C(N)=O)s1;CC(C)CN(CC(C)(C)C)C(=O)c1ccc(C(N)=O)s1
m_bb75e4,CN(CCC(=O)O)c1nnc(-c2ccccc2Cl)s1;COC(=O)CSc1nncn1-c1ccc(C)c(Cl)c1;O=S(=O)(c1cccc(Cl)c1)N1CCCn2nccc21;COCc1nc(C)c(C(=O)Nc2ncccc2Cl)s1;Cc1c(Cl)cccc1S(=O)(=O)N(C)c1cnccn1;Cn1cc(S(=O)(=O)N2CCc3c(Cl)cccc32)cn1;CC#CCN(C)S(=O)(=O)c1c[nH]c2ncc(Cl)cc12;Cc1sc(C=Cc2nn(C)c(C)c2Cl)nc1C(=O)O;COc1ncc(NCc2ccc(Cl)s2)cc1C(N)=O;COc1ncc(NCc2sccc2Cl)cc1C(N)=O;CCOC(=O)Cc1csc(Nc2ccc(Cl)cn2)n1;COC(=O)c1n[nH]cc1NC(=O)c1ccc(F)c(Cl)c1;CC(COc1ccc(C=Cc2ccccc2)cc1)[N+](C)(C)C;CC(COc1ccc(C=Cc2ccccc2)cc1)[N+](C)(C)C;CC(COc1ccc(C=Cc2ccccc2)cc1)[N+](C)(C)C;CC(COc1ccc(C=Cc2ccccc2)cc1)[N+](C)(C)C;CC(COc1ccc(C=Cc2ccccc2)cc1)[N+](C)(C)C;CC(COc1ccc(C=Cc2ccccc2)cc1)[N+](C)(C)C;CC(COc1ccc(C=Cc2ccccc2)cc1)[N+](C)(C)C;CC(COc1ccc(C=Cc2ccccc2)cc1)[N+](C)(C)C;CC(COc1ccc(C=Cc2ccccc2)cc1)[N+](C)(C)C;CC(COc1ccc(C=Cc2ccccc2)cc1)[N+](C)(C)C;CC(COc1ccc(C=Cc2ccccc2)cc1)[N+](C)(C)C;CC(COc1ccc(C=Cc2ccccc2)cc1)[N+](C)(C)C;CC(COc1ccc(C=Cc2ccccc2)cc1)[N+](C)(C)C
m_eaecd7,COc1cc(Cl)ccc1C(=O)N1CCCC(C(=O)O)C1;Cc1c(Cl)cccc1C(=O)N1CCOC(CC(=O)O)C1;O=C(c1cc(Cl)c2c(c1)OCCCO2)N1CCC1CO;COc1ccc(Cl)cc1CN(C)C(=O)C1CC1C(=O)O;COC1CCN(C(=O)c2ccc(C(=O)O)cc2Cl)CC1;COc1ccc(CC(=O)N(CC(=O)O)C2CC2)c(Cl)c1;COc1cc(C(=O)N2CCC(C(=O)O)CC2)ccc1Cl;Cc1cccc(C(=O)N2CCC(O)(C(=O)O)CC2)c1Cl;COc1ccc(Cl)cc1CC(=O)N(CC(=O)O)C1CC1;COC1(CC(=O)Nc2ccc(Cl)c(C(=O)O)c2)CCC1;COc1ccc(C(=O)N2CCC(C(=O)O)CC2)c(Cl)c1;COC(=O)c1cc(Cl)cc(C)c1NC(=O)C1CCCO1;CC(OCC1CC1)C(=O)Nc1ccc(Cl)c(C(=O)O)c1;Cc1cccc(C(=O)N2CCOCC2CC(=O)O)c1Cl;COc1ccc(Cl)cc1C(=O)N1CCCC(C(=O)O)C1;COCC1(C(=O)O)CCCN1C(=O)c1ccccc1Cl;COc1ccc(Cl)cc1CC(=O)N1CCC(C(=O)O)C1;CCOP(=O)(OCC)Oc1cc(-c2ccccc2)on1;O=C(O)CN(C(=O)COCc1ccccc1Cl)C1CC1;COC(=O)C1(N(C(=O)c2ccc(Cl)o2)C2CC2)CCC1;Cc1ccc(C(=O)N2CCC(O)(C(=O)O)CC2)cc1Cl;O=C(O)CN(C(=O)c1ccccc1Cl)C1CCOCC1;O=C(CCC1CCCO1)Nc1ccc(C(=O)O)c(Cl)c1;COc1ccc(CCNC(=O)C2(C(=O)O)CC2)c(Cl)c1;COC1(C(=O)O)CCN(C(=O)c2cccc(Cl)c2C)C1
m_4bc064,CC(C)c1nnc(CNC(C)c2ccc(F)cc2Cl)o1;Cc1ccc(O)c(C(=O)N2CCC(C)S(=O)(=O)CC2)c1;Cc1cc(C(=O)NCC2(C(=O)O)CCOCC2)sc1C;Cc1ccc(C(=O)N2CCS(=O)(=O)C(C)(C)C2)cc1O;Cc1ccc(OCC(=O)NC2CCS(=O)(=O)C2)c(C)c1;Cc1ccc(C(=O)N(CCC(=O)O)CC2CCCO2)s1;CCOc1cccc(C(=O)N2CCC(S(C)(=O)=O)C2)c1;CCCc1cc(C(=O)N2CCOCC2C(=O)O)sc1C;CC1(C)OCCC1NC(=O)c1ccc(S(C)(=O)=O)cc1;COc1cc(C(=S)N2CCOCC2)cc(OC)c1OC;Cc1ccc(S(=O)(=O)NC2CCC(C(=O)O)C2)cc1C;COCc1ccc(C(=O)N(C)C2CCS(=O)(=O)C2)cc1;CCc1ccc(C(=O)N(CC(=O)O)C2CCOCC2)s1;O=C(O)C1CCCN(S(=O)(=O)CCc2ccccc2)C1;Nc1nnc(SCc2cnc3ccccc3c2)n1C1CC1;CC1CC(C)CN(S(=O)(=O)c2cccc(C(=O)O)c2)C1;CSc1ccc(C(NC(=O)OC(C)(C)C)C(=O)O)cc1;CC1OCCC1(C)NC(=O)c1ccc(S(C)(=O)=O)cc1;COC(=O)c1ccc(CN(C)C2CCS(=O)(=O)C2)cc1;Cc1ccc(-n2nnnc2SCCc2ccncc2)cc1;CC(C)COC1CCN(C(=O)c2ccc(C(=O)O)s2)C1;COc1ccccc1CNC(=O)CC1CCS(=O)(=O)C1;C=CCN(CC=C)S(=O)(=O)c1cc(OC)ccc1OC;CSCCC(NC(Cc1ccccc1)C(=O)O)C(=O)O;CCc1ccccc1S(=O)(=O)N1CCCC1(C)C(=O)O
m_d4c45b,c1ccc(-c2ncc[nH]2)c(CNc2nc(C3CC3)ns2)c1;Nc1nnc(SCc2cnc3ccccc3c2)n1C1CC1;CC(C)c1nnc(CNC(C)c2ccc(F)cc2Cl)o1;Cc1ccc(-n2nnnc2SCCc2ccncc2)cc1;c1nc(N2CCc3c(ncn3C3CC3)C2)c2sccc2n1;c1ccc(-c2nnc3n2CCN(Cc2cscn2)C3)cc1;CCc1ncc2c(n1)CN(c1ncnc3sccc13)CC2;O=S(=O)(c1ccc2c(c1)OCCCO2)N1CCCCC1;COC(=O)c1ccc(C(=O)NC2CCCCC2OC)s1;CC1CCCCC1OCC(=O)Nc1cc(C(=O)O)cs1;CC(C)S(=O)(=O)NC(=O)c1ccc2c(c1)C(C)(C)CO2;C=CCC(C)NS(=O)(=O)c1cc(C(=O)O)cc(C)c1C;CC(C)COC1CCN(C(=O)c2ccc(C(=O)O)s2)C1;Cc1ccc(O)c(C(=O)N2CCC(C)S(=O)(=O)CC2)c1;Cn1cc(NC(=O)Nc2cccc(OCC(F)F)n2)cn1;COCc1cccc(S(=O)(=O)N2CC3C(CO)C3C2)c1;O=C(O)CC(NC(CO)C(O)C(O)C(O)CO)C(=O)O;CSc1ccc(C(NC(=O)OC(C)(C)C)C(=O)O)cc1;CC1CC(C)CN(S(=O)(=O)c2cccc(C(=O)O)c2)C1;O=C(O)C1CCCN(S(=O)(=O)CCc2ccccc2)C1;O=C(O)CC(NCC(O)C(O)C(O)C(O)CO)C(=O)O;CC1OCCC1(C)NC(=O)c1ccc(S(C)(=O)=O)cc1;CCOc1cccc(C(=O)N2CCC(S(C)(=O)=O)C2)c1;Cc1ccc(OCC(=O)NC2CCS(=O)(=O)C2)c(C)c1;Cc1ccc(C(=O)N2CCS(=O)(=O)C(C)(C)C2)cc1O
m_4690d3,Cc1nc(C)c(C)c(NCC2(c3ccccc3)CC(O)C2)n1;Cc1cc(C(=O)N2CCC(C)(C)CC2)ccc1-n1cccn1;COC1CC(c2ncc[nH]2)N(Cc2cccc(C3CC3)c2)C1;Cc1cccc(C2(C(=O)NCc3cnn(C)c3)CCCC2)c1;Cc1cc(C(=O)N2CCCC2(C)Cc2ccccc2)nn1C;CCc1cc(NCC2(c3ccccc3)CC(O)C2)nc(C)n1;OCCC1CCCN(c2ccnc(Cc3ccccc3)n2)C1;Cc1nc2ccccc2nc1CN1CCOC2CCCCC21;CC(C)c1cccc(N(C)C(=O)C2CCn3ccnc3C2)c1;CCC(c1ccccc1)C1CCCN1C(=O)c1ccnn1C;Cc1cc(C)n(-c2ccc(C(=O)N3CCCCCC3)cc2)n1;Cc1ncc(C(=O)N(C)C(C)c2ccccc2)c(C(C)C)n1;CCC1CCC(C)N(C(=O)c2ccc(-n3ccnc3)cc2)C1;Cc1ccc(C(=O)N2CCCC2c2c(C)n[nH]c2C)c(C)c1;Cc1cc(C)n(Cc2cccc(C(=O)N(C)CC3CC3)c2)n1;CCn1cc(CC(=O)NC(c2ccccc2C)C2CC2)cn1;CCc1nn(C)c(CC)c1CC(=O)N1CC(F)CC1CO;O=C(c1cccc2[nH]ncc12)N(CC1CCCCC1)C1CC1;NCC1CCN(C(=O)c2cccn2CCc2ccccc2)C1;Cn1ccc(CNC(=O)N2CCCC2Cc2ccccc2)c1;Cc1cc(C)c2c(c1)CCN(C(=O)CCc1cncn1C)C2;Cc1ccc(C(=O)N2CCC(Cn3cccn3)CC2)cc1C;CCC1c2ccccc2CCN1C(=O)CCn1cc(C)cn1;Nc1cc(CN2CCCC(CO)(c3ccccc3)C2)ccn1;CN(C)Cc1cccc(CNC(=O)c2[nH]ccc2C2CC2)c1
m_c89ffd,CN(Cc1ccc(F)c(Cl)c1)Cc1nc(N(C)C)no1;CC(C)c1nccc(Sc2nnc(-c3ccncc3)[nH]2)n1;Cc1cc(SCc2cnn(C)n2)nc(-c2ccccn2)n1;COC(=O)c1ccccc1S(=O)(=O)N1CCN(C)CC1;CS(=O)(=O)c1ccc(OCCNC(=O)NC2CC2)cc1;CC1CN(S(=O)(=O)c2cccc(C(N)=O)c2)CC1CO;Cc1nscc1C(=O)N(CCC(=O)O)CC1CCCO1;CCOC(=O)c1c(N)sc2c1CCN(C(=O)OCC)C2;CCCS(=O)(=O)c1ccccc1C(=O)NC(C)C(N)=O;COc1ccc(S(N)(=O)=O)cc1NC(=O)C1CCCC1;CC(C)c1ncc(C(=O)N2CCOCC2CC(=O)O)s1;O=C(O)C1CCC(CNS(=O)(=O)c2cccnc2)CC1;Cc1oc(S(N)(=O)=O)cc1C(=O)NCC1CC=CCC1;CCOc1ccc(-c2c(C)c3cc(F)ccc3oc2=O)cc1;COCC(NC(=O)c1ccc(S(N)(=O)=O)cc1)C1CC1;Cn1cc(S(=O)(=O)NCC2CC=CCC2)cc1C(=O)O;CC(O)CNS(=O)(=O)c1ccc(C(=O)NC2CC2)cc1;COC1CCCCC1OC(=O)c1csc(NC(C)=O)n1;C=C(C)CC(C)C(=O)Nc1ccc(O)c(S(N)(=O)=O)c1;O=C(O)C1CCCN1CCNS(=O)(=O)c1ccccc1;CN(C)S(=O)(=O)c1ccc(C(=O)N2CC(CO)C2)cc1;Clc1ccc(C2CCCN2c2ncnc3[nH]ccc23)cc1;CS(=O)(=O)Nc1cccc(C(=O)NCC2CCCO2)c1;CCCc1nc(C)c(C(=O)N2CCOC(C(=O)O)C2)s1;NC1CCCCC1NS(=O)(=O)c1ccc2c(c1)OCO2
m_d3998e,COP(=O)(OC)N1CC2CC(C1)c1cccc(=O)n1C2;Cn1cc(Cl)cc1C(=O)N1CCCC(CCC(=O)O)C1;Cn1cc(Cl)cc1C(=O)N1CCCCC1CCC(=O)O;COC(=O)C1(CNC(=O)c2cc(Cl)c[nH]2)CCCCC1;COCC1CN(C(=O)NCCOc2cccc(Cl)c2)C1;COCC1CCN1C(=O)c1cnc(OC(C)C)c(Cl)c1;COc1ccc(CN2CC(OC)CC2C(N)=O)cc1Cl;COc1ccc(CN2CCCC(O)(C(N)=O)C2)cc1Cl;COc1ccc(CNC(=O)C2NCCOC2C)cc1Cl;CC(=NOCC(=O)OCCN(C)C)c1ccc(Cl)cc1;COc1ccc(Cl)c(CN2CCOC(C)C2C(N)=O)c1;COc1ccc(CN2CCOC(C)C2C(N)=O)cc1Cl;NC(=O)C1(O)CCCN(CCOc2cccc(Cl)c2)C1;COC(CNC(=O)C1COCCN1)c1ccccc1Cl;COc1ccc(Cl)cc1CN(C)C(=O)C1CC(O)CN1;COCC1CN(C(=O)c2ccc(Cl)cn2)CC(C)(C)O1;Cc1nnc(N2CCN(C(=O)OC3CCOC3)CC2)s1;COc1cc(C(=O)NCC2CNCCCO2)ccc1Cl;COC1CNC(C(=O)NCCOc2ccc(Cl)cc2)C1;COc1cc(Cl)ccc1CNC(=O)N1CCCC(O)C1;NC(=O)C1CC(O)CN1CCCOc1ccc(Cl)cc1;COc1ccc(Cl)cc1CN(C)C(=O)C1CNCCO1;CC1OCCN(CCOc2ccccc2Cl)C1C(N)=O;COc1ccc(Cl)cc1CN(C)C(=O)C1COCCN1;O=C(O)CN1CCN(CCOc2ccc(Cl)cc2)CC1
m_1b1573,CC1CC(C)CN(C(=O)Cn2cnc(-c3ccccc3)n2)C1;Cc1n[nH]c(C)c1CC(=O)N1CC(C)CC1c1cccnc1;CN(C)CC1(O)CCN(c2ccnc(-c3ccccc3)n2)C1;OC1CC(c2ccccc2)N(Cc2nnc3n2CCCC3)C1;COc1cccc(CN2CCC(Nc3ncccn3)CC2)c1;Cc1ccc(CC(=O)Nc2cn[nH]c2C2CCNC2)cc1C;CN(C)c1ccccc1CNC(=O)C1CCn2cncc2C1;Cc1nccn1-c1ccccc1CNC(=O)N1CCCCC1;CC(C)n1nccc1CNc1ccc2c(c1)CCCC(=O)N2;CCC1(NC(=O)Nc2cn(-c3ccccc3)nc2C)CCC1;CN(C)c1nccc(N2CCC(CO)(c3ccccc3)C2)n1;Cc1cccc(C2(C(=O)NC(C)c3nc[nH]n3)CCCC2)c1;Cc1cc(C)n2ncc(C(=O)N3CCC4(CCC4)CC3)c2n1;CC(C(=O)NC1(Cc2ccccc2)CCCC1)n1cncn1;Cc1ccc(C(=O)N2CCCC2c2c(C)n[nH]c2C)c(C)n1;CCc1ccc(C(=O)N2CCCC(c3nncn3C)C2)cc1;Cc1c(NC(=O)NCC2(C)CCC2)cnn1-c1ccccc1;CC1(C)C2CCC1(C)C(NC(=O)c1cn3cccnc3n1)C2;Cc1cc(NC(=O)C2CCN(C)CC2)nn1-c1ccccc1;CC(C(=O)N1CCN(C)CC1c1ccccc1)n1ccnc1;CCn1cc(C2CCN(C(=O)Cc3cccnc3)CC2)cn1;O=C(Cc1cnn2ccccc12)NCC12CCCN1CCC2;CCCn1cc(NC(=O)NCc2ccc(C3CC3)cc2)cn1;O=C(NCCN1CCCC1)c1cccc(Cn2ccnc2)c1;CCC(C(=O)N1CC(n2nc(C)nc2C)C1)c1ccccc1
m_91512a,COc1ccc(C=C2c3cc(C)ccc3-c3ncccc32)cc1;O=C(c1ccc(-c2ccccc2)cc1)N1CCc2ccccc21;CCCc1cc(NC(=O)CS(=O)(=O)C2CCCC2)n[nH]1;CN(C)CC1(O)CCCN(S(=O)(=O)c2cccnc2)C1;Cc1nn(C)c(C)c1C(C)C(=O)N1CCS(=O)(=O)CC1;Cn1ccc(CN2CCCC(NS(C)(=O)=O)C2)cc1=O;Cn1ccc(CN2CCCN(S(C)(=O)=O)CC2)cc1=O;O=C(NC1CC2OCCCC12)c1ccc(F)c2ccccc12;CC1(C)COC(c2ccc(F)cc2C(O)c2ccccc2)=N1;Cc1ncc(CN(C)C(=O)NCC2CCC(CO)O2)s1;COC1COCC1NC(=O)Nc1ncc(C(C)(C)C)s1;O=C(CCc1cc(F)ccc1F)NCC1(O)CCOCC1;O=C(Nc1ccc(CCO)cc1)C1CC1c1cccc(F)c1;COc1cc(C)nc(N2CCC(C)(C)S(=O)(=O)CC2)n1;O=C(CCc1cccc(F)c1)NC1c2ccccc2CC1O;COc1ccc(CCC(=O)N2CC(F)CC2CO)cc1F;COC1CC(CO)N(C(=O)CCc2cccc(F)c2F)C1;COC1(C)CC(NC(=O)c2c(F)ccc(O)c2F)C1(C)C;COc1cnc(NC(=O)NCC(O)C2CCCCC2)s1;c1ccc(-c2nn(-c3ccccc3)[n+](-c3ccccc3)n2)cc1;Cc1onc(N)c1S(=O)(=O)NC(C1CCC1)C1CCC1;Cc1nc(S(=O)(=O)N2CCOC3(CCCC3)C2)cn1C;COC(C)c1nsc(N2CCOC3(CCCOC3)C2)n1;O=C(NC1CCCCCC1CO)c1cc(F)c(O)c(F)c1;CC(C)C1CN(c2ccc(S(N)(=O)=O)cn2)CCCO1
m_ea2f71,CC(C)CC(O)CNC(=O)c1nc(C(C)C)ncc1Cl;CC(C)c1ncc(Cl)c(C(=O)NC(CO)C(C)(C)C)n1;CC(C)(C)n1ncc(N2CCCC(CO)C2)c(Cl)c1=O;COC1CCN(c2cnn(C(C)(C)C)c(=O)c2Cl)CC1;CCN(CC)CCNC(=O)c1cc(Cl)c(N)cc1OC;O=C(NCCNC(=O)c1cccnc1)NCc1cccnc1;COCCN1CCC(CNC(=O)c2cc(Cl)c[nH]2)CC1;NC(=O)Cn1cc(NC(=O)N2CCc3ccccc3C2)cn1;CC(C)n1ccc(NC(=O)c2ccc3[nH]c(=O)n(C)c3c2)n1;Cc1nn(C)cc1C(=O)Nc1cccc(N2CCNC2=O)c1;Cc1c(C(=O)Nc2cccc(N3CCNC3=O)c2)cnn1C;CC(O)Cc1cn(CCc2nc3ccccc3c(=O)[nH]2)nn1;CC1CN(C(=O)c2ccc(-n3ccnn3)cc2)CC1C(N)=O;CCCOc1ccc(Cn2nnc3c(cnn3C)c2=O)cc1;Cc1ccc(CN2CC(C(=O)Nc3nnc[nH]3)CC2=O)cc1;Cn1nnc2c1CC(C(=O)Nc1ccc(C(N)=O)cc1)CC2;CCn1ccnc1C1OCCC1NC(=O)c1c[nH]c(C#N)c1;CCn1cnc2c(Nc3ccc(OCCO)cc3)ncnc21;Cc1ccc2oc(N3CCC(c4nc(=O)[nH][nH]4)CC3)nc2c1;Cc1nnc(C2OCCC2CNc2nc3ccccc3o2)[nH]1;CC(NC(=O)c1ccccc1N1CCCC1=O)c1nc[nH]n1;Cn1cc(C#N)cc1C(=O)NC1CCOC1c1nccn1C;Cc1c(C2OCCC2NC(=O)c2c[nH]c(C#N)c2)cnn1C;Cn1cc(-c2cncc(C(=O)NC3(C(N)=O)CCC3)c2)cn1;Cc1c(CNC(=O)c2ccc3c(c2)[nH]c(=O)n3C)cnn1C
m_0ee46b,NCC(O)COc1ccccc1C(=O)CCc1ccccc1;NCCC(CC(=O)O)C(O)(c1ccccc1)c1ccccc1;O=C(O)C(Cc1ccc(O)cc1)NCCCc1ccccc1;COc1cc2c(cc1O)C13CC(OC)C=CC1=CCN3CC2;COC(=O)C1(C(=O)NC2CC3CCCc4cccc2c43)CC1;COC(=O)C(NC1CCOCC1)c1ccc2ccccc2c1;O=C(NC1CCOC2(CCCC2)C1)c1coc2ccccc12;COc1ccc(C(O)=NCC(C)c2ccccc2)cc1OC;COc1ccc(CCNC(=O)C(OC)c2ccccc2)cc1;COc1ccc(C(O)=Nc2ccccc2C(C)C)cc1OC;COc1ccccc1CCNC(=O)C(OC)c1ccccc1;CC(Cc1ccccc1)NC(Cc1ccc(O)cc1)C(=O)O;Cc1ccc(C(=O)N2C3CC4CC(C3)CC2C4)cc1C(=O)O;COc1cc(C=CCNCCc2ccc(O)cc2)ccc1O;O=C(O)c1ccoc1CN1CCC(Cc2ccccc2)CC1;COCC1(O)CCN(C(=O)c2ccc3ccccc3c2)CC1;CC1CN(C(=O)COc2ccc3ccccc3c2)CC(C)O1;COc1cc(C)ccc1OCC(=O)NCCc1ccccc1;Cc1oc(C(=O)NC2(c3ccccc3)CC2(C)C)cc1CO;COC(=O)C(NC1CCCOC1)c1ccc2ccccc2c1;O=C(O)c1ccc(CCC(=O)N2CC3CC=CCC3C2)cc1;CC(COc1ccccc1)NC(C)C(=O)c1ccc(O)cc1;CCOc1ccc(OCC(=O)Nc2cc(C)cc(C)c2)cc1;COc1ccc(C(C)N(C)C(=O)c2occ3c2CCC3)cc1;CCc1ccc(CCOC(=O)CCc2ccccc2O)nc1
m_94a765,CC(C)n1cccc1C(=O)Nc1cncnc1N1CCCC1;Cc1nc(C(=O)NCC2CCN(C)C2c2cccnc2)c[nH]1;CCN1CCN(C(=O)Cc2ccncc2)CC1c1ncc[nH]1;Cc1nn(C)c(C)c1NC(=O)N1CCCC1c1cccnc1;CN(C)c1ccc(C(=O)N2CCCC2c2cnn(C)c2)cn1;Cn1ncnc1NC(=O)NC(c1ccccc1)C1CCCC1;CC(C)c1ccccc1NC(=O)NC1CCCn2ncnc21;CNC(=O)CCN1CCN(c2nncc3ccccc23)CC1;CC(C)c1ncc(CN(C)C(=O)c2cn3c(n2)CCC3)cn1;Cc1cc(N2CCCC(c3nc(C)no3)C2)nc(C2CC2)n1;O=C(NC1CC1)N1CCCN(c2nc3ccccc3[nH]2)CC1;Cc1nn(CC(=O)NC2CC(N)C23CCC3)c2ncccc12;Cc1ccccc1Cc1nnn(CC(=O)N2CCCCC2)n1;N#Cc1nccnc1NC1CCN(C(=O)C2CCCCC2)C1;O=C(Cn1nnnc1CCCc1ccccc1)NCC1CC1;CCc1nc(CN2c3ccccc3C(C(N)=O)CC2C)n[nH]1;CC(NC(=O)C1(c2ccc(N(C)C)cc2)CC1)c1nc[nH]n1;CC1CCCC(NC(=O)c2cccc(-n3cnnn3)c2)C1C;CN1CCCC1C(=O)Nc1ccc2nnc(C3CCC3)n2c1;O=C(Cn1nnnc1CCCc1ccccc1)N1CCCC1;Cc1[nH]nc2ncc(C(=O)NC3CN(C4CC4)CC3C)cc12;O=C(NCCCn1cncn1)NC1CCCc2ccccc21;O=C(C1CCc2cn[nH]c2C1)N1CCC(c2c[nH]cn2)CC1;CN(C(=O)CCCc1nnn[nH]1)C1CCc2ccccc2C1;CNC(=O)c1ccc(CN2CCCCC2c2nc[nH]n2)cc1
m_89b9d2,Cc1nscc1C(=O)N1CCCc2cc(C(N)=O)ccc21;CCc1nc(Cc2nc(COc3ccccc3)no2)cs1;CN(CC1=Nc2ccccc2S(=O)(=O)N1)c1ccccc1;NC(=O)c1ccc(C(=O)NC2CCc3ncsc3C2)cc1;CCc1cccc(NS(=O)(=O)c2c[nH]c3ncccc23)c1;CN1C(=O)CCN(C(=O)Cc2cscn2)c2ccccc21;CCCn1c(SCc2ccon2)nc2ccccc2c1=O;CC(=O)Nc1nc(CC(=O)N2CCc3ccccc32)cs1;COc1cc2nc(C=Cc3nccn3C)sc2cc1OC;Cc1cnc(NC(=O)c2ccc(N3CCCC3=O)cc2)s1;Cc1cc(C)cc(NS(=O)(=O)c2c[nH]c3ncccc23)c1;O=C1CC2(CCN(C(=O)c3cnc4ccsc4c3)C2)CN1;CC(C)(O)C1CCCN1C(=O)c1cc(F)c(O)c(Cl)c1;Cc1csc(-c2cccc(NC(=O)C3CCC(=O)N3)c2)n1;COC1(C(C)NC(=O)c2cc(F)c(O)c(Cl)c2)CCC1;CC(CO)(NC(=O)COc1ccc(Cl)c(F)c1)C1CC1;COC1CN(C(=O)c2cc(F)c(O)c(Cl)c2)CCC1C;COc1cc(Cl)c(F)c(C(=O)NCC2CCCC2O)c1;Cc1nc(N2C(=O)NC(C)(c3ccccc3)C2=O)sc1C;Cc1cc(C)c2c(CC(=O)Nc3nnc(C)s3)coc2c1;Cc1cnc(NC(=O)COc2cccc3c2ccn3C)s1;CC(C)CC(CNC(=O)c1cccc(F)c1Cl)C(=O)O;CSc1ccccc1NC(=O)c1cc2c(nn1)CCOC2;Cc1csc(CNC(=O)c2ccc3c(c2)CCC(=O)N3)n1;Cc1cnc(NC(=O)c2ccc(NC(=O)C3CC3)cc2)s1
m_e80818,O=C(NCCCn1cncn1)NC1c2ccccc2CC1O;Cc1cc(C)n(-c2ccc(N3CCCC(C(=O)O)C3)nn2)n1;CCc1nnc(C)cc1C(=O)NC1CCOC1c1ccn[nH]1;CC(C)CC1C(=O)NCCN1C(=O)c1cnc2cccnn12;COc1ccccc1N1CCC(n2cc(CCN)nn2)C1=O;Cc1ncoc1C(=O)N1CCCC1c1ccc(N(C)C)nn1;Cc1cnc(CNC(=O)c2n[nH]c3c2CC(C)OC3C)nc1;O=C(NCCc1nc(-c2ccccc2)n[nH]1)N1CCOCC1;N#Cc1nccnc1N1CCCC(O)(C(=O)N2CCCC2)C1;CCC1(CC)CNC(=O)C1NC(=O)c1cnc2cccnn12;O=C(NCc1cccc(CO)c1)NC1CCCn2ncnc21;Cn1nc(C(=O)NC2(c3ncc[nH]3)CCOC2)cc1C1CC1;Cc1cc(N2CCN(C(=O)c3nc(C)oc3C)CC2)ncn1;Cn1cnc(N2CCCC(COc3ncccn3)C2)cc1=O;Cc1ncncc1C(=O)NCC1CCCOC1c1cn[nH]c1;CCn1nccc1C1OCCC1NC(=O)c1nccc(C)n1;Cc1nnc(CC2CCC(NC(=O)c3ccnnc3C)C2)o1;O=C(NC1(c2nnn(CCO)n2)CCCC1)c1ccccc1;Cc1ccc(OC2CCCN(C(=O)Cn3cccn3)C2)nn1;CCc1ncc(NC(=O)C2CCOC2c2cnn(C)c2)cn1;Cc1ocnc1C(=O)N1CCCC1c1ccc(N(C)C)nn1;CC1Cc2c(C(=O)N3CCn4cncc4C3)n[nH]c2C(C)O1;Cc1cc2nccc(NC(=O)N3CCOCC4(CC4)C3)n2n1;COc1ccnc(N2CCN(C(=O)c3c[nH]cc3C)CC2)n1;Cc1cc(C(=O)NC2CCOC2c2cnn(C)c2)nc(C)n1
m_f1a045,N#Cc1cncnc1N1CCC(C2CCC(C(=O)O)O2)CC1;CC(NC(=O)CCn1cncn1)c1ccc2c(c1)OCCO2;CC(C)n1cc(C(=O)NC(Cc2ccncc2)C(=O)O)cn1;O=C(NCc1ccoc1)Nc1cccnc1N1CCOCC1;CC(C)n1ccc(C(=O)NC(Cc2ccncc2)C(=O)O)n1;COCC(=O)NCCCn1nc(-c2cccnc2)ccc1=O;COc1ccnc(N2CCN(C(=O)c3ncoc3C)CC2)c1;Cc1nc(O)ccc1C(=O)NC1CCOC1c1cnn(C)c1;Cn1cc(C2OCCC2CNC(=O)c2cccnc2O)cn1;COC1CC(c2ncc[nH]2)N(C(=O)COc2cccnc2)C1;CC1COC(CO)CN1C(=O)c1ccc2c(N)ncnc2c1;COc1ccc(C(C)NC(=O)Nc2cccnn2)c(OC)c1;CN1Cc2c(NCC(=O)NC(=O)NC3CC3)cccc2C1=O;Cc1nn(C)c(C)c1NC(=O)NCc1cccc(C(=O)O)c1;O=C(c1ccc(Cn2ccnn2)o1)N1CCC2CCC(O)C21;CCc1cc(N(C)CCO)nc(-c2ccc([N+](=O)[O-])cc2)n1;O=C(c1ccoc1)N1CCN(Cc2nnc(C3CC3)o2)CC1;Cc1nc(C(=O)Nc2ccc(OCC(=O)N(C)C)cc2)c[nH]1;O=C(NCc1ccoc1)Nc1ccc(N2CCOCC2)nc1;CCc1ccc(C(=O)NC2CCN(c3cnn(C)c3)C2=O)o1;Cc1nn(C)cc1C1OCCC1NC(=O)c1ncccc1O;CCc1ccc(OCC(=O)NNC(=O)c2cc(C)[nH]n2)cc1;CN1C(=O)CCC(NC(=O)c2ccoc2)C1c1nccn1C;CN1C(=O)CN(CC(=O)N2CCCC2c2cccnc2)C1=O;Cc1ccc(O)c(NC(=O)C2CCOC2c2ccnn2C)n1
m_4b55af,O=C(c1cc2c(F)cccc2[nH]1)N1CCOC2CCCCC21;Cc1ccn(C)c1C(=O)N1CC(O)CC1c1cccc(F)c1;CN(C(=O)c1cc2cc(F)ccc2nc1O)C1(C)CCCC1;COc1ccc(CN2CCC(Oc3ccncc3)C2)cc1F;CN(Cc1ccco1)C(=O)NCC1(c2ccccc2F)CC1;COc1cc(C(=O)N(C)c2ccccc2N(C)C)ccc1F;COc1cccc(CN2CCC(Oc3cccnc3)C2)c1F;CCc1ccc(C(C)NC(=O)Cn2cc(F)ccc2=O)cc1;O=C(CCc1ccco1)N1CCN(c2ccccc2F)CC1;CC(=O)N1CC(O)CC1C(=O)N1CCC2(C)C(C1)C2(F)F;Cn1ccc(CN2CCOC(c3ccc(F)cc3)C2)cc1=O;Cn1c(C(=O)NCC2(CO)CC2)ccc1-c1ccc(F)cc1;Cc1cc(C)c(C(=O)N2CC(O)CC2c2cccc(F)c2)[nH]1;COc1c(C)cnc(CN(C)C(=O)c2ccccc2F)c1C;Cc1cccn(CC(=O)N(c2ccc(F)cc2)C(C)C)c1=O;O=C(NCC12CCCC1OCC2)c1cc2c(F)cccc2[nH]1;NCc1cc(C(=O)N2CCCC2Cc2cccc(F)c2)co1;COc1ccccc1CNC(=O)NCCc1ccc(F)cc1;COc1c(C)cnc(CN(C)C(=O)c2cccc(F)c2)c1C;CCN(Cc1ccc(O)cc1)C(=O)NCc1ccc(F)cc1;CNC(=O)COc1ccccc1CNc1cc(C)ccc1F;CC(NCc1ccc(OCc2ccccc2F)cc1)C(N)=O;CCOc1ccccc1NC(=O)CNc1ccc(C)cc1F;O=C(CCc1ccco1)N1CCN(c2ccc(F)cc2)CC1;CCc1nc(CCNC(=O)CCc2ccccc2)sc1C
m_bbc0aa,CC1CCCC(c2ccccc2)N1CCCN1CCOC1=O;CCCCCC(C)NC(Cc1c[nH]c2ccccc12)C(=O)O;CC(C)CNC(=O)c1cccc(CN2CC(O)C3(CC3)C2)c1;NC(=O)CC1(O)CCCN(Cc2ccc(C3CCC3)cc2)C1;CCCCCCCNC(Cc1c[nH]c2ccccc12)C(=O)O;O=C(NC1CCOCC1)NC1(Cc2ccccc2)CCCC1;CCNC(=O)C1(NC(=O)CC(C)c2ccccc2)CCCC1;COC1CC(C(=O)NCC2CC(c3ccccc3)C2)N(C)C1;COc1cc(C2(C(=O)N3CCC(N)C3)CCCC2)ccc1C;CC1CCCCC1CC(=O)NC1CCCc2[nH]c(=O)ccc21;O=C(NCC1CCOC1c1ccccc1)NC1CCCCC1;O=C(NC1CCCC1CCO)N1CCc2ccccc2CC1;CC(O)C1CCN(C(=O)NCCC2Cc3ccccc3C2)C1;Cc1cc(C)c(C(=O)NC2CCC3CCCCC3C2)c(=O)[nH]1;CC1(O)CCCN(C(=O)NCC2(c3ccccc3)CCC2)C1;CC(Oc1ccccc1)C(=O)NC1CC2CCCC(C1)N2C;CCOC1CCCN(C(=O)Cc2cccc3c2CCNC3)C1;CC(C)(C#N)c1ccccc1CN(CCO)C1CCOCC1;CC(Nc1cccc(C(=O)N2CCCC2)c1)C1CCOCC1;CC1(O)CCN(C(=O)c2ccccc2NC2CCCCC2)C1;COc1ccc(C2(NC(=O)C3CCN(C)C3)CCCC2)cc1;CC1CCN(CC2CCCN(CCS(C)(=O)=O)C2)CC1;CS(=O)(=O)CCN1CCN(CC2CCCCCC2)CC1;O=C(NC1CC(CO)(c2ccccc2)C1)N1CCCCCC1;CC(C)(C)OC(=O)NC1CN(Cc2ccccc2)CC12CC2
m_36d3ce,COc1ccc(S(=O)(=O)N2CC(F)CC2CO)c(C)c1;O=S(=O)(Cc1cccc(F)c1)NCC1(O)CCOCC1;CCOc1cccc(S(=O)(=O)N2CC(F)CC2CO)c1;CC(C)c1ccc(C(=O)O)cc1S(=O)(=O)N(C)CCF;COc1cc(F)ccc1NS(=O)(=O)CC1(OC)CCC1;COc1ccc(F)cc1C(C)NC(=O)C(C)S(C)(=O)=O;CCOc1ccc(S(=O)(=O)N2CC(F)CC2CO)cc1;COc1ccc(F)cc1S(=O)(=O)NCC1(O)CCCC1;COCC1CC(OC)CN1S(=O)(=O)c1ccc(F)cc1;COCc1cccc(S(=O)(=O)N2CC(F)CC2CO)c1;Cc1cc(F)cc(S(=O)(=O)NCC(C(=O)O)C(C)C)c1;CN(CC(=O)Nc1cc(F)cc(F)c1)c1nccnc1C#N;N#Cc1nccnc1NCCNC(=O)c1c(F)cccc1F;COc1ccc(NC(=O)c2sccc2C2CC2)cc1OC;O=C(O)CC1CCCCN1C(=O)c1cccc2ccsc12;CCC(C(=O)O)C(=O)N(Cc1ccsc1)c1ccccc1;Cc1ccccc1CC(CNC(=O)c1ccsc1)C(=O)O;Cc1cccc(CC(CNC(=O)c2cccs2)C(=O)O)c1;Cc1ccsc1C(=O)NCC(Cc1ccccc1)C(=O)O;O=C(Cc1cccs1)NCC1(O)CCOc2ccccc21;Cc1ccc(CC(CNC(=O)c2ccsc2)C(=O)O)cc1;O=c1c2ncn(C3CC(O)C(CO)O3)c2nc2ncccn12;Cc1cscc1C(=O)NC(c1ccccc1)C(C)C(=O)O;Cc1ccc(C(C)NC(=O)COC(=O)c2cccs2)cc1;CCC(NC(=O)c1ccc2c(c1)OCCO2)c1cccs1
m_b047da,Clc1ccc(OCCCN2CCCCC2)c2ccccc12;Cn1ccnc1C(NC(=O)C1CCCO1)c1ccc(F)cc1;O=C(NC1CCCOCC1)c1cncn1-c1ccc(F)cc1;Cc1noc(C2CCCN(C(=O)c3ccc(C)c(F)c3)C2)n1;Cc1cc(C)n(-c2ccc(NC(=O)C3CCCO3)cc2F)n1;Cc1nccn1-c1ccc(F)cc1CNC(=O)C1CCCO1;Cc1cc(-c2noc(CCC(=O)N3CC(C)C3)n2)ccc1F;COc1ccc(F)cc1C(C)NC(=O)c1cc2n(n1)CCC2;CCOc1cc(N2CC(O)CC2c2cccc(F)c2)ncn1;NC(=O)C1CCN(Cc2ncc(-c3ccc(F)cc3)o2)CC1;Cc1c(NC(=O)C(O)C2CCC2)cnn1-c1ccccc1F;N#Cc1cc(C(=O)N2CCN(C3CCOC3)CC2)ccc1F;O=C(NCC1CCCOC1)c1cncn1-c1ccc(F)cc1;Cn1nccc1C(=O)N1CCCC1COc1ccc(F)cc1;COCc1nc(O)cc(N2CCCC2c2ccc(F)cc2)n1;CCC1CN(C(=O)c2ccn(-c3ccc(F)cc3)n2)CCO1;CC(C)c1nnc(CCC(=O)N2CCc3cc(F)ccc32)o1;CNC(=O)C12CCOCC1CN(c1ccc(F)cc1C#N)C2;CC(C)c1nnc(CCC(=O)N2CCc3ccc(F)cc32)o1;Cc1cc(C)c2cc(C(=O)N3CC(F)CC3C(N)=O)[nH]c2c1;CC(COc1ccccc1F)NC(=O)NCc1cccnc1;CC(COc1ccccc1)N(CCCl)Cc1ccccc1;CC(Oc1ccccc1F)C(=O)N1CC(Cn2ccnc2)C1;O=C(Cc1ccccc1F)N1CCN(Cc2ccon2)CC1;COc1cc(C)nc(N2CC(O)CC2c2ccc(F)cc2)n1
m_f10ba9,COC(=O)c1cn(C2CCN(Cc3ccc(C)o3)CC2)nn1;COc1ccncc1CN1CC(C)OC(c2nc(C)no2)C1;CC1CCN(C(=O)C(=O)N2CCc3c(nc[nH]c3=O)C2)CC1;COc1cccc(CN2CCOC(C)C2c2nc(C)no2)n1;Cc1cc2c(NCC(C(=O)O)C3CCOCC3)nccn2n1;Cc1noc(C2CC(O)C(CNC(=O)c3ccn(C)c3)C2)n1;COc1ncccc1CNC(=O)N(C)Cc1c(C)noc1C;NC(=O)C1CCCCN1C(=O)Cn1cnc2c(c1=O)CCC2;COCC1(C(N)=O)CCCN1C(=O)c1cnc(C2CC2)nc1;COc1ncccc1CN1CCOC(C)C1c1nc(C)no1;COC1CC(c2nc(C)c(C)[nH]2)N(C(=O)c2ocnc2C)C1;CCC(OC1CCCCC1)c1nc(-c2cc(O)ncn2)no1;Cc1cc(CNC(=O)c2c3c(nn2C)C(C)OC(C)C3)on1;CCc1nc(C(=O)NC2CCCC2Oc2cn[nH]c2)c(C)o1;Cn1c(N2CCCC23CCOCC3)c(C#N)c(=O)n(C)c1=O;Cc1nn(C)c(C)c1C1OCCC1C(=O)Nc1cnoc1C;CCc1oc(C(=O)N2CCC(O)(Cn3ccnn3)C2)cc1C;CCc1cc(C)c(C(=O)N2CCOC(c3nncn3C)C2)o1;CCc1nc(C)c(C(=O)NC2CCCC2Oc2cn[nH]c2)o1;Cc1ocnc1C(=O)NCC1CCCOC1c1cnn(C)c1;Cc1cc(N2CCN(C(=O)C3CC3C(=O)O)CC2)nc(C)n1;Cc1ccc(N2CCC(NC(=O)C(C)NC(N)=O)C2=O)cc1;COc1ccc(C(=O)N2CCCC(N3CCNC3=O)C2)cn1;CN1CCOC(CNC(=O)c2cn(C)nc2-c2ccoc2)C1;COC(=O)C(CC(C)C)NC(=O)c1cnc2n[nH]c(C)c2c1
m_a5509a,CC1(C)CCC(CNC(=O)c2cc(Cn3cccn3)on2)O1;Cc1[nH]c2ccccc2c1C1CCC(=O)N1Cc1ccccc1;Cc1noc(C2CC(O)C(CNC(=O)c3ccn(C)c3)C2)n1;COC(=O)c1cn(C2CCN(Cc3ccc(C)o3)CC2)nn1;COc1cccc(CN2CCOC(C)C2c2nc(C)no2)n1;CC1CCN(C(=O)C(=O)N2CCc3c(nc[nH]c3=O)C2)CC1;COc1ccncc1CN1CC(C)OC(c2nc(C)no2)C1;Cn1c(N2CCCC23CCOCC3)c(C#N)c(=O)n(C)c1=O;COCC1(C(N)=O)CCCN1C(=O)c1cnc(C2CC2)nc1;CCC(OC1CCCCC1)c1nc(-c2cc(O)ncn2)no1;COc1ncccc1CNC(=O)N(C)Cc1c(C)noc1C;Cc1cc2c(NCC(C(=O)O)C3CCOCC3)nccn2n1;CCc1nc(C(=O)NC2CCCC2Oc2cn[nH]c2)c(C)o1;COc1ncccc1CN1CCOC(C)C1c1nc(C)no1;NC(=O)C1CCCCN1C(=O)Cn1cnc2c(c1=O)CCC2;COc1cc(C(=O)N2CCC3C(C2)NC(=O)N3C)cc(C)n1;COc1ccc(CN2CC(C)OC(c3nc(C)no3)C2)cn1;Cc1nn(C)c(C)c1C1OCCC1C(=O)Nc1cnoc1C;CCc1cc(C)c(C(=O)N2CCOC(c3nncn3C)C2)o1;Cc1ccc(N2CCC(NC(=O)C(C)NC(N)=O)C2=O)cc1;Cc1ocnc1C(=O)NCC1CCCOC1c1cnn(C)c1;COc1ccc(C(=O)N2CCCC(N3CCNC3=O)C2)cn1;CCc1oc(C(=O)N2CCC(O)(Cn3ccnn3)C2)cc1C;Cc1cc(N2CCN(C(=O)C3CC3C(=O)O)CC2)nc(C)n1;Cc1noc(C)c1NC(=O)C1CCCOC1c1cnn(C)c1
m_c1ec62,COCCN(CC(F)F)C(=O)NC(C)c1cn(C)nc1C;CCC(CC)CN(CC)C(=O)c1cn(C(F)(F)CO)nn1;c1ccc(C2(CNCc3c[nH]nc3-c3cccnc3)CC2)cc1;O=C(NCC1CC(F)CN1c1cccnn1)C1CC=CCC1;Cc1nn(C)c(C)c1C(C)NC(=O)NCc1cccc(F)c1;CCN1CCCC1CNc1nnc(Cc2ccccc2F)o1;CCCc1nc2c(C)cc(-c3nc4ccccc4n3C)cc2[nH]1;CC(C(=O)NCc1n[nH]c(C(C)(C)C)n1)c1ccccc1F;COCc1n[nH]c(C2CCCCN2Cc2ccccc2F)n1;CC1(C)COCCN1CCNc1ncnc2ccc(F)cc12;CCc1cc2c(N3CCC(CN(C)C)CC3)ncnc2s1;O=C(NCC1CC(F)CN1Cc1cncnc1)C1=CCCC1;CSc1nc(C)cc(N2CC(N3CC4CCCC4C3)C2)n1;CCC(c1ccc(F)cc1)N1CCOC(c2nncn2C)C1;N#Cc1ccccc1N1CCCC(NC(=O)NCCCF)C1;CC(C)CNC(=O)NC(c1cccc(F)c1)c1nccn1C;N#Cc1cnc(N2CC3(CCCCC3)C2c2ccccc2)cn1;CCc1nn(C)cc1NC(=O)NC(C)c1ccc(C)c(F)c1;CN(C)c1noc(CN(CCc2cccc(F)c2)C2CC2)n1;CC(C)NC1CCN(c2nc(-c3ccc(F)cc3)no2)CC1;CC(C)C(Cc1ccc(F)cc1)NC(=O)Nc1ccnn1C;CCn1nncc1CN1CCOC(c2ccc(F)c(C)c2)C1;CC(C)(C)CC(NC(=O)Cn1ccnn1)c1ccc(F)cc1;Cn1cc(C2CCCN2Cc2csc(C(C)(C)C)n2)cn1;c1cncc(-c2n[nH]cc2CNC2CCc3ccccc3C2)c1
m_d07b86,CC(C)CC(C(=O)O)N1C(=O)c2ccc(C(=O)O)cc2C1=O;OC(c1cccs1)(c1cccs1)C1CN2CCC1CC2;O=S(=O)(c1ccc(NC2CCC(O)CC2)cc1)C(F)F;CN(C)c1ccc(Cl)cc1NC(=O)c1cccn(C)c1=O;CC(C)c1noc(C2CC(=O)N(c3ccccc3Cl)C2)n1;CC1CC(CNS(=O)(=O)c2cc(F)ccc2F)CCO1;O=C1CCCC(Cc2nc(Cc3cccc(Cl)c3)no2)N1;O=c1c(Cl)c(NCC2CCCO2)cnn1-c1ccccc1;OC1CC(O)CN(c2ccc(-c3ccccc3Cl)nn2)C1;O=C(NC1CCCOC1c1ccncc1)c1cc(Cl)c[nH]1;O=P(O)(O)OCCNCC(O)C(O)C(O)C(O)CO;O=C(CC1CCCO1)Nc1cnn(-c2ccccc2Cl)c1;O=C(CCC1CCOC1)Nc1ccc2cc(Cl)cnc2n1;CN1CCCN(C(=O)c2cc3cc(Cl)ccc3[nH]2)CC1=O;Cc1cc(C(=O)N2CCOC(c3ccc(Cl)cc3)C2)n[nH]1;O=C(NCc1ccc(Cl)cn1)NC(CO)c1ccccc1;CCNc1ccc(Cl)cc1C(=O)Nc1c[nH]c(=O)c(C)c1;CCN(Cc1ccccc1Cl)C(=O)c1ccc(=O)n(C)n1;O=C(Nc1cccc(-c2nnn[nH]2)c1)c1cc2ccccc2o1;Cc1c(C[S+](C)[O-])cccc1NC(=O)c1cccc(F)c1;O=C(Nc1nnc(-c2ccccc2Cl)o1)C1CCCCC1;O=C(CC1CCCO1)Nc1ccc(Cl)cc1-n1cccn1;O=C(NCC1CCCO1)c1cccc(O)c1OC(F)(F)F;Cc1ncn(CCC(=O)Nc2cccc(Cl)c2)c(=O)c1C;Cc1ccnc(-c2noc(CN3CC(=O)N(C)C3=O)n2)c1F
m_d90c36,OC(CNc1cccc(C(F)(F)F)n1)CN1CCOCC1;CCOC1CC(N(C)C(=O)c2[nH]nc(C(F)(F)F)c2C)C1;Cc1ncc(C(=O)NCC(C)(O)C(F)(F)F)c(C(C)C)n1;COCC1(C)CCN(c2ccc(OCC(F)(F)F)nn2)C1;O=C(COCC(F)(F)F)N1CCCCC1Cn1cccn1;CC(C(=O)N1CCC(C(O)C(F)(F)F)CC1)n1cccn1;COCC1(C(=O)Nc2c(C)c(C(F)(F)F)nn2C)CCC1;OC1(C(F)(F)F)CCCN(Cc2nc(C3CC3)no2)CC1;O=C(CCOCC(F)(F)F)N1CCCC(n2ccnc2)C1;COCCN1CCN(c2ccc(OC(F)(F)F)cn2)CC1;O=C(NC(C1CC1)C(F)(F)F)N1CCN2C(=O)CCC2C1;Cc1nc(C(=O)NC2CCCN(CC(F)(F)F)C2)c(C)o1;OC(CNc1cc(C(F)(F)F)ccn1)CN1CCOCC1;CCC(CC)NC(=O)Nc1ccnc(OCC(F)(F)F)c1;CC(C)(C)C(CO)NC(=O)Nc1ccc(C(F)(F)F)nc1;Cc1cc(C(=O)NCC(c2ccco2)N2CCOCC2)no1;O=C(NCc1ncc[nH]1)C1(c2ccc(F)cc2F)CCCC1;O=C(Nc1cnn(CC(F)F)c1)c1ccc(C2CCC2)cc1;CCn1cc(C(=O)NC(c2cc(F)ccc2F)C2CC2)cn1;Cn1cc(CCC(=O)N2CCCc3c(F)ccc(F)c32)cn1;CC1(C)CN(C(=O)c2cc(-c3ccoc3)n[nH]2)CC(CO)O1;CCOC(=O)CCC(=O)NCCn1cc(-c2ccoc2)cn1;Cc1ncc2n1CC(C(=O)Nc1cccc(C(F)F)c1)CC2;CCCCC(=O)Nc1nonc1-c1ccc(OC)c(OC)c1;COCc1cnc(C2=NC(C)(C(C)C)C(=O)N2)c(C(=O)O)c1
m_1de28b,NCC1CCC(C(=O)N2CCCN(c3ncccn3)CC2)O1;COC1CC(C(N)=O)N(c2cc(N3CCCCC3)ncn2)C1;O=C(CN1CCC(Nc2ccncn2)CC1)N1CCOCC1;O=C(NCC(=O)N1CCCCC1)NC1CCc2[nH]cnc2C1;CCc1cc(C(=O)N2CCN(C(=O)N(C)C)CC2)c(C)nn1;COc1cc(N2CCN(CC(=O)N3CCCC3)CC2)ncn1;Cc1noc(C)c1CN(C)C(=O)Nc1cnn(CC(C)C)c1;Cc1cc(C2CCCN(C(=O)CN3CCCNC3=O)C2)[nH]n1;CN(C)c1nccc(N2CCC3(CC2)CC(O)CNC3=O)n1;CNC(=O)CC(=O)N(C)C1CCCN(c2ccc(C)nn2)C1;NC(=O)C1CCCN(c2cc(N3CCCC3CO)ncn2)C1;CCc1cc(NC(=O)CCCc2nc(C(C)(C)C)no2)[nH]n1;Cc1nn(C)cc1C1OCCC1NCc1nnc(C(C)C)o1;Cc1c(C2OCCC2NCc2nnc(C(C)C)o2)cnn1C;COCc1n[nH]c(C2CCCCN2Cc2c(C)noc2C)n1;CCC(NC(=O)NCc1c(C)n[nH]c1C)c1c(C)noc1C;Cc1n[nH]c(CNC(=O)C2CCCCC2N2CCCC2=O)n1;COC1CN(c2ccnc(N)n2)CC1NC(=O)C1CC(C)C1;O=C(NC1CCC(O)CC1)N1CCN(c2cnccn2)CC1;CCC(NCC(=O)Nc1c(C)n[nH]c1C)c1c(C)noc1C;CCNC(=O)C(C)NC(=O)Nc1cc(C#N)cn1C(C)(C)C;CCc1noc(C)c1CN1CC(OC)C(c2cn(C)nn2)C1;Cc1noc(C2CCN(Cc3nc(C(C)(C)C)no3)CC2)n1;CC1CC(C(=O)Nc2cnc(N3CCNCC3)nc2)C(C)O1;Cc1noc(C2CCC(CNCc3c(C)nn(C)c3C)O2)n1
m_30024e,CC(C)c1occc1C(=O)N1CCCC1C1CCCCC1O;CCOCCN1CCC(OC(=O)CC)(c2ccccc2)CC1;COCc1ccc(C(=O)NCCOC2CCCCC2C)cc1;CC(C)c1ccoc1C(=O)NCC1CCC2(CCCCC2)O1;COc1ccccc1CC(NC(=O)C1CCCOC1)C(C)C;Cc1ccccc1CN(C)C(=O)C(C)OCC1CCCCO1;CCCc1occc1C(=O)N1CCC(OC2CCCC2)CC1;COc1ccccc1CC(NC(=O)C1CCOCC1)C(C)C;O=C(O)CC1(CC(=O)N2CCCC3(CC=CCC3)C2)CCC1;COc1c(C)cc(CN(C)C(=O)CCC2CCCO2)cc1C;OC1(CNCc2ccccc2OC2CCCC2)CCOCC1;COc1ccc(CC(=O)N2CCCC(C(C)(C)C)C2)cc1O;COc1ccccc1C(C)CC(=O)NC(C)C1(OC)CCC1;OC(COc1ccccc1)CN1CCOC2(CCCCC2)C1;CCCOc1ccc(C(=O)NC2CCCCCC2)cc1OC;CCOC1CC(O)C12CCN(Cc1cccc(OC)c1)CC2;CCOC1CC(O)C12CCN(Cc1ccc(OC)cc1)CC2;CC(C)C(NC(=O)c1cccc2c1OCC2(C)C)C(C)(C)O;COC1CC(CO)N(C(=O)CCC(C)(C)c2ccccc2)C1;Cc1cc(OCCN2CCCC(C(=O)O)C2)ccc1C(C)C;COCc1cccc(CN2CCOCC2C2CCCC2O)c1;COCC1CCCCN1C(=O)CC(C)c1ccccc1OC;CCCCCCCCCCC=CCNCCS(=O)(=O)O;CC(C)(C)c1ccc(CCCN2CC(O)CC2C(=O)O)cc1;CC(C)(C)OCc1ccccc1C(=O)NCC1CCCC1O
m_83ac87,O=C(O)CC1CCC(=O)C1CC=CCCOS(=O)(=O)O;CC(C)OC(=O)c1ccn(Cc2ccc(Cl)cn2)c(=O)c1;O=C(NCC1COCCO1)c1ccc2ccc(Cl)cc2n1;O=C(O)C1CCCN1Cc1coc(-c2cccc(Cl)c2)n1;O=C(Cc1c[nH]c2ccc(Cl)cc12)NCC1(C(=O)O)CC1;CC1CN(C(=O)c2cc(-c3cccc(Cl)c3)no2)CCO1;O=C(c1ccon1)N1CCC(O)(Cc2cccc(Cl)c2)C1;O=C(O)C1CCCN1Cc1ncc(-c2cccc(Cl)c2)o1;O=C(O)C1CCCN1Cc1ncc(-c2ccccc2Cl)o1;Cn1c(C(=O)NC2(C(=O)O)CCC2)c(Cl)c2ccccc21;O=C(O)C1CCCCN1C(=O)c1cc2cc(Cl)ccc2[nH]1;O=C(c1ccco1)N1CCC(Oc2ccncc2Cl)CC1;CN(Cc1ccccc1Cl)C(=O)CNC(=O)c1ccco1;O=C(O)C1CCCN1Cc1cc(-c2ccc(Cl)cc2)no1;O=C1CC(N(C(=O)Cc2ccc(Cl)cc2)C2CC2)C(=O)N1;COC(=O)CC(C)NC(=O)c1ccc2ccc(Cl)cc2n1;O=C(c1ccon1)N1CCC(Oc2ccccc2Cl)CC1;CC1NC(=O)CCC1NC(=O)c1c(Cl)oc2ccccc12;Cc1onc(-c2cccc(Cl)c2)c1C(=O)N1CC(C)(O)C1;COc1cccc(Cl)c1CC(=O)Nc1c[nH]c(=O)c(C)c1;O=C(O)C1CCCN(C(=O)c2cc3cc(Cl)ccc3[nH]2)C1;O=C(Cc1c[nH]c2ccc(Cl)cc12)NC1CC(C(=O)O)C1;O=C(Cc1ccon1)N1CCOC(c2cccc(Cl)c2)C1;O=C(O)C1CC1C(=O)NCCc1c[nH]c2ccc(Cl)cc12;COc1cn(C)c(C(=O)NCc2ccc(Cl)cc2)cc1=O
m_00b5aa,CC(C)OCc1ccccc1CNC(=O)NC1(C)CCOC1;CCOc1ccc(CNC(=O)NCC2CCCC2O)cc1C;CCOCCOc1ccccc1NC(=O)NC1CCCCC1;CC(C)(CNC(=O)CCc1ccncc1)C1(O)CCCOC1;COc1ccc(C)cc1C(C)NC(=O)N1CCCC1(C)CO;CNC(=O)C1CN(Cc2cccc(OCC(C)C)c2)CCO1;Cc1cc(C)cc(OCCC(=O)NCC2CN(C)CCO2)c1;COCCNC(=O)NCC1(c2ccc(OC)cc2)CCCC1;O=C(CO)NCCCOc1cccc(CN2CCCCC2)c1;Cc1ccc(O)c(C(=O)NCC2CN(CC(C)C)CCO2)c1;COc1cccc(CNCC2CN(C3CC3)CCO2)c1OC;Cc1cccc(C)c1OCCNC(=O)NC1CCOC(C)C1;CC(C)c1ccc(C(=O)NCC(C)N2CCOCC2)c(O)c1;Cc1cc(C)c(C)c(OCCC(=O)NCC(C)(C)C(N)=O)c1;Cc1ccc(CN(CCO)C(=O)NC(C)C2CCOC2)cc1;COc1ccccc1CC(C)(C)CNC(=O)C1COCCN1;COc1ccccc1CC(C)(C)NC(=O)NCC1CCCO1;Cc1cc(CCC(=O)N2CCC3(CCC(O)CC3)CC2)no1;COc1cccc(CC(C)NC(=O)N2CCC(C)C2CO)c1;Cc1ccccc1OCCCC(=O)NCC1CN(C)CCO1;CCC(Nc1ccc(C)c(NC(=O)C(C)(C)C)c1)C(=O)OC;COc1cccc(C(C)NCC2CCC(C(=O)N(C)C)O2)c1;CCc1noc(CC)c1CC(=O)N1CC2CCCC(C1)C2O;COC1CC(CO)N(CC(=O)NCCc2ccccc2C)C1;COc1cc(CNC(C)C)ccc1OCC(=O)N1CCCC1
m_987cff,CC(C)OC1CC(NC2CCC(=O)NC2c2ccnn2C)C1;Cc1cnccc1NC(=O)N(C)CCN1CC(C)OC(C)C1;COCCn1ccc(C(=O)N2CCCC3(CCN(C)C3)C2)n1;CC1OCCNC1C(=O)Nc1cc(C2CCCCC2)nn1C;CCc1nn(C)c(CC)c1CNC(=O)NC1CC2CCC1O2;COCCn1ccc(C(=O)N2CCC3(CCN(C)CC3)C2)n1;COCC1CN(c2cc(NCC3CC3)ncn2)CC(C)(C)O1;CCC1OCCCC1C(=O)N1CCN(c2cc(C)[nH]n2)CC1;CN1CCN(C(=O)CCC2CCOC2)CC1c1nccn1C;Cc1nc(C)c(CC(=O)N2CCN(CC(C)C)CC2)c(=O)[nH]1;CCC(C)C(OC)C(=O)NC1CCCN(c2cccnn2)C1;Cc1c(CCC(=O)N2CCOC3CCN(C)CC32)cnn1C;Cc1cc(C(C)C)nc(N2CCN(C(=O)C(C)(C)O)CC2)n1;COC1(C)CC(N(C)C(=O)C2CCc3[nH]nnc3C2)C1(C)C;CCc1cc(NC(=O)N2CCC(OCC3CC3)CC2)n(C)n1;CCN(CC)CC1CCN(C(=O)Nc2ccn(C)c(=O)c2)C1;CC1CCN(CC(O)CNC(=O)NCc2ccncc2)CC1;CC1CC(C(=O)NCC(=O)Nc2ccn(C)n2)CC(C)(C)C1;Cn1nccc1C1CCCCN1C(=O)COC1CCNCC1;CCc1nn(C)cc1CN1CCN(C(=O)C2CCCO2)CC1;CN1CCOC(CN(CC2CC2)C(=O)Cc2cnn(C)c2)C1;Cc1c(C(=O)N(CC(N)=O)C2CCCC2)cnn1C(C)(C)C;COC1CCN(C2CCCC2N(C)C(=O)Cn2cccn2)C1;CC(C)c1nnc2n1CCN(C(=O)COC1CCCCC1)C2;CCC1CN(CC(=O)Nc2cccnc2)CCN1CC(C)O
m_20c386,O=C(O)C(O)C(O)C(O)C(O)CNC1(C(=O)O)CCCC1;CC(CN(C)C)C(=O)OC1OC(C(=O)O)C(O)C(O)C1O;Cc1csc(N2CCN(c3nc(C)nc(C)c3F)CC2)n1;Cc1nc(CN2CCN(c3ncnc(C)c3F)CC2)cs1;CCC(C)C(NC(=O)C(O)C(O)C(O)C(O)C=O)C(=O)O;CC(C)c1cccc2c1OC(C(C)C)C(=S)N2CC(=O)O;CCSCc1ccc(C(=O)N2CCC(C)(C(=O)O)C2)cc1;O=C(O)C1CCC2CCCCC2N1C(=O)Cc1ccsc1;Cc1cc(C)c2c(c1)N(C(=O)C1CCS(=O)(=O)C1)CCC2;O=C(O)C1CC2CCCCC2N1C(=O)CCc1ccsc1;O=C(CSCc1cccc2c1OCCO2)NC1CCCC1;COC(=O)C1C2CCC(C2)C1NC(=O)CCc1ccsc1;O=C(NCC1CCCc2ccccc21)C1CCS(=O)(=O)C1;COC1CN(C(=O)N(C)CC(F)(F)F)CC1c1c[nH]nn1;Cc1cc(CS(=O)(=O)Cc2ccc(C(C)(C)C)cc2)on1;CS(=O)(=O)c1ccc(C(=O)NCCC2=CCCCC2)cc1;Cc1cccc(C2(C(=O)NC3CCS(=O)(=O)C3C)CC2)c1;O=C(C1CCS(=O)(=O)C1)N1CCC(c2ccccc2)CC1;CCS(=O)(=O)C1CCN(Cc2coc3ccccc23)CC1;CC1CC(C(=O)O)CCN1C(=O)C1CCCc2sccc21;CCC(CCC(=O)O)NC(=O)C1CCSc2ccccc21;O=C(NCC1CCOC1c1ccccc1)C1(O)CCSC1;CCC1Cc2ccccc2CN1C(=O)CC1CS(=O)(=O)C1;O=C(O)CCC1CCN(C(=O)C2CC2c2ccsc2)CC1;CS(=O)(=O)c1ccccc1C(=O)NCCC1=CCCCC1
m_451ad6,Cc1cc(N2CCN(CC(O)CN3CCCC3=O)CC2)n[nH]1;CCn1nc(C)c(CNC(=O)N2CCCC2C2CCCO2)n1;CCCCC(CC)C(=O)N(C)Cc1nnc2n1CCNC2=O;CCn1ncc(CNC(=O)N2CC(C)(C)C2C2CCCO2)n1;Cn1ccc(NC(=O)CCCNC(=O)NC2CCCCC2)n1;CC(C)n1nccc1NC(=O)CNC(=O)NC1CCCCC1;COC1CCN(C2CCCC2N(C)C(=O)c2cnn(C)n2)C1;COCC(NC(=O)N1CCN(C)C(c2ncc[nH]2)C1)C1CC1;COC1(CNC(=O)N2CCN(C)C(c3ncc[nH]3)C2)CCC1;CC(=O)N1CCN(CCNC(=O)Cn2nc(C)cc2C)CC1;CN1CC2(C)CN(C(=O)c3cnn(CCO)c3N)CC2(C)C1;CCN1CCN(C(=O)NCC2CCOC2)CC1c1ncc[nH]1;C1CC(Cn2nnnc2CN2CCOCC2C2CC2)CCO1;CCn1cncc1CN1CCN(C2(C(N)=O)CCOC2)CC1;CC1CCN(CC(=O)N2CCOC(c3nncn3C)C2)CC1;CCc1nn(C)cc1NC(=O)C1CCN(C(=O)N(C)C)CC1;CC1CN(Cc2cn(CC(=O)NCC3CC3)nn2)CC(C)O1;CCN(CC(=O)N1CCCC(O)(Cn2ccnn2)C1)C1CC1;Cn1nncc1CC(=O)N1CCCC(CN2CCOCC2)C1;Cc1cc(NC(=O)NC(C(=O)N2CCCC2)C(C)C)n(C)n1;CC1CCC(C(N)=O)CN1C(=O)Nc1cnn(C(C)(C)C)c1;CN1CCN(C(=O)NCCC2CCCO2)CC1c1ncc[nH]1;CN1CCN(C(=O)NCC2CCCCO2)CC1c1ncc[nH]1;CCC(NC(=O)CC(C)NC(=O)C1CCCC1)c1nnc[nH]1;CCCC(=O)N1CCCN(C(=O)Nc2cc(C)nn2C)CC1
m_95e8da,CN1CCOC(CN(CC2CC2)C(=O)CCC(F)(F)F)C1;O=C(C1CCCC(C(F)(F)F)C1)N1CCN(CCO)CC1;CN(Cc1ccc(F)cc1F)C(=O)C1CCCNC1C1CC1;O=C(NCC1CCCC(C(F)(F)F)C1)NCC1CCCO1;CC(N)C1CCCN(C(=O)C2CC2c2cc(F)ccc2F)C1;CC(N)C1CCCN(C(=O)C2CC2c2cccc(F)c2F)C1;CC1(C(=O)NC2CCCN(Cc3c(F)cccc3F)C2)CC1;O=C(CC1CCCO1)NCC1CCN(CC(F)(F)F)CC1;O=C(NCC(F)(F)F)C1CCCN(CCC2CCCO2)C1;CC(=O)N1CC(NC2CCCOCC2)CCC1C(F)(F)F;CC1(CNC(=O)C2CCN(CC(F)(F)F)CC2)CCCO1;CC(=O)N1CCCC1C1CCCN1CCOCC(F)(F)F;COc1ccc(CNC(=O)C(C)N2CCOCC2)cc1OC;CC(C)(C)c1cnc(CCC(=O)NC2CCCC2C(=O)O)o1;CCCC1(C(=O)OCC)CCCN1C(=O)c1nc(C)oc1C;COCC1(CNC(=O)NCc2ccc(O)c(OC)c2)CCC1;CCOc1ccc(C(C)NC(=O)N2CCCCO2)cc1OC;Cc1noc(C)c1C(C)(C)C(=O)N1CCOC2COCCC21;CC1CN(C(=O)CCc2ncc(C(C)(C)C)o2)CC1C(=O)O;NC(=O)CN(CCC1CCCCC1)Cc1cc(=O)c(O)co1;CCOc1ccc(C2CC2NC(=O)NC(CO)COC)cc1;COc1ccc(C(=O)NCCCCCNC(=O)CO)c(C)c1;CCc1occc1C(=O)NC1CCN(C(=O)CCOC)CC1;COc1cccc(OCCN2CCCC(O)(CC(N)=O)C2)c1;CC(CC(=O)N1CC(C(N)=O)C(C(F)(F)F)C1)C(C)(C)C
m_9068e1,CNC(=O)NC(=O)CN1CCN(CC(F)(F)F)CC1(C)C;CC(C)(C)n1cc(C#N)c(NC(=O)C2CCC(F)(F)CC2)n1;COCCC1(CNC(=O)Nc2cc(C(=O)OC)n(C)n2)CC1;Fc1cccnc1N1CCC(NCc2cccc3[nH]ccc23)C1;CNC(=O)CC1(O)CCCN(c2nc(OC)cc(OC)n2)C1;Fc1ccc2c(c1)C(NCCc1nnc3ccccn13)CCC2;Fc1ccc2c(c1)CCCC2NCCc1nnc2ccccn12;CCC(C(=O)O)N1CCN(CC(=O)Nc2cc(C)on2)CC1;CC(=O)CC(C)NCCC(=O)NC(Cc1cnc[nH]1)C(=O)O;CC(C)(C)n1cnc(C(=O)NC2(CC(=O)O)CCCOC2)n1;CCc1nc(CN2CCN(C3(C(=O)O)CCOC3)CC2)no1;COc1cc(CNC(CCCNC(=N)N)C(=O)O)ccc1O;Fc1cccc(C2CNCCN2Cc2ccc3cn[nH]c3c2)c1;CCc1noc(COC2CN(C(=O)C3CN(C)CCO3)C2)n1;CCCOCC(=O)N1CCCC1c1n[nH]nc1C(=O)OCC;CN1CCN(c2nccc3[nH]c(-c4cccc(F)c4)cc23)CC1;COCCn1ccc(NC(=O)N2CCOC3(CCOC3)C2)n1;CCOC1CC(NC(=O)C(C)n2cncn2)(C(=O)O)C1(C)C;CN1CCOC(CN(CC2CC2)C(=O)CCC(F)(F)F)C1;CN1CCOC(CN(CC2CC2)C(=O)CCC(F)(F)F)C1;CN1CCOC(CN(CC2CC2)C(=O)CCC(F)(F)F)C1;CN1CCOC(CN(CC2CC2)C(=O)CCC(F)(F)F)C1;CN1CCOC(CN(CC2CC2)C(=O)CCC(F)(F)F)C1;CN1CCOC(CN(CC2CC2)C(=O)CCC(F)(F)F)C1;CN1CCOC(CN(CC2CC2)C(=O)CCC(F)(F)F)C1
m_1beae5,CCc1nc(CN2CC(F)CC2C(=O)N2CCOCC2)n[nH]1;CCc1ncc2c(n1)CN(CC(=O)NCc1ccccn1)CC2;CN1CCN(C2CCN(c3ncnc4ccccc34)CC2)C1=O;CCc1ncnc(N2CCOC(CN(C)CC(N)=O)C2)c1F;CC(C1CC1)n1cc(NC(=O)c2ccc(NC3CC3)nc2)cn1;CN(C)c1nnc(C2CC(O)C(CNC(=O)C3(F)CC3)C2)[nH]1;CCCn1c(NC(=O)Cn2nc(C)cc2C)nc2ccccc21;O=C(NC1CCOC2(CCCC2)C1)C1=CC(O)C(O)C(O)C1;CCc1nc2ccccc2n1CC(=O)N(C)Cc1cnn(C)c1;CC(C)c1nccc(NC2CC(=O)N(C)C2c2cccnc2)n1;Cc1cccc(C2=CCN(C(=O)NCc3ncn(C)n3)CC2)c1;Cc1nc2c3ccccc3nn2c(C)c1CCC(=O)NCCN;Cc1nc(NC(C)CN2CCCC2=O)cc(-c2ccccn2)n1;C=C(CNC(=O)N(C)Cc1nnc2n1CCC2)c1ccccc1;O=C(CCOC1CCOCC1)N1CC2CCCC2(C(=O)O)C1;CCc1nc(C)cc(NC2CC(=O)N(C)C2c2cccnc2)n1;CC(C)c1ccc(CNC(C=O)C(O)C(O)C(O)CO)cc1;CC(=O)N1CC2CC(C)N(c3nc(C)nc4cnccc34)C2C1;CC(Nc1cnn(C(C)(C)C)c1)C(=O)Nc1cccc(C#N)c1;Nc1nccc(C2CCCN(C(=O)c3cc[nH]c3C3CC3)C2)n1;COCC1CN(c2nccc(C)c2C#N)CC1c1cnn(C)c1;CC(C)c1cc(C(=O)Nc2ccncc2C#N)nn1C(C)(C)C;Cc1noc(C(C)N2CCC(c3nc4ccccc4[nH]3)CC2)n1;CCCc1c(NCc2nc(C)no2)cnn1-c1ccccc1C;CC(C)c1cc(NC(=O)C2CC=CCC2)n(-c2ncccn2)n1
m_907412,Cn1ncc(Br)c1CN1CCCC2C(=O)NCC21;O=C(NCc1[nH]ncc1Br)C12CCCC1NCC2;Cc1ncc(Br)cc1NC(=O)NC1CCCNC1;NC1CC2CC(C(=O)NCc3[nH]ncc3Br)CC12;Cn1ncc(Br)c1CC(=O)NC1CC2(C1)CC2N;CCN1CCN(C(=O)c2cncc(Br)c2N)CC1;CN(C)c1ncc(Br)cc1C(=O)N1CCNCC1;N=C(N)NCCCCNC(=O)c1ccccc1Br;CC(=O)N(C)C1CCN(c2ncc(Br)cn2)CC1;NC(=O)CN1C2CCC1CC(n1cc(Br)cn1)C2;O=C1NCCCC1N1CC(Cn2cc(Br)cn2)C1;Cc1oc(C(=O)N(C)c2ccc(F)cc2)cc1S(N)(=O)=O;Cc1cc(CS(=O)(=O)CC(=O)Nc2ccccc2F)no1;CC1(C(=O)O)CCN(S(=O)(=O)c2ccc(F)cc2C#N)C1;COc1ccc(S(=O)(=O)Nc2ccc(F)cn2)cc1OC;NC(=O)c1cc(-c2ccccc2)sc1NC(=O)c1ccoc1;CC1(C(=O)O)CCCN1S(=O)(=O)c1cccc(F)c1C#N;O=C(Nc1ccc(NC(=O)c2cccs2)cc1)c1ccco1;CS(=O)(=O)c1cccc2sc(N3CCCC(O)C3)nc12;CN(C1(CO)CCC1)S(=O)(=O)c1cnc2ccsc2c1;COC(=O)c1ccc(C(=O)Nc2ccc3scnc3c2)cc1;COC(CS(=O)(=O)Nc1nsc2ccccc12)C1CC1;Cn1c(=O)sc2cc(S(=O)(=O)NC3CCCC3)ccc21;CCOC(=O)C(CC)Sc1nnc(-c2sccc2C)o1;CCOc1ccc2cc(-c3csc(CC#N)n3)c(=O)oc2c1
m_8d19fa,CC(C)c1ccoc1C(=O)NCC(=O)N1Cc2ccccc2C1;Cc1cc(C)c(N2CCC(NC(=O)c3ccoc3)C2=O)c(C)c1;Cc1cc(C(=O)N2CCC(c3ccc(O)cc3)CC2)cc(O)n1;Cc1cc(=O)c(C(=O)N2CCOC(c3ccccc3C)C2)c[nH]1;O=C(NCCc1cccc(O)c1)NC1c2ccccc2CC1O;CC(=O)NCCC(=O)NCc1ccccc1Oc1ccccc1;CC(=O)N1CCc2cc(NC(=O)c3c(C)oc(C)c3C)ccc21;Cc1cc(=O)c(C(=O)N2CC(C)OC(c3ccccc3)C2)c[nH]1;Cc1ccc(-c2ccncc2)cc1NC(=O)CC(C)(C)C(=O)O;CCC(c1ccncc1)N(CC)C(=O)c1cccc(C(=O)O)c1;CCOC(=O)c1ccccc1N(CC)C(=O)c1cncc(C)c1;Cc1cc(C(=O)N2CCCNC(=O)C2Cc2ccccc2)co1;CNC(=O)c1cccc(NC(=O)CCc2cccc(OC)c2)c1;Cc1occc1C(=O)NCC(=O)N1Cc2ccccc2CC1C;Cc1ccc(C=Cc2nc(C)c(CCC(=O)O)c(=O)[nH]2)c(C)c1;O=C(c1coc(C2CC2)n1)N1CCC(CO)(c2ccccc2)C1;Cn1cc(C(=O)N(Cc2ccc(O)cc2)CC2CC2)ccc1=O;COC(=O)c1ccc(C(=O)NC2CCC2c2ccccc2)n1C;O=C(NCCN(CCO)C(=O)c1ccccc1)c1ccccc1;O=C(c1cc[nH]c(=O)c1)N1CCCC1(CO)Cc1ccccc1;CC1=CC(C)(C)N(C(=O)CN2C(=O)CCC2=O)c2ccccc21;CCOC(=O)C(Cc1ccccc1)NC(=O)c1ccc(C)nc1;O=C(c1nc(-c2ccccc2)oc1C1CC1)N1CCC(O)CC1;CN1CCC(CNC(=O)c2cc(O)cc(O)c2)c2ccccc21;CC(NC(=O)CCC(=O)Nc1ccccc1O)c1ccccc1
m_ed201b,Cn1cc(NC(=O)N2CCC(F)(F)C2)c(C2CCCCC2)n1;Cn1ncc2c1CCCN(C(=O)NCC1CCCC1(F)F)C2;CC(C)(C)C1=CCN(C(=O)Nc2cnn(CC(F)F)c2)CC1;Cc1ccc(N2CCCC(NC(=O)C(C)(C)C(F)F)C2)nn1;CC(C)n1cnnc1C1CCCN(C(=O)C2C(C)C2(F)F)C1;CN(C)C(=O)C1c2cnn(C)c2CCN1CC1CC(F)(F)C1;CCC(C)n1ncc(NC(=O)N2CCC(F)(F)C2)c1C1CC1;CC1(C)CCCN(CCNC(=O)c2cc(C(F)F)ncn2)C1;O=C(NC1CCC(F)(F)CC1)N1CCC(n2ccnc2)CC1;Cc1cc(NC(=O)N2CCC(F)(F)C2)nn1C1CCCCC1;CC(C1CC1)n1cc(NC(=O)N2CCC(F)(F)C(C)C2)cn1;CCCCCCC(CCCC)c1ccc(S(=O)(=O)O)cc1;CCC1CN(C(=O)Cn2nc(C)oc2=O)CCN1CCOC;CCCCCCCCCCCc1ccc(S(=O)(=O)O)cc1;COC(=O)c1cc(NC(=O)NC(CO)CC(C)(C)C)n(C)n1;O=C(N1CCOCC1)N1CCN(C(=O)N2CCOCC2)CC1;Cc1cc(C)n(CC2CCCN2Cc2ccc(F)cc2C#N)n1;Fc1ccc2ncnc(N3CC(N4CC5CCCC5C4)C3)c2c1;COC1CC(CN(C)C(=O)COCc2nc(C)no2)N(C)C1;CNC(=NCCCC(N)C(=O)O)N(C)Cc1ccc(CO)o1;Fc1ccc2c(C3CCN(CCn4ccnc4)CC3)c[nH]c2c1;CC(C)c1ccoc1C(=O)NCC(=O)N1Cc2ccccc2C1;CC(C)c1ccoc1C(=O)NCC(=O)N1Cc2ccccc2C1;CC(C)c1ccoc1C(=O)NCC(=O)N1Cc2ccccc2C1;CC(C)c1ccoc1C(=O)NCC(=O)N1Cc2ccccc2C1
m_bbb21f,Cc1ccc(C=CCC(=O)NCC2CC(=O)N(C3CC3)C2)cc1;NC(=O)C1CCOC1CC1CCN(C(=O)C2(F)CCC2)CC1;O=c1[nH]cc(CNCC2(C3(O)CCC3)CCC2)c2ccccc12;Cc1ccc2ccccc2c1CN1CCCC(O)(CC(N)=O)C1;CCN(C(=O)c1cncc2ccccc12)C1CCOC(C)(C)C1;CC(C)CC1(CO)CCCN1C(=O)c1nccc2ccccc12;CCN(CC)C(=O)c1cccc(NCc2ccccc2OC)c1;CC(C)C1(CO)CCN(C(=O)c2ccc(C3(C#N)CC3)cc2)C1;CN(C)CC1CCCCN1C(=O)c1cccc(-c2ccoc2)c1;CC(C)CC1(CO)CCCN1C(=O)c1cncc2ccccc12;COc1ccc(C)cc1CCNC(=O)c1ccc(N(C)C)cc1;CC(C)c1cc(C(=O)N2CCC(c3ccccc3)CC2C)no1;CCC1(CC)CCN(C(=O)c2c[nH]c(=O)c3ccccc23)CC1;Cc1ccc(-c2cc(C(=O)N3C(C)CC(C)CC3C)no2)cc1;COCCN1CCC(NC(=O)c2ccc3ccccc3c2)CC1;COc1cc2c(cc1OC)C(c1ccc(N(C)C)cc1)NCC2;CC1(O)CCOCC1C1CCCN1c1ccc2ccccc2n1;COc1cccc(CN(C)CC(=O)NC(C)c2ccccc2)c1;O=C(NCCc1cccc2ccccc12)NCC1CCCC1O;COc1ccc(C(C)(C)C)cc1NC(=O)CCc1cccnc1;CC(C)c1cc(C(=O)N2CCC(C)(c3ccccc3)CC2)no1;CCOC1CC(N(C)C(=O)c2cc3ccccn3c2)C12CCC2;CCC(=O)N1CCCCC1C(=O)N1CC2(CC2)c2ccccc21;O=C(NCCCC1CCCCC1)c1cc2ccccc2c(=O)[nH]1;C#Cc1ccc(C(=O)NCCCCCNC(=O)C=C(C)C)cc1
m_34c00a,O=C(O)C1CCN(S(=O)(=O)c2cnn(C3CCC3)c2)CC1;COc1cccc(CNC(=O)N2CCCS(=O)(=O)CC2)n1;C=CCCCS(=O)(=O)Nc1nc2n(c1C(=O)OC)CCC2;COC(CNS(=O)(=O)c1c(C)nn(C)c1C)c1ccco1;COCCS(=O)(=O)NC1CC(=O)N(C)C1c1cccnc1;CC(C)(C)OC(=O)N1CCc2nc(S(C)(=O)=O)ncc2C1;CNC(=O)C1(COC)CCCN1S(=O)(=O)c1cccnc1;CS(=O)(=O)N1CCC(CNC(=O)c2cccnc2O)CC1;C=CCNC(=O)NCCc1ccc(OC)c(S(N)(=O)=O)c1;Clc1cnccc1N1CCCC(c2nnc3ccccn23)C1;Clc1ccccc1-n1ncc2c(NC3CCCC3)ncnc21;Clc1ccc(CN2CCC(n3ccnn3)C2)c2ncccc12;Cn1nc(C2CC2)cc1S(=O)(=O)N1CCCC1(C)C(=O)O;CS(=O)(=O)Nc1ccc(OCCNC(=O)N2CCC2)cc1;COc1ccc(NC(=O)CN2CCCN(C)S2(=O)=O)cc1;CCC(C(=O)O)N1CCN(S(=O)(=O)c2cccnc2)CC1;CC(C)c1nc(S(=O)(=O)N2CC3(C)CC2(C(=O)O)C3)c[nH]1;CC(C)n1cc(S(=O)(=O)N2C3CCC2C(C(=O)O)C3)cn1;Cc1ccc(C(=O)NC2CCCN(S(C)(=O)=O)C2)c(=O)[nH]1;COC(=O)c1ccc(S(=O)(=O)N2CCN(C)CC2)nc1C;Cc1nc2ccccc2nc1N1CC(Cn2cc(Cl)cn2)C1;CC1CN(c2cccc(Cl)c2)CCN1c1nccnc1C#N;Cc1cnn(C)c1S(=O)(=O)N1CCC2(CC1)CC2C(=O)O;CCc1c(NCc2ncccn2)cnn1-c1ccc(Cl)cc1;Cc1nccc(C2CCCN(c3ccc(Cl)c(C#N)n3)C2)n1
m_56bcbe,Cc1ccc2nc(-c3ccc(-c4ccccc4)cc3)oc(=O)c2c1;O=c1c(-c2ccccc2)c(O)c2ccccc2n1-c1ccccc1;Cc1ccc(NC(=O)c2cccc3c2-c2ccccc2C3=O)cc1;COc1cccc(CNC(=O)N2CCCS(=O)(=O)CC2)n1;C=CCCCS(=O)(=O)Nc1nc2n(c1C(=O)OC)CCC2;COC(CNS(=O)(=O)c1c(C)nn(C)c1C)c1ccco1;COCCS(=O)(=O)NC1CC(=O)N(C)C1c1cccnc1;CC(C)(C)OC(=O)N1CCc2nc(S(C)(=O)=O)ncc2C1;CNC(=O)C1(COC)CCCN1S(=O)(=O)c1cccnc1;O=C(Nc1ccc2c3c(cccc13)CC2)c1cc2ccccc2o1;Clc1ccc(CN2CCC(n3ccnn3)C2)c2ncccc12;Clc1ccccc1-n1ncc2c(NC3CCCC3)ncnc21;C=CCNC(=O)NCCc1ccc(OC)c(S(N)(=O)=O)c1;CS(=O)(=O)N1CCC(CNC(=O)c2cccnc2O)CC1;Clc1cnccc1N1CCCC(c2nnc3ccccn23)C1;O=C(O)C1CCN(S(=O)(=O)c2cnn(C3CCC3)c2)CC1;Cc1cccc(NC(=O)c2cccc3c2C(=O)c2ccccc2-3)c1;Cc1nc2ccccc2nc1N1CC(Cn2cc(Cl)cn2)C1;Cn1nc(C2CC2)cc1S(=O)(=O)N1CCCC1(C)C(=O)O;CC1CN(c2cccc(Cl)c2)CCN1c1nccnc1C#N;COc1ccc(NC(=O)CN2CCCN(C)S2(=O)=O)cc1;CS(=O)(=O)Nc1ccc(OCCNC(=O)N2CCC2)cc1;CCc1c(NCc2ncccn2)cnn1-c1ccc(Cl)cc1;CC(C)c1nc(S(=O)(=O)N2CC3(C)CC2(C(=O)O)C3)c[nH]1;CC(C)n1cc(S(=O)(=O)N2C3CCC2C(C(=O)O)C3)cn1
m_134d4a,CC(C)(C(=O)O)n1cc(NC(=O)c2ccc3c(c2)CCC3)cn1;Cc1ccccc1-n1cc(C(=O)NC(C)(C(=O)O)C2CC2)cn1;Cc1ncc(C(=O)Nc2cc(C(=O)O)ccc2C)c(C(C)C)n1;CC(C)c1ncncc1C(=O)N(C)Cc1ccc(C(=O)O)cc1;CC(=O)N(CCc1ccccc1)CC(=O)Nc1ncccc1O;CCn1c(=O)[nH]c2cc(C(=O)N(C)Cc3ccc(C)o3)ccc21;O=C(CCc1nc2ccccc2c(=O)n1C1CC1)N1CC(O)C1;CCCOc1ccc2c(c1)OCC(C(=O)Nc1cnn(C)c1)=C2;CCn1c(=O)[nH]c2cc(C(=O)N(C)Cc3occc3C)ccc21;O=C(O)C1CCCC(C(=O)Nc2cnn(-c3ccccc3)c2)C1;CC(=O)N1CCc2c(ncn(CCOc3ccccc3)c2=O)C1;CC(=O)c1c(N2CCOCC2)nc(=O)n(-c2ccccc2)c1C;N#Cc1cccc(CN2C(=O)CCC2C(=O)N2CCOCC2)c1;O=C(Cn1c(=O)[nH]c(=O)c2ccccc21)N1CCC(C2CC2)C1;COCc1ncc2c(n1)CCN(Cc1ccc(C(=O)O)cc1)C2;Cc1ccc(N2CCCC(NC(=O)c3cc(C)on3)C2=O)cc1;COc1ccccc1N1CCCC(NC(=O)c2ccc[nH]2)C1=O;CCc1cc(C(=O)N2CC(CC(=O)O)c3ccccc32)n(C)n1;Cn1cc(CC2CCN(C(=O)c3cccc4c3OCO4)C2)cn1;CC1Cc2c(C(=O)N3Cc4ccccc4CO3)n[nH]c2C(C)O1;Cn1nc(-c2ccccc2)cc1C(=O)NC1CCCC1C(=O)O;CCOc1ccc(CN(C)C(=O)c2cc(C#N)c[nH]2)cc1OC;O=C(OCCN1CCCCC1=O)c1ccc(-n2ccnc2)cc1;CN(C)c1cc(CNC(=O)C2COc3ccccc3O2)ccn1;CCOc1ccccc1C(=O)N1CCc2c(ncn(C)c2=O)C1
m_5da1ef,c1ccc(Cc2noc(CN3CCOC4CCCCC43)n2)cc1;Cc1nnc(-c2ccccc2C(=O)NC2CCC(C)(C)CC2)o1;O=C(Cc1ccc2[nH]ncc2c1)N1CCC(C2CCOC2)CC1;COc1ccc(CNC(=O)NC(c2ccccc2)C(C)C)cn1;COCCC1CCN(C(=O)c2cc(-c3ccccc3)n[nH]2)CC1;CC(NC(=O)C1(C)CCOCC1)c1cccc(-n2cccn2)c1;O=C(CC1(n2cccc2)CCOCC1)NCCc1ccccn1;COC1(c2ccccc2)CN(C(=O)C(C)c2c(C)n[nH]c2C)C1;CCc1noc(C)c1-c1[nH]c2ccccc2c1C(O)CN(C)C;Cc1ccccc1CN(C)C(=O)C1CCCOC1c1ncc[nH]1;Cn1c(CN(c2ccccc2)C2CCCC2)cc(=O)n(C)c1=O;CCc1cc(N2CCCC(O)(CC(N)=O)C2)c2ccccc2n1;Cc1nn(C)c(C)c1C(=O)OCC1CCN(c2ccccc2)C1;Cc1n[nH]c(C)c1C(C)C(=O)N1CC(CO)(c2ccccc2)C1;Cc1ccc(C)c(C2CN(C(=O)c3cc(C)n[nH]3)C(C)CO2)c1;c1ccc(NCc2ccccc2OCCN2CCOCC2)nc1;CCc1[nH]c(=O)c(C(=O)N2CCCC2c2cccn2C)cc1C;CCn1c(=O)c(N2CC(C)OC(C3CC3)C2)nc2ccccc21;Cn1cc(CNC(c2ccccc2)C2CCC2)c(=O)n(C)c1=O;CCn1cc(C2CCN(Cc3ccccc3C(=O)O)CC2)cn1;Cc1nn(C)c(C)c1C1CCCN1C(=O)C1CC1c1ccco1;O=C(Cc1cccnc1)N1CCC2C(CCC(=O)N2C2CC2)C1;CCCc1cc(C(=O)NCC2CCOC2c2ccccc2)[nH]n1;CC(NC(=O)c1cc2ccccn2c1)C(=O)N1CCCCC1C;CCOC(=O)c1nc(NC2CCCCCC2)c2ccccc2n1
m_068354,CC(C)Oc1ccccc1CNC(=O)c1cc(C2CC2)n(C)n1;Cc1ocnc1CNC(=O)N1CCCC1CCc1ccccc1;CCOC(=O)c1nc(N(C)C2CCCCC2)c2ccccc2n1;CCC1CN(C)c2ccccc2CN1C(=O)Cc1cc(C)on1;CCc1noc(C)c1-c1[nH]c2ccccc2c1C(O)CN(C)C;CN(C)c1ncccc1CNCc1cccc2c1OCCCO2;CC(=O)N1CCc2cc(C(=O)NCCN3CC=CCC3)ccc21;CC(NC(=O)c1cc2ccccn2c1)C(=O)N1CCCCC1C;CC(C)(O)C1CCCN1C(=O)Cc1cnn(-c2ccccc2)c1;Cc1cc(CNC(=O)C(c2cccnc2)C2CCCCC2)no1;Cc1cccc(CN(C)C(=O)c2n[nH]c3c2CC(C)OC3C)c1;COCCC1(C(=O)NCc2ccc(-n3cccn3)cc2)CCC1;COc1ccc(CNC(=O)NC(c2ccccc2)C(C)C)cn1;O=C(CC1(n2cccc2)CCOCC1)NCCc1ccccn1;CCCc1[nH]ncc1C(=O)NCC1CCOC1c1ccccc1;CCc1cc(N2CCCC(O)(CC(N)=O)C2)c2ccccc2n1;CCC(CC)n1ccc(C(=O)NC2c3ccccc3CC2O)n1;Cn1cc(C(=O)N2CC(CO)c3ccccc32)c(C(C)(C)C)n1;CCn1nc(C)c(C(=O)NC2COc3c2ccc(C)c3C)c1C;CC(C)n1ccc(C(=O)N2CCCC2COc2ccccc2)n1;COc1ccc(C2CCCN2C(=O)Cc2c(C)n[nH]c2C)cc1;CCCn1cc(C(=O)NCC2CCOC2c2ccccc2)cn1;Cc1cc(C)c2ccnc(N3CC(O)C(CC(N)=O)C3)c2c1C;Cc1noc(C)c1CCNC(=O)C(C)N1CCc2ccccc21;CCOc1ncc(C)cc1NC(=O)N1CC2C3C=CC(C3)C2C1
m_bd0de9,Cc1nccc(C(=O)Nc2ccn(-c3ncccc3Cl)n2)n1;C[n+]1ccn(CC2(C)C(C(=O)[O-])N3C(=O)CC3S2(=O)=O)n1;O=C(Cn1cc(F)ccc1=O)Nc1ccccc1C(F)(F)F;O=C(Nc1ccc(F)cc1OCC(F)F)c1ccncc1F;O=C(Cc1ccc(F)cc1)Nc1cc(C(F)(F)F)c[nH]c1=O;CC(C)=CCCC(C)=CCOP(=O)(O)OP(=O)(O)O;O=C(Nc1cccn(CC(F)(F)F)c1=O)c1ccc(F)cc1;O=C(COc1cccc(C(F)(F)F)n1)Nc1cccc(F)c1;Cc1cc(C)nc(Sc2ncnc3sc4c(c23)CCC4)n1;Fc1cc(F)c(NCc2csc(C3CCCO3)n2)cc1F;Cc1ncsc1C(=O)N(C)C(c1ccccc1)C(F)(F)F;c1ncc2c(n1)CN(Cc1csc(-c3ccsc3)n1)CC2;O=c1[nH]c(O)cn1N=Cc1ccc(-c2ccc([N+](=O)[O-])cc2)o1;Cc1nc(CCNC(=O)c2ccc(C(F)(F)F)cc2)cs1;CC(NCc1cc(C(N)=O)cs1)c1cc(F)c(F)c(F)c1;O=C1CN(N=Cc2ccc(-c3ccc([N+](=O)[O-])cc3)o2)C(=O)N1;O=C(NCC(F)(F)F)c1ccc(NCc2cccs2)cc1;C(=NNc1ncnc2sc3c(c12)CCCC3)c1cccs1;CN(C)C(=O)Cc1csc(-c2cccc(C(F)(F)F)c2)n1;CCOc1ncc(C(=O)N2CCOCC2C(=O)O)cc1Cl;CN(C(=O)CSc1ccc(C#N)c(C(F)(F)F)c1)C1CC1;CC(Sc1ccc(C#N)c(C(F)(F)F)c1)C(=O)NC1CC1;O=C(O)c1ccc2c3c1cccc3c(=O)n1c3ccccc3nc21;CNC(=O)C1CCC(C(=O)O)N(C(=O)c2ccc(Cl)o2)C1;N#Cc1ccc(SCC(=O)NCC2CC2)cc1C(F)(F)F
m_2a0e17,CC(C)C(C)Sc1nc2c(cnn2-c2ccccc2)c(=O)[nH]1;CN1CCC(Nc2cncc(SCc3ccccc3)n2)C1=O;COc1ccc(-c2nc(CNCCn3cccn3)cs2)cc1;COc1cccc(-c2nc(CNCCn3cccn3)cs2)c1;O=C(CC(c1ccsc1)n1cccc1)NCCn1cccn1;CC(=O)N(CCn1nc(C)cc1C)c1nc2ccccc2s1;CCc1nc(NCc2[nH]cc(C)c(=O)c2C)c2ccsc2n1;O=C(c1cnc(-c2ncccn2)s1)N(C1CCC1)C1CCC1;N#Cc1sc2nc(N3CCOCC3)c3c(c2c1N)CCCC3;O=C(CSc1ccc(-c2ccncc2)nn1)N1CCCCC1;CC(C)CNc1nc(C(=O)Nc2cccc3[nH]ccc23)cs1;Cc1cc(C(=O)Nc2nc3c(s2)CCCC3)nc(C2CC2)n1;Cc1nc(C(C)(C)NC(=O)c2cccc3cn[nH]c23)sc1C;CCOc1ccc2nc(N3CC(Cn4ccnc4)C3)sc2c1;Cc1ccc(C)c(CSc2n[nH]c3nc(=O)c(C)c(C)n23)c1;O=C(NCCN1CC=CC1)Nc1ncc(-c2ccccc2)s1;O=C(CSc1ccc(-c2ccccn2)nn1)N1CCCCC1;CCn1c(C)nnc1SCc1nc(-c2ccccc2)oc1C;CCCc1cc(=O)nc(SCc2nc3ccccc3n2C)[nH]1;c1ccc2c(c1)ccc1nnc(SCCN3CCOCC3)n12;O=C1CN(c2nnc(C3CC3)s2)CCN1Cc1ccccc1;c1coc(Cn2ccnc2SCc2n[nH]c3c2CCCC3)c1;CC(Oc1ccc(F)cc1Cl)C(=O)N(C)C1CCNCC1;Cc1nc(C(=O)N2CCC3CN(c4ccccn4)CC32)cs1;Cc1noc2ncnc(N3CC(O)CC3c3ccc(F)cc3)c12
m_12945e,CC(NC(=O)NCCOc1ccc(F)cc1F)C1CCCO1;CCC1(O)CCN(C(=O)Nc2cc(F)c(F)cc2OC)CC1;CC(Cc1ccccc1F)NC(=O)c1cc2c(cn1)OCCC2;Cc1cc(C(=O)NC2(c3cccc(F)c3)CCOCC2)ccn1;COCCC(=O)NC1CCN(c2ccccc2OC(F)F)C1;CC(NC(=O)NCCOc1ccc(F)c(F)c1)C1CCCO1;Cc1ccc(F)cc1C(=O)N(CC1CCCO1)c1ccncc1;Cc1cc(C(=O)N(CC2CCCO2)c2ccncc2)ccc1F;COCc1cccc(C(=O)N2CCN(C)c3cc(F)ccc32)c1;CNC(=O)c1ccc(CN2CCOc3cccc(F)c3C2)cc1;CCc1nc(O)c(C(=O)N2CCC(O)(C(F)F)CC2)cc1C;CC(C)(NC(=O)Cc1ccccc1F)C(=O)Nc1ccccc1;Cc1cncc(C(=O)NC2CC(C)(C)Oc3cc(F)ccc32)c1;COc1cccc2c1CCC2(N)C(=O)NCc1cccc(F)c1;O=C(Nc1cccc(COc2cccc(F)c2)c1)C1CCNC1;NC(=O)c1ccc(CN2CCC(Oc3ccc(F)cc3)C2)cc1;O=C(c1cccnc1O)N1CCC(Cc2ccc(F)cc2)CC1;Cc1cc(C(=O)N2CCC(Cc3ccc(F)cc3)C2)cc(O)n1;Cn1cc(C(=O)NCC2(c3ccc(F)cc3)CCC2)ccc1=O;NC(=O)c1cccc2c1CCCN2CCOc1cccc(F)c1;O=C(Cc1ccc(O)cc1)N1CCN(c2ccccc2F)CC1;O=C(Nc1cccc(OCCF)c1)C1Cc2ccccc2CN1;O=C(NCc1cncc(F)c1)C1(c2ccccc2)CCOCC1;O=C(c1ccc(Oc2ccc(F)cc2)cc1)N1CCCNCC1;COc1ccc(-c2ccc(C(=O)N3CCC(N)C3)c(F)c2)cc1
m_97cca9,NC(=O)C1CCC(C2CCN(c3nc4ccccc4[nH]3)CC2)O1;Cc1cc(NC(=O)N2CCN(c3cccc(C)c3C)CC2)no1;CN(C)c1cc(C#N)cc(C(=O)N2CCC(CC(N)=O)CC2)c1;CN(CC1CC1)CC1CN(C(=O)c2ccc(C#N)cn2)CCO1;CNc1ccccc1C(=O)N1CCN(Cc2cc(C)on2)CC1;CNC(=O)C1CCCCN1C(=O)CCc1nc2ccccc2[nH]1;Cc1cc(C(=O)Nc2cccc(CN)c2)n(C2CCOCC2)n1;Cc1ccc(CCNC(=O)c2n[nH]c3c2CC(C)OC3C)nc1;Cc1noc(C(C)NC(=O)C(C)N2CCc3ccccc3C2)n1;CC(C)n1ccc(NC(=O)N2CCOC(c3ccccc3)C2)n1;O=C(Cn1ccnn1)N(Cc1ccc(O)cc1)C1CCCCC1;CCCC(=O)N1CCCCC1C(=O)Nc1nc2ccccc2[nH]1;Cc1cc(NC(=O)c2ccc(NC(=O)CC(C)C)c(C)c2)[nH]n1;CN1CCOC(CNC(=O)NCc2ccc3ncccc3c2)C1;Cc1c(C(=O)NC2CCN(C(=O)C(C)C)C2)ccc2[nH]ncc12;O=C(N1CCN(c2nc3ccccc3[nH]2)CC1)C1(O)CCCC1;COc1nccnc1N1CCCC(COc2ccnc(C)c2)C1;CCOCc1nc2c(N)nc3ccccc3c2n1CC(C)(C)O;COC1CC(C(N)=O)N(Cc2ccc(-n3ccnc3)cc2C)C1;Cn1cc(C2OCCCC2NC(=O)CCc2ccccn2)cn1;CC1CN(C(=O)NCc2cccc(Cn3cccn3)c2)CCO1;Cn1ccc(NC(=O)N2CCCCC2Cc2ccc(O)cc2)n1;CC(C)c1noc(C(C)Nc2cccc(N3CCCC3=O)c2)n1;CC(NC(=O)N1CCCC1CO)c1cccc(-n2cccn2)c1;CC(C)Oc1ccc(CNC(=O)C2CCc3nc[nH]c3C2)cn1
m_6b66aa,Cc1cc(S(=O)(=O)Nc2cc(Cl)ccc2O)ccc1F;COc1cccc(S(=O)(=O)Nc2ccc(F)c(Cl)c2)c1;COc1ccc(Cl)cc1S(=O)(=O)Nc1ccccc1F;O=c1c2sccc2ncn1Cc1cc(-c2cccs2)on1;O=c1c2sccc2ncn1Cc1ncc(-c2cccs2)o1;COc1ccccc1S(=O)(=O)Nc1ccc(F)c(Cl)c1;O=C(OCc1cccnc1)c1cc2c(nc3sccn32)s1;COCC(=O)NC(CC(=O)O)c1cccc(Br)c1;COc1ccc(Cl)cc1C[S+]([O-])Cc1csc(C)n1;COc1cc(Br)ccc1C(=O)NCC(C)C(=O)O;COc1cc(C(=O)N(C)CCC(=O)O)ccc1Br;O=C(c1cc(Br)co1)N1CCOCC12CCOC2;O=C(NC1CCC(C(=O)O)CC1)c1occc1Br;CC(C(=O)O)N(C)Cc1cc2c(cc1Br)OCO2;CC1CCC(C(=O)O)CN1C(=O)c1occc1Br;O=C(Nc1ccc(I)cc1)C1CCCC1;COCCC(=O)Nc1cc(Br)cc(C(=O)O)c1C;Brc1ccc2ncnc(NCc3ncccn3)c2c1;COc1cc(Br)ccc1C(=O)NCCCC(=O)O;O=C(Nc1ccc(Br)c(CO)c1)C1COCCO1;NC(=O)C1CCC(C2CCN(c3nc4ccccc4[nH]3)CC2)O1;NC(=O)C1CCC(C2CCN(c3nc4ccccc4[nH]3)CC2)O1;NC(=O)C1CCC(C2CCN(c3nc4ccccc4[nH]3)CC2)O1;NC(=O)C1CCC(C2CCN(c3nc4ccccc4[nH]3)CC2)O1;NC(=O)C1CCC(C2CCN(c3nc4ccccc4[nH]3)CC2)O1
m_25a38e,O=C1CCc2cc(-c3csc(N4CCOCC4)n3)ccc2N1;CC(C)(CNC1CCCS(=O)(=O)C1)c1cccc(Cl)c1;COc1ccccc1C(CNc1ncnc2ccsc12)OC;Cc1nsc2ncn(CC(O)CCc3ccccc3)c(=O)c12;Cc1ccn2cc(-c3ccc(S(=O)(=O)N(C)C)cc3)nc2c1;CCN(CC1=Nc2ccccc2S(=O)(=O)N1)c1ccccc1;COc1ccc(-c2nc(-c3cnn(C)c3)sc2C)c(OC)c1;NC(=O)c1ccsc1NC(=O)CN1CCc2ccccc2C1;Cc1cccc(C)c1NC(=O)CC1CSc2nccc(=O)n21;CN(C1(C#N)CCCC1)S(=O)(=O)c1cccc2ncccc12;O=c1c2cc(-c3cccs3)nn2ccn1CC1CCCOC1;Cc1nc(CCNC(=O)C(C)Oc2ccccc2C#N)cs1;CCc1cnc(CN(C)C(=O)Cc2noc3ccccc23)s1;Cc1nc(-c2ccccc2)c(C(=O)NC2CCN(C)C2=O)s1;CC(=O)N1CCc2cc(C(=O)NCc3nc(C)cs3)ccc21;CN(Cc1nccs1)C(=O)c1ccc2c(c1)CCC(=O)N2C;CNS(=O)(=O)c1ccc(F)c(C(=O)N2CCN(C)CC2)c1;Cc1c(-c2ccccc2)[nH]c(SC2CCN(C)C2=O)nc1=O;COc1ccc(OCc2nc(-c3cn(C)nc3C)cs2)cc1;Cc1ccc(C(=O)N2CCN(C(=O)c3ccsc3)CC2)cn1;Cc1cc(C(=O)NCCn2ccc(-c3cccs3)n2)c(C)o1;Cc1ccsc1C(=O)NC1CCN(C(=O)c2ccccn2)C1;COc1cccc2[nH]cc(CCNC(=O)c3scnc3C)c12;Cc1ccnc(NC(=O)C2CCCN2C(=O)c2cccs2)c1;CN1C(=O)NC2CN(C(=O)c3csc4ccccc34)CCC21
m_2c1f87,CC(C)(NC(=O)c1ccc(C(F)F)c(F)c1)C1CCOCC1;O=C(NCC1CCCC(CO)C1)c1cccc(C(F)F)c1F;Cc1ccc2c(c1)CCC(C(=O)NCC(C)(C)C(F)(F)F)O2;CCC(=O)NCC1(c2cccc(C(F)(F)F)c2)CCOCC1;CN(Cc1cccc(O)c1)C(=O)C1CCCCC1C(F)(F)F;CCC(C(=O)O)N1CCC(c2ccc(C(F)(F)F)cc2)CC1;O=C(NC1CCCC1CO)c1ccc(CCC(F)(F)F)cc1;CC(C)(CNC(=O)C1CCOC1)c1ccc(C(F)(F)F)cc1;CN(Cc1ccc(O)cc1)C(=O)C1CCCCC1C(F)(F)F;O=C(COCC(F)(F)F)NCC1CCCC1c1ccccc1;CC(CNC(=O)C1CCOCC1)c1ccc(C(F)(F)F)cc1;O=C(NCC1(O)CCCCCC1)c1ccccc1C(F)(F)F;O=C(NCCc1ccc(O)cc1)C1CCCCC1C(F)(F)F;COc1ccc(CC(=O)NC2CCCCC2C(F)(F)F)cc1;O=C(CCc1ccccc1)N(CC(F)(F)F)C1CCOCC1;O=C(Nc1ccc(CCO)cc1)C1CCCCC1C(F)(F)F;Cc1nc2n(n1)CC(Nc1c(C#N)c(=O)n(C)c(=O)n1C)CC2;O=C(NCc1n[nH]c(=O)n1C1CC1)Nc1ccc(C2CC2)nn1;COc1nc(C)cc(N(C)Cc2nnc3c(=O)n(C)ccn23)n1;Cc1nnc2n1CC(Nc1c(C#N)c(=O)n(C)c(=O)n1C)CC2;Cn1nc(C2CC2)nc1Cn1cnc2c1c(=O)n(C)c(=O)n2C;O=C(c1ccc(CO)cc1)N(Cc1ccco1)CC1CCCO1;CC(C)(C)c1ccc(-c2ccc(C(=O)NCCC(=O)O)o2)cc1;O=C(O)CC1(NC(=O)C2C3Cc4ccccc4C32)CCOCC1;CCOc1ccc(C(=O)NCC(O)(c2ccco2)C2CC2)cc1
m_ded5eb,CNC(=O)C1CCCCN1C(=O)CC1C(=O)Nc2ccccc21;COc1cnc(C(C)(C)NC(=O)c2cc(C)cc(C)c2)[nH]c1=O;CC1Cc2ccccc2N1C(=O)CCCN1C(=O)CN(C)C1=O;CCOCC1CN(C(=O)c2ccccc2-c2cn[nH]c2)CCO1;CCN(Cc1ccc2c(c1)OCO2)C(=O)Cn1nc(C)cc1C;COc1cc(OC)cc(C(=O)N2CCCCC2c2cn[nH]c2)c1;Cc1cc(C)n(-c2ccc(C(=O)NCC3COCC3O)cc2)n1;Cc1ccccc1-c1cc(NC(=O)C2CCCO2)n(CCO)n1;CC(C)c1cc(C(=O)N(C)Cc2ccc(C(=O)O)cc2)n(C)n1;CNC(=O)C1CCCCN1C(=O)CCc1nc2ccccc2o1;OC1CC(NCc2cccc3c2OCCCO3)C1n1cccn1;COc1ccc(NC(=O)N(Cc2ccco2)C2CCCC2)cn1;CCc1ccccc1OCc1nnc2n1CCC(C(=O)OC)C2;Cc1cc(C(=O)O)cc(C(=O)NC(C)c2cnn(C(C)C)c2)c1;NC12CCCC1CN(C(=O)c1ccc3c(c1)C(=O)NCCO3)C2;Cc1cc(C(=O)NCc2cccc(C(=O)O)c2)nn1C(C)(C)C;Cn1cc(OC2CCCC2NC(=O)c2ccc(CO)cc2)cn1;O=C(c1ccc2cccnn12)N1CCOC2(CCOCC2)CC1;Cc1cc(NC(=O)C2OCCOC2C)n(-c2ccccc2C)n1;CC(C)n1ccc(CN2CCOc3ccccc3C2C(=O)O)n1;COCCC1(c2nc(-c3ccc(C(N)=O)cc3)no2)CCCC1;CCCn1nc(C)c(C(=O)NCc2cccc(C(=O)O)c2)c1C;Cc1cc(NC(=O)CC2OCCCO2)n(-c2ccccc2C)n1;CCC(NC(=O)c1cnn(C)c1C)c1ccc2c(c1)OCCO2;OCc1ccc(-c2cnc(N3CCCC(O)C3)nc2)cc1CO
m_6105c1,CCn1cc(OC2CCCC2NC(=O)c2cncnc2C)cn1;Cc1c(C(C)NC(=O)C(C)NC(N)=O)cnn1-c1ccccc1;COCc1nc(OC)cc(N2CCC(c3ncccn3)CC2)n1;NC(=O)NC(=O)CCN1CCC(c2nc3ccccc3[nH]2)CC1;NC(=O)NCCC(=O)N1CCC(c2nc3ccccc3[nH]2)CC1;Cc1nc(C(=O)N2CCCC2c2ccc(N(C)C)nn2)c(C)o1;Cc1noc(C2CC(O)C(CNc3ncnc4c3CCC4)C2)n1;CCOC(=O)C1CCCN(c2cncc(-n3ccnc3C)n2)C1;COCc1n[nH]c(C2CN(C(=O)c3cc[nH]c3)CC2C2CC2)n1;CCN1C(=O)CC(CNC(=O)c2ccc[nH]2)C1c1nccn1C;O=C(c1[nH]nc2c1CCCC2)N1CCN(Cc2ccon2)CC1;CC(C)n1cccc1C(=O)NC1CCN(c2cnn(C)c2)C1=O;Cc1n[nH]c(=O)c(C(=O)Nc2cc(C3CCCCC3)[nH]n2)c1C;CCc1nnc(C)cc1C(=O)NC1CCOC1c1ccnn1C;Cc1cnn(CC(=O)NCc2ccncc2OC2CCNC2)c1;COCc1n[nH]c(C2CN(C(=O)c3ccc[nH]3)CC2C2CC2)n1;COCC1(C(N)=O)CCCN1Cc1ncnn1-c1ccccc1;CNC(=O)CN1CCC(NC(=O)c2cn3ccccc3n2)CC1;Cc1n[nH]c(C)c1CCC(=O)N1CCC(Oc2cccnn2)C1;CC1(CNC(=O)Nc2cnn(-c3ccccc3)n2)CCCCO1;Cc1n[nH]c(C)c1C1CCCN1C(=O)Nc1cccn(C)c1=O;CCc1nnnn1CC(=O)N1CCCC1c1ccc(OC)cc1;CC1CNCCN1c1nccnc1OCCOc1cccnc1;c1cnnc(N2CCCN(Cc3noc4c3COCC4)CC2)c1;CCC(C)Oc1cc(C(=O)NCc2nc(C3CC3)n[nH]2)ccn1
m_f82743,CC(C(=O)NC1CC1)N1CCN(C(=O)C2C(C)C2(F)F)CC1;Cn1nc(C(=O)NCC2(O)CCC(C)(C)CC2)cc1C(F)F;Cc1cc(C(=O)NC(C(C)C)C2(CO)CCC2)nn1C(F)F;CCC1CCCCC1OCC(=O)Nc1c(C(F)F)n[nH]c1C;CC(Nc1cc(C(N)=O)ccc1CN(C)C)c1cccc(F)c1;CC(CC(=O)NCc1cc2n(n1)CCC2)Cc1cccc(F)c1;Cc1cc(NC(=O)C2CC2c2ccc(F)cc2)n(C(C)(C)C)n1;Cc1n[nH]c(C)c1C(C)C(=O)N1CCCC1c1ccc(F)cc1;Cc1ccc(C)c(CN2CCC(Oc3ncc(F)cn3)CC2)c1;CCc1cc(C(=O)N2CCCC2(C)Cc2cccc(F)c2)[nH]n1;Fc1ccc(CC2CCN(Cc3nnc(C4CC4)o3)CC2)cc1;CN(C)CCN(C1CCCCC1)S(=O)(=O)c1cnnn1C;Cn1cc(CC(=O)N2CCCC2(C)Cc2cccc(F)c2)cn1;Cc1n[nH]c(C)c1C(C)C(=O)N1CCc2cc(F)ccc2C1C;Cn1nccc1C(=O)N(CCc1cccc(F)c1)C1CCCC1;Cc1cnn(CC2CCCCN2C(=O)Cc2cccc(F)c2)c1;O=C(CCc1ccccc1F)N1CCCCC1Cn1cccn1;Fc1ccccc1-n1ccc(CN2CCCC3(CCOC3)C2)n1;CCCCC(=O)N1CCCn2nc(-c3ccc(F)cc3)cc2C1;Cc1n[nH]c(C)c1C(C)C(=O)NC(c1ccc(F)cc1)C1CC1;CCCCS(=O)(=O)NCCNc1cc(NCC)nc(C)n1;Cn1cc(CCC(=O)N2CCCC2Cc2ccc(F)cc2)cn1;CCCSc1nc(N2CCCCC2)c2c(c1C#N)CCCC2;N#Cc1ccc(CN2CCCCC2CN2CCCC2=O)cc1F;Cn1cc(CCC(=O)N2CCCC2Cc2cccc(F)c2)cn1
m_8db7e3,C=CCCCCCCCCC(=O)NC(CCSC)C(=O)O;CC(CS(C)(=O)=O)N(C)C(=O)C1CCCC2CCCCC21;CN(C(=O)CC1(CS(C)(=O)=O)CC1)C1CCCCCCC1;CCC1CCCCC1C(=O)NC1CCCC(S(C)(=O)=O)C1;CN1CC2CCCN(Cc3cn(-c4ccc(F)cc4)nn3)C2C1;CCS(=O)(=O)C1CCN(C(=O)C2(C)CCCCCC2)CC1;CCS(=O)(=O)CCN1CC(C)(C)OC2(CC3CCC2C3)C1;CC1CC(C(=O)N2CCCC2CS(C)(=O)=O)CC(C)(C)C1;CCc1ncnc(N2CCCC2c2nc3c([nH]2)CCCC3)c1F;CC(C)(C)S(=O)(=O)CC(=O)N(C1CCCC1)C1CCCC1;Cn1ncc(NC(=O)NC2CCNCC(C)(C)C2)c1C(F)F;CS(=O)(=O)C1CCCC(NC(=O)CCC2CCCCC2)C1;CC(C)(C)C1CCCN(C(=O)CC2CCS(=O)(=O)C2)CC1;CC1(C)CC(NC(=O)CC2CCS(=O)(=O)C2)CC(C)(C)C1;CCCCC1CCC(C(=O)NCC2CCS(=O)(=O)C2)CC1;CC1CCC(CN(C)C(=O)CC2(CS(C)(=O)=O)CC2)CC1;CC12CNCC1(C)CN(Cc1ccc(-n3cncn3)c(F)c1)C2;CN(Cc1cccnc1)CC1CC(F)CN1Cc1ncccn1;CN(C)c1nccc(N2CCCN(c3ccccc3F)CC2)n1;Cc1ccc(F)c(NCc2cnc(N3CCN(C)CC3)nc2)c1;CCCCC1CCC(C(=O)NCCC2CS(=O)(=O)C2)CC1;CC(C(=O)NC1CC1)N1CCN(C(=O)C2C(C)C2(F)F)CC1;CC(C(=O)NC1CC1)N1CCN(C(=O)C2C(C)C2(F)F)CC1;CC(C(=O)NC1CC1)N1CCN(C(=O)C2C(C)C2(F)F)CC1;CC(C(=O)NC1CC1)N1CCN(C(=O)C2C(C)C2(F)F)CC1
m_cc35ab,Cc1ccc(C2(CNC(=O)N3CCNC(=O)CC3)CC2)c(C)c1;Cc1cccc(C)c1CCNC(=O)N1CCN(C2CC2)C(=O)C1;CCCN1CCCN(C(=O)NCC2Cc3ccccc32)CC1=O;CC(C)CN(CC(C)C)C(=O)Cn1ncc2ccccc2c1=O;O=C1CN(C(=O)NCCC2CC2Cc2ccccc2)CCCN1;CCC(C)C(NC(=O)CC1CCCO1)c1nc2ccccc2[nH]1;Cc1nc2ccccc2c(NCC(O)CN2CCOCC2)c1C;Cc1c(C(C)NC(=O)NC2CCN(C)CC2)oc2ccccc12;CC(NC(=O)N1CCC(C(N)=O)CC1)c1ccc2c(c1)CCC2;Cc1nnc(CC(=O)N(CC(C)C)C(C)c2ccccc2C)o1;Cc1c(C(NCCN2CCNC2=O)C(C)C)oc2ccccc12;CCC1(CO)CCCN(Cc2nc3ccccc3c(=O)n2C)C1;CCOc1ccc(C(=O)N2CC(N3CC4CCCC4C3)C2)cn1;CCc1ccc(CCN2CC(C)OC(c3nnc(C)o3)C2)cc1;CNC(=O)c1cccc(NC(=O)C(C2CC2)N2CCCC2)c1C;Cc1ccc2c(c1)CN(C(=O)CN1CCCNC1=O)C(C)(C)C2;COc1ccc(C(C)C(C)NC(=O)Cc2c(C)n[nH]c2C)cc1;Cc1cc(CNC(=O)NCC(Cc2ccccc2)C(C)C)on1;CC1CCN1CC(=O)NCc1cccc(CN2CCCC2=O)c1;CN1CC(NC(=O)NCc2ccc(C3CCC3)cc2)CCC1=O;CCOc1ccc(NC(=O)C(C)Cn2nc(C)c(C)c2C)cc1;CC1(C)CCN1C(=O)NC(CN1CCCC1=O)c1ccccc1;CC(C)C(O)CC(=O)N1CCC(c2c[nH]c3ncccc23)CC1;Cc1nc(NC(=O)NC(Cc2ccccc2)C(C)(C)C)oc1C;O=C(Nc1ccncc1)C1CCC(NC(=O)C2CCCC2)CC1
m_612431,CCOc1cc(N2CCC(Cn3nc(C)cc3C)CC2)ncn1;O=C(C1CCC1)N1CCN(c2cc(NCC3CC3)ncn2)CC1;CN1C(=O)CCC(CNCc2ccn(C)c2)C1c1nccn1C;Cc1nnc(CN2CCN(CCOc3ccccc3)CC2)n1C;Cc1cc(N2CCC(N3CCCNC3=O)CC2)nc(C2CC2)n1;CCc1ncc(CN2CC(OC)CC2c2nc(C)c(C)[nH]2)cn1;CCN(CC)CC(=O)N1CCN(c2cccc3[nH]ncc23)CC1;Cc1ccc(C(C)NC(=O)Cn2nnnc2C(C)(C)C)cc1C;CNC(=O)c1ccc(C2CCCCN2CCn2cccn2)n1C;COCC1CCCN(Cc2nnnn2-c2c(C)cccc2C)C1;COCc1nc(C)cc(N2CC(c3cnn(C)c3)C(C)(C)C2)n1;CCn1c(C)cc(C(=O)NCCc2nnc3n2CCCC3)c1C;O=C(Nc1cnc(N2CCNCC2)nc1)C1CC2CCC1CC2;CCn1ccnc1C1OCCC1CNC(C)c1nccnc1C;CC(C1CC1)n1cc(NC(=O)NCC2CCC(C#N)CC2)cn1;CN(CC1CC1)CC1CN(Cc2cnc3cnccn23)CCO1;CCn1cnnc1C1CN(Cc2cccc(C(C)C)n2)CCO1;CC(C)C1C(=O)NCCN1Cc1cnc2c(cnn2C(C)C)c1;Cc1cccc(C(NC(=O)NCc2ncnn2C)C(C)(C)C)c1;CC(CNC(=O)c1nc2ccccc2[nH]1)CN1CCN(C)CC1;CCc1nncn1CCNC(=O)NC(C)(C)c1cccc(C)c1;CCCn1nnnc1CN1C(C)COC(c2ccccc2)C1C;CC(C)N(C)CC(=O)N1CCN(c2cccc3[nH]ncc23)CC1;CCc1nncn1CCNC(=O)NCc1c(C)cc(C)cc1C;CCOCC1CN(c2ncc(C)c(C)n2)CC1c1cnn(C)c1
m_db2c0e,O=C(O)CSCc1nc2c(cnn2-c2ccccc2)c(=O)[nH]1;C=CCn1c(=O)c2ccccc2n2c(SCC(=O)O)nnc12;Cc1occc1C(=O)Nc1nc(-c2c[nH]c(C(N)=O)c2)cs1;NC(=O)c1ccccc1NS(=O)(=O)c1c[nH]c2ncccc12;CC(=O)Nc1nc(Cn2c(-c3ccccc3)noc2=O)cs1;O=C(CCc1nc(-c2ccsc2)no1)Nc1ncccc1O;Cn1c(=O)c2cc(NC(=O)c3cccs3)cnc2n(C)c1=O;COC(=O)CSc1nc2c(cnn2-c2ccccc2)c(=O)[nH]1;O=C(CSc1ncccn1)NN=Cc1ccc2c(c1)OCO2;Cc1ccc(C(=O)NCc2nc(-c3ccsc3)no2)c(=O)[nH]1;O=C1Nc2ccc(F)c(F)c2C(C#CC2CC2)(C(F)(F)F)N1;Cc1ccc(S(=O)(=O)Nn2nnc3ccccc3c2=O)cc1;COC(=O)COc1cccn2cc(-c3ccc(Cl)cc3)nc12;CCc1nc2sc(C)nn2c1S(=O)(=O)N1CCOCC1;COC(=O)N1CCC(CNC(=O)c2ccc(Cl)s2)CC1;COc1cc(C)c2c(N)c(C(=O)c3ccc(Cl)cc3)oc2n1;Cc1ccc(C(=O)N2CCn3c(nnc3C(F)(F)F)C2)s1;Cc1cnc(C(C)(C)NS(=O)(=O)c2c(N)noc2C)s1;Cc1cccc(Cl)c1S(=O)(=O)N1CCCNC(=O)C1C;COc1ncc(C(=O)N2CC(C)[S+]([O-])C(C)C2)cc1Cl;CNS(=O)(=O)CC(=O)N1CCCC1c1ccccc1Cl;CC1(C)CCCC1C(=O)NS(=O)(=O)c1cncc(Cl)c1;CSc1sc(NC(=O)CNC(=O)CNC(C)=O)nc1C;O=C(Cc1ccccc1Cl)NCc1cc(-c2ccco2)on1;O=C(O)CCC(CCC(=O)O)c1ccc(S(=O)(=O)O)cc1
m_d7ecc5,CCn1ccnc(-n2nnc3ccccc32)c1=Nc1ccccc1;Cc1nc2ccccc2n1C1CN(c2ncnc3ncccc23)C1;Cc1cccc(-n2ncc3c(NCc4cccnc4)ncnc32)c1;c1cnc2c(CNc3ncnc4c3ncn4C3CC3)cccc2c1;N#Cc1cc2ccccc2nc1N1CCN(c2ccncn2)CC1;N#Cc1ccnc(N2CCC(c3ccc4cccnc4n3)CC2)n1;N#Cc1nnc2ccccc2c1N1CCc2c(ncn2C2CC2)C1;CC1CCN(C2CC(=O)N(c3ccc4c(c3)OCO4)C2=O)CC1;CCC1CN(C(=O)COCc2cc(C)on2)c2ccccc2O1;O=C1Nc2ccccc2CC1CCC(=O)N1CCCC1C(=O)O;O=C(O)c1ccc(C(=O)NC2CCN(C(=O)C3CC3)CC2)cc1;CC(=O)N1CCc2cc(C(=O)N3CCC(C)(C(=O)O)C3)ccc21;COC(=O)C1(NC(=O)CCC2Cc3ccccc3NC2=O)CC1;COC(=O)C(NC(=O)c1ccc2cc(OC)ccc2n1)C(C)C;CC(=O)N1CCc2cc(C(=O)N3CCCC(C(=O)O)C3)ccc21;COc1ccc(-c2cc(CN3CCCC3(C)C(=O)O)on2)cc1;CC(C)c1cnc(-c2ccc(NC(=O)C3COCCO3)cc2)o1;CNC(=O)C1(C(=O)N2CCC(C(=O)O)(c3ccccc3)C2)CC1;COCc1cc(C2CN(C(=O)C(O)Cc3ccccc3)C2)no1;Cc1ccc(C)c(OCC(=O)N(C2CC2)C2CC(=O)NC2=O)c1;COc1ccc(OC)c(CN(C)C(=O)c2ncoc2C2CC2)c1;CCOc1ccc(NC(=O)c2noc3c2CCCC3)cc1CO;COc1ccc(OC)c(C(C)NC(=O)c2cc(C3CC3)on2)c1;Cc1ccc(C(CC(=O)O)NC(=O)c2ncoc2C(C)C)cc1;COc1cccc2c1OCC(NC(=O)N(C)Cc1ccco1)C2
m_e8d835,COc1ccc(C2(C#N)CCC(C(=O)O)CC2)c2c1OCCO2;Cc1cc2occ(CC(=O)N3CCOC(C(=O)O)C3)c2cc1C;Cc1ccc2c(CC(=O)N3CCOC(C(=O)O)C3)coc2c1C;COCc1ccc(C(=O)NC(C(=O)O)c2cccc(C)c2C)o1;O=C(OC1CCCC1)C1CC(=O)N(c2ccc3c(c2)OCO3)C1;Cc1cc2occ(CC(=O)N3CCOCC3C(=O)O)c2cc1C;COC(=O)CNC(=O)COc1ccc2oc3c(c2c1)CCCC3;Cc1ccc2c(CC(=O)N3CCOCC3C(=O)O)coc2c1C;COc1ccccc1CC(C)N(C)C(=O)c1cc(C(=O)O)co1;COc1ccc(C(=O)N(C)Cc2cc(C(=O)O)c(C)o2)c(C)c1;O=C(O)C1CCCN1C(=O)C1CC1c1ccc2c(c1)OCCO2;O=C(O)CCN(C(=O)c1coc2ccccc12)C1CCOCC1;COc1cc(C(=O)O)ccc1NC(=O)c1cc(C(C)C)oc1C;COc1ccccc1OCc1ccc(C(=O)N2CCOCC2)o1;COc1ccc2c(c1)C=C(C(=O)N1CCC(C(=O)O)CC1)CO2;CCc1oc(C(=O)Nc2cc(COC)cc(C(=O)O)c2)cc1C;COc1cc(C(=O)NC(C)c2ccc(C)o2)cc2c1OCCO2;O=C(O)C1CCN(C(=O)c2cccc3c2OCO3)C2CCCC12;COc1cc(C=CC(=O)N2CCC=CC2=O)cc(OC)c1OC;CCOC(=O)CC(c1cccc(O)c1)c1c(O)cc(C)nc1O;COC(=O)c1cc(CNC(=O)CCc2ccco2)ccc1OC;COc1ccc(C(=O)NCCc2ccc(O)c(O)c2)cc1OC;COc1cc(CNC(C(=O)O)c2ccccc2)cc(OC)c1O;COc1ccc(CNC(Cc2ccc(O)c(O)c2)C(=O)O)cc1;COc1ccc2c(CC(=O)N3CCCCC3C(=O)O)coc2c1
m_6817b1,CN1CCC(NC(=O)c2ccccn2)C1c1ccc(F)c(F)c1;O=C(NCc1cccnc1)N1CCC(C(O)C(F)(F)F)CC1;NC(=O)c1cc(NC(=O)CC2CCC(C(F)(F)F)CC2)c[nH]1;CC(CN1CCOCC1)NC(=O)c1cccnc1C(F)(F)F;CC1CN(C(=O)c2ccc(OCC(F)(F)F)nc2)CC(C)N1;CC1(C)CN(CC(F)(F)F)CCN1C(=O)c1cccc(=O)[nH]1;COc1ncc(NC2CCC(C(F)(F)F)CC2)cc1C(N)=O;Cn1cc(C(=O)NC2CCN(CC(F)(F)F)CC2)ccc1=O;O=C(OCC1CC1)N1CCC(c2ncc(C(F)(F)F)[nH]2)CC1;O=C(c1cc(C(F)(F)F)n[nH]1)N1CCC(C2CCOCC2)C1;CC1(C)CN(C(=O)Nc2cccnc2)CC(C)(C(F)(F)F)O1;Cc1ccnc(C(NC(=O)Cc2ccc(F)c(F)c2)C2CC2)n1;CNC(=O)CC1(O)CCCN(c2ccc(C(F)(F)F)cn2)C1;O=C(Cc1ccccc1F)N1CCN(c2ncccc2F)CC1;CC(O)CN1CCN(C(=O)c2ccc(C(F)(F)F)nc2)CC1;O=C(c1cccc(F)c1F)N1CCN(Cc2cccnc2)CC1;Cc1nccnc1C(=O)N1CCC(c2ccc(F)c(F)c2)C1C;CC1CN(C)c2ccccc2N(C(=O)c2ncc(F)cc2F)C1;NC(=O)CN1CCCC(COc2ncccc2C(F)(F)F)C1;O=C(NCc1ccc(O)nc1)C1CCCN(CC(F)(F)F)C1;CC(=O)NCCNC(=O)NCc1ccc(C(F)(F)F)cc1C;Cc1ccc2c(c1)C(NC(=O)c1cc(C(F)F)ncn1)CCC2;CC1CCn2ncc(C(=O)N3CCc4c(F)cc(F)cc43)c2C1;CCOC(=O)CN1CCN(c2ccc(C(F)(F)F)cn2)CC1;CC1CCn2ncc(C(=O)N3CCc4cc(F)c(F)cc43)c2C1
m_88a263,O=C(NCc1ccc(O)nc1)C1CCCN(CC(F)(F)F)C1;CC(=O)NCCNC(=O)NCc1ccc(C(F)(F)F)cc1C;O=C(c1cc(C(F)(F)F)n[nH]1)N1CCC(C2CCOCC2)C1;O=C(OCC1CC1)N1CCC(c2ncc(C(F)(F)F)[nH]2)CC1;CC1(C)CN(C(=O)Nc2cccnc2)CC(C)(C(F)(F)F)O1;CC(NC(=O)N1CCC(N)C1)c1cccc(OC(F)(F)F)c1;CC(=O)N1CC(NC(=O)c2[nH]ccc2C)CCC1C(F)(F)F;CNC(=O)CC1(O)CCCN(c2ccc(C(F)(F)F)cn2)C1;CCOC(=O)CN1CCN(c2ccc(C(F)(F)F)cn2)CC1;Cn1c(CNC(C)(CO)CO)nc2cc(C(F)(F)F)ccc21;NC(=O)CN1CCCC(COc2ncccc2C(F)(F)F)C1;CC(NC(=O)c1c[nH]c(C(F)(F)F)c1)C(=O)N1CCCCC1;O=C(NCC1CCCCC1O)Nc1ccc(C(F)(F)F)nc1;O=C(NC1(c2noc(C(F)(F)F)n2)CCCCCC1)C1CC1;O=C(Cn1nc(C(F)(F)F)cc1C1CC1)NCC1CCCO1;CC1CN(c2ccc(OCC(F)(F)F)nn2)CC(C2CC2)O1;O=C(NCc1cccnc1)N1CCC(C(O)C(F)(F)F)CC1;COCCN1CCN(Cc2ncccc2C(F)(F)F)CC1=O;CC(O)CN1CCN(C(=O)c2ccc(C(F)(F)F)nc2)CC1;CCn1cc(C(=O)N2CCCC3OCCC32)c(C(F)(F)F)n1;CC(CN1CCOCC1)NC(=O)c1cccnc1C(F)(F)F;NC(=O)c1cc(NC(=O)CC2CCC(C(F)(F)F)CC2)c[nH]1;O=C(NCc1ncccc1O)C1CCCN(CC(F)(F)F)C1;COC(CN(C)Cc1nc2cc(C(F)(F)F)ccc2[nH]1)OC;CC(C)CN(CC(F)(F)F)C(=O)c1cccc(NC(N)=O)c1
m_b4039c,Cc1noc(C)c1CN1CCN(Cc2nnc(C3CC3)o2)CC1;CCC1COC(C)CN1C(=O)NC(C)c1nnc2ccccn12;CCc1nnc(C)cc1C(=O)Nc1c(C)nn(CCOC)c1C;Cc1noc(CN2CCCCC(NCc3cccn3C)C2=O)n1;CCn1ccnc1C(NC(=O)c1cn[nH]c1C)C1CCOCC1;CCn1ccnc1C(NC(=O)c1cnn(C)c1)C1CCOCC1;Cc1n[nH]c(C)c1CC(=O)NC1CCCC1Oc1cnn(C)c1;CCc1cc(NC(=O)C2CCCOC2c2cnn(C)c2)n(C)n1;Cc1c(C2OCCC2C(=O)Nc2cc(C(C)C)n[nH]2)cnn1C;COCc1cc(N2CCCC3(CCCOC3)C2)n2ncnc2n1;CC(NC(=O)CN1CCCC(Cn2cncn2)C1)c1ccco1;Cc1cc(CC(=O)NC2CCCC2Oc2cnn(C)c2)n(C)n1;Cc1n[nH]c(C)c1CC(=O)N1CCOCC1c1c(C)n[nH]c1C;Cn1nccc1C1OCCCC1CNC(=O)CCc1cn[nH]c1;Cc1cc(CNC(=O)C2CCCOC2c2ccnn2C)n(C)n1;CN(CCn1cccn1)C(=O)C1CCCOC1c1nccn1C;COc1cnc(OC2CCN(CCn3cc(C)cn3)CC2)nc1;Cc1n[nH]cc1CN(C)C(=O)c1c2c(nn1C)C(C)OC(C)C2;CCn1cc(C2OCCC2NC(=O)Cc2c(C)n[nH]c2C)cn1;Cc1c(CC(=O)NC2CCCC2Oc2cnn(C)c2)cnn1C;Cc1nn(C)cc1CC(=O)NC1CCCC1Oc1cnn(C)c1;CCc1cc(NC(=O)C2CCCOC2c2nccn2C)n(C)n1;CC(NC(=O)CC1CCCCC1C)c1nnc2c(=O)[nH]ccn12;COc1nccc(CNC2CCOC2c2ccnn2C(C)C)n1;CCn1nc(C)c(C(=O)NCC2CCOC2c2cn[nH]c2)c1C
m_8e45f7,CCN1CCn2c3c(c4cc(Br)ccc42)CCCC31;CN(C)CCC(c1ccc(Br)cc1)c1ccccn1;Cc1cc(OC(=O)c2c(C)cc(O)cc2O)cc(O)c1C(=O)O;Cc1cc(O)cc2c1C(=O)CC(O)(Cc1cc(=O)cc(O)o1)O2;COC(=O)c1cc(O)cc(O)c1C(=O)c1c(O)cc(C)cc1O;COC(=O)C1=c2c(oc3cc(CO)cc(O)c3c2=O)=CCC1O;COC(=O)C1c2c(oc3cc(CO)cc(O)c3c2=O)C=CC1O;COC(=O)C1=C2C(=O)c3c(O)cc(CO)cc3OC2C(O)C=C1;Cc1cc(O)cc(O)c1C(=O)Oc1cc(O)cc(C)c1C(=O)O;COc1cc(O)c2c(c1)OC(c1ccc(O)c(O)c1)C(O)C2=O;Cc1c(O)cc2c(c1O)C(=O)C(O)C(c1ccc(O)c(O)c1)O2;COc1cc(O)c2c(c1)OC(c1ccc(O)c(O)c1)C(=O)C2O;CCC1C(C)CCN1S(=O)(=O)c1csnc1C(=O)OC;O=C(COCC(F)(F)F)Nc1nc(-c2ccccc2F)n[nH]1;CC1OC(CC(=O)O)CC23OC12C(=O)c1c(O)cccc1C3=O;Cc1cnn(CC2CN(c3nc4c(Cl)cccc4s3)C2)c1;COc1nscc1CN(C)c1nc(C)cc(C(F)(F)F)n1;CN(C)S(=O)(=O)c1ccc(S(=O)(=O)NCC2CC2)cc1;Cc1noc(C(C)(C)NC(=O)Nc2nnc(C(F)F)s2)n1;NC(=O)C(F)(F)C(O)(Cn1cncn1)c1ccc(F)cc1F;Cc1nccn1CC1CN(c2nc3ccc(Cl)cc3s2)C1;COC(=O)c1nc(CCNS(=O)(=O)C2(C)CC2)sc1C;O=C(CCn1cnnn1)Nc1cc(Cl)ccc1-n1cncn1;CCc1ncc(S(=O)(=O)N2CC(C(=O)O)CCC2C)s1;Clc1ccccc1-c1nc(CNCCn2cccn2)cs1
m_c9a4bc,O=C1OC(c2ccc(O)cc2)(c2ccc(O)cc2)c2ccccc21;CC12CCCc3coc(c31)C(=O)c1cc3c(cc12)C(=O)C=CC3=O;N#Cc1ccc(S(=O)(=O)NC2CCc3nnnn3CC2)cc1;O=C(O)c1ccccc1C(=O)c1ccc(O)c(-c2ccccc2)c1;CCc1cc2c(NCCn3cc(C(=O)O)nn3)ncnc2s1;O=C(Oc1ccccc1)c1ccccc1C(=O)Oc1ccccc1;O=S(=O)(NC1CCCn2ncnc21)c1c[nH]c2ncccc12;O=C(Oc1ccccc1)c1cccc(C(=O)Oc2ccccc2)c1;CS(=O)(=O)c1ccc(CNc2nc(N)nc3nc[nH]c23)cc1;O=C(CCN1CCCC1=O)Nc1ccc2cc(Cl)cnc2n1;COc1ccc(C)cc1-n1nnnc1SCc1nnc(C)o1;COc1ccc(-c2ccc(CNc3n[nH]c(C)n3)o2)cc1Cl;O=C1OCCN1C1CCN(c2ncnc3ccc(Cl)cc23)C1;Cn1cc(N2CCC(NC(=O)c3ccccc3Cl)C2=O)cn1;NC(=O)C1CN(c2ccc(-c3ccccc3Cl)nn2)CCO1;Cc1noc(C)c1CNc1nnc(Cc2ccccc2Cl)o1;Cn1cc(N2CCC(NC(=O)c3cccc(Cl)c3)C2=O)cn1;COC(CNc1ncnc2onc(C)c12)c1ccc(Cl)cc1;Cc1cc(NC(=O)C2CCN(c3ccc(Cl)cc3)C2=O)[nH]n1;Cc1nc(C(=O)N(C)C(C)c2nc3cc(Cl)ccc3[nH]2)co1;O=C(Nc1ccc(Cl)cc1)N1CCC(Oc2ccncn2)C1;O=C1CN(Cc2nc3ccc(Cl)cc3c(=O)[nH]2)CC2(CC2)N1;Cn1cc(NC(=O)C(=O)N2CCc3ccc(Cl)cc3C2)cn1;O=C1COc2ccccc2CN1CCNc1ncc(Cl)cn1;CC(C)c1ncc(Cl)c(C(=O)Nc2ccc(C(N)=O)cc2)n1
m_4bb17c,Cc1nn(C)c(-n2ccnc2C)c1C(=O)N(CC(N)=O)C(C)C;CCC1(C)COCCN1C(=O)c1nnn(-c2ccn(C)n2)c1C;Cc1nonc1C(=O)NCC1CCCN(C)C1c1ccnn1C;Cc1cc2c(N3CCOC(CN(C)CC(N)=O)C3)nccn2n1;CC(C)c1nc(C2CCCN2C(=O)CCCn2cncn2)no1;Cc1nn(C)c(C)c1C1OCCC1CNC(=O)c1cnnn1C;Cc1nnc(Cn2nnc(C(=O)NC(C)C3CCCC3)c2C)o1;CCOCc1nc(C)cc(N2CC(OC)C(c3c[nH]nn3)C2)n1;CCn1ncnc1CN1CCOC(C)C1c1nc(C2CC2)no1;COc1nc(C)nc(N2CCN(C)C(c3nc(C)no3)C2)c1C;O=C(Cn1cnnn1)N1CCN(C(=O)C(C2CC2)C2CC2)CC1;CCc1n[nH]c(=O)c(CNC(=O)NCc2ccnn2C)c1CC;Cc1nn(C)c(C)c1C1OCCC1CNC(=O)c1cnn(C)n1;CCn1cc(C2OCCCC2CNC(=O)c2cnnn2C)cn1;OC1(Cc2nc(C3CC3)no2)CCCN(CCn2cncn2)C1;CC(C)c1noc(CN2CCCC(c3cc(C(N)=O)[nH]n3)C2)n1;NCC1CCN(c2nccc(-c3ccc4ccccc4c3)n2)CC1;CCc1nnc(C(C)N2CCCC(c3cc(C(N)=O)[nH]n3)C2)o1;Cc1nc(Cn2cc(C(=O)NCC3(C)CCCCC3)nn2)no1;Cc1cc(NCC2CC(c3nn(C)c(=O)n3C)CC2O)ncn1;Cc1c(C(=O)N2CC(C)OCC2(C)C)nnn1-c1ccn(C)n1;CN1CCOC(CNC(=O)Cn2cccn2)C1c1ccnn1C;CNC(=O)Cn1cc(NC(=O)c2cn(C)nc2C(C)(C)C)cn1;Cc1nn(C)c2ncc(NC(=O)NCCN3CCOCC3)cc12;CCCc1cc(NC2CCCC2)n2c(nc3ccccc32)c1C#N
m_5c8d41,CCN(CC(O)CS(=O)(=O)O)c1cc(OC)cc(OC)c1;COc1cc(S(=O)(=O)N(CCO)CCO)c(OC)cc1C;Cc1c(C(=O)N2CCOCC2C)cnn1-c1ccc(Cl)cc1;CC1CC(C(=O)Nc2cnn(-c3ccccc3Cl)c2)CCO1;CC1CN(C(=O)CCc2cnn(C)c2)c2cc(Cl)ccc2O1;O=C(CCCn1cccn1)NC1CCOc2c(Cl)cccc21;Cc1cc(NC(=O)N2CCCC2Cc2ccccc2Cl)no1;Cc1ccc(C(=O)NC(C)(c2noc(C)n2)C2CC2)c(Cl)c1;Cc1noc(C2CCN(C(=O)c3cc(C)c(C)cc3Cl)C2)n1;CC(Oc1ccccc1)C(=O)N1CC(Cn2cc(Cl)cn2)C1;CNCC1CCN(C(=O)c2ncoc2-c2ccccc2Cl)C1;Cc1cc(C(=O)N2CCC(Oc3cccc(Cl)c3)C2)n(C)n1;Cn1nccc1CCNC(=O)C1COc2ccc(Cl)cc2C1;CNC(=O)C12CCOCC1CN(c1cc(Cl)ccc1C#N)C2;Cc1cc(C(=O)NCCN2CCc3c(Cl)cccc3C2)on1;Cc1cc(Cl)ccc1OC(C)C(=O)N1CCc2[nH]ncc2C1;CCC1(C(=O)Nc2ccc3cc(Cl)cnc3n2)CCOCC1;Cc1cc(CNC(=O)N2CCCC2c2cccc(Cl)c2)no1;OC1CC(NCc2cc(Cl)cc3c2OCC3)C1n1cccn1;O=C(NCCCn1cccn1)C1COc2ccc(Cl)cc2C1;Cc1nn(C)c(C)c1CC(=O)Nc1cc(Cl)cc2c1OCC2;CCc1cc(NC(=O)Cc2c(Cl)cccc2OC)nc(C)n1;O=C(NCCCn1ccnc1)C1COc2ccc(Cl)cc2C1;COC(CNC(=O)c1n[nH]c2c1CCC2)c1cccc(Cl)c1;CCOC(=O)C1CCN(c2nc3ccccc3nc2Cl)CC1
m_808712,Cc1nc2cc(NS(=O)(=O)c3cn(C(C)C)cn3)ccc2[nH]1;CCn1cc(S(=O)(=O)Nc2ccc3[nH]c(C)nc3c2)nc1C;Cc1nn(C(C)C)c(C)c1S(=O)(=O)Nc1ccnc(C#N)c1;COc1ccnc(N2CCN(C(=O)c3cnc(C)s3)CC2)n1;CN(C(=O)c1csc(-c2cn[nH]c2)n1)C1CCCCNC1=O;O=C(Nc1c[nH]nc1-c1nccs1)N1C2CCC1CC(O)C2;COc1ccnc(N2CCN(C(=O)c3csc(C)n3)CC2)n1;CCOc1ccnc(N2CCN(C(=O)c3cscn3)CC2)n1;Cc1nsc(N2CCN(C(=O)c3ccc(=O)n(C)c3)CC2)n1;CCN(CC(O)CS(=O)(=O)O)c1cc(OC)cc(OC)c1;CN(C)c1ncccc1OC1CCN(C(=O)c2cnns2)C1;Cn1cccc1-c1csc(NC(=O)CNC(=O)NC2CC2)n1;Cn1cc(C(N)=O)c(NC(=O)c2scnc2C2CCCC2)n1;COCc1ncsc1C(=O)N1CCN(c2cnccn2)CC1;CC(C)C(Sc1nncn1-c1ccccc1)C(=O)NC(N)=O;O=C(Nc1nc2c(s1)COCC2)NC1CCc2[nH]ncc2C1;Cc1cc(C#N)ccc1S(=O)(=O)Nc1nc(C(C)C)nn1C;O=C(CCSc1nnnn1-c1ccccc1)N1CCOCC1;CCc1nnsc1C(=O)NCCC(=O)NCc1ccncc1;N#Cc1c(N2CCC(CS(N)(=O)=O)CC2)nc2ccccn12;COc1cc(C)nc(N2CCN(C(=O)c3cscn3)CC2)n1;COc1cc(S(=O)(=O)N(CCO)CCO)c(OC)cc1C;Cc1ccc(C(=O)NC(C)(c2noc(C)n2)C2CC2)c(Cl)c1;COCC(NC(=O)NCc1ccccn1)c1ccc(Cl)cc1;Cc1c(C(=O)N2CCOCC2C)cnn1-c1ccc(Cl)cc1
m_5c710b,Cn1cc(CC(=O)N2CCN(c3ccc(Cl)cn3)CC2)cn1;Cc1nc(N2CC(N3CCNC(=O)C3)C2)c(C#N)c(C)c1Cl;CCCC(NC(=O)C1CC1c1cccc(Cl)c1)c1nnn[nH]1;CN(C)c1nccc(C2CN(c3ccc(Cl)cn3)CCO2)n1;O=C(NCc1ccccc1Cl)c1cn(C2CCNCC2)nn1;O=C(NCc1cc[nH]n1)N1CCN(c2cccc(Cl)c2)CC1;CC(C(=O)N1CCN(c2cccc(Cl)c2)CC1)n1cncn1;CNC(=O)c1ccn(C2CCCN(c3ccc(Cl)cn3)C2)n1;O=C(NCCN1CCCC1)c1cc(Cl)ccc1-n1cncn1;C=CCNC(=O)CN1CCN(c2ncc(C#N)cc2Cl)CC1;Cc1ccc(Cl)cc1N1CCC(CNC(=O)c2c[nH]nn2)C1;Cc1cc(C(=O)N2CCN(c3ccncc3Cl)CC2)n(C)n1;O=C(NCc1cc[nH]n1)N1CCN(c2ccccc2Cl)CC1;Cc1cc(C(=O)N2CCN(c3ccc(Cl)cn3)CC2)n(C)n1;Clc1cccnc1NCC1CCC(c2nc(C3CC3)n[nH]2)O1;Cc1n[nH]nc1C(=O)NC1CCCN(c2ccccc2Cl)C1;CN(C)c1nccc(C2CN(c3ccncc3Cl)CCO2)n1;Cc1cc(N2CCC(Oc3ncc(Cl)cn3)CC2)nc(C)n1;Cc1nn(-c2cccc(Cl)c2)nc1C(=O)N1CCNC(C)C1;CNC(=O)NCc1cn(C2CCCc3ccc(Cl)cc32)nn1;O=C(NCc1nnnn1C1CCCCC1)c1ccccc1Cl;CN(C)c1ncc(NC(=O)c2ccccc2Cl)c(N(C)C)n1;Cc1cnccc1OC1CCN(c2ncnc(N)c2Cl)CC1;Cc1nc(C(=O)N2CCC(CN)C2)nn1-c1ccccc1Cl;Cn1ccnc(N2C3CCC2CC(n2cc(Cl)cn2)C3)c1=O
m_0d08be,Cc1ccc(C2c3c(-c4ccccc4O)n[nH]c3C(=O)N2C)cc1;O=C(c1ccc(O)nc1)N1CCn2cccc2C1c1ccccc1;N#Cc1ccc(NCC(O)COc2cccc3ccccc23)nc1;CC(=O)Nc1ccc(C(=O)NCc2nccc3ccccc23)cc1;COc1ccc2ccccc2c1C=NNC(=O)Nc1ccccc1;Cc1cc(C)n(C(C)CC(=O)Nc2cc(C(=O)O)ccc2F)n1;CCn1cc(C(=O)Nc2ccc3oc(C)nc3c2)c2ccccc21;N#Cc1nc(Cc2cccc3ccccc23)oc1N1CCOCC1;N#Cc1ccccc1Oc1ccc(NC(=O)C2CC=CCC2)cn1;Cc1c(C(=O)NCCc2cn3ccccc3n2)oc2ccccc12;Cc1ccc2c(c1)N(C(=O)c1n[nH]c3ccccc3c1=O)CCC2;O=C(NCc1ccc2c(c1)CCC2)c1cc(-c2cccnc2)on1;Cn1ccc(C(=O)Nc2ccc(Cc3ccncc3)cc2)cc1=O;O=C(Cc1ccccc1)Nc1cc(OCc2ccccc2)ncn1;NC(=O)N1CCCN(Cc2ccc(F)cc2C(F)(F)F)CC1;O=C(c1cnc2ccccc2n1)N1CCOC(c2ccccc2)C1;CC(c1cc2ccccc2o1)N(C)C(=O)c1n[nH]c2ccccc12;CN1CCN(C(=O)c2coc(-c3ccccc3)n2)c2ccccc21;Cc1ccc2ncc(C(=O)N3CCc4ccccc4C3)c(=O)n2c1;O=C(CCc1ccccc1)NN=Cc1ccc2cccc(O)c2n1;O=C1CC(c2nc(C3CC3)no2)CN1c1cccc2ccccc12;CNc1ccccc1C(=O)N1CCc2c([nH]c3ccccc23)C1=O;O=C(NC1c2ccccc2CC1O)c1ccccc1-n1cccn1;N#Cc1ccc(C(=O)NCC(=O)NC2(c3ccccc3)CC2)cc1;Cc1cccc(-n2ccc(=O)c(C(=O)Nc3ccccc3C)n2)c1
m_145679,Cc1ccn2c(=O)c(C(=O)NCCCOC(C)C)c(O)nc2c1;CCCC1CN(C(=O)Nc2cc(-c3ccoc3C)on2)CCO1;Cc1oc(C(C)C)cc1C(=O)Nc1cnn(C(C)(C)C(=O)O)c1;CCCNC(=O)CCNC(=O)Cc1nc(-c2ccco2)oc1C;Cc1ccncc1CC(=O)NC1CCCCN(CC(=O)O)C1=O;COC1(c2nnc(COc3cccc(N(C)C)c3)o2)CCOC1;Cc1cc(C(=O)N(C)Cc2ccc(C(=O)O)o2)nn1C(C)(C)C;COCC(=O)N1C2CCC1C(C(=O)Nc1ccc(OC)nc1)C2;CC(C)N(C)C(=O)NC(Cc1c[nH]c2ccc(O)cc12)C(=O)O;CCCn1nc(C)c(C(=O)NCc2cc(C(=O)O)c(C)o2)c1C;COc1cccn2ncc(C(=O)NCCC3(O)CCCOC3)c12;Cc1ccc(CC(=O)NC2CCCCN(CC(=O)O)C2=O)cn1;NC(CCCNC(Cc1c[nH]c2ccccc12)C(=O)O)C(=O)O;COc1ccc(-c2noc(CN3CCOCC3C)n2)cc1OC;COCc1ccoc1C(=O)NC1CC(Cn2cccn2)CC1O;CCc1cc(C(=O)Nc2cnn(C(C)(C)C(=O)O)c2)oc1CC;COC1(c2noc(-c3ncccc3OC(C)C)n2)CCOCC1;OCc1ccc(OCc2cn(CC3(O)CCCOC3)nn2)cc1;COC1CCCCN(CC(=O)N2CCOc3ncccc32)C1=O;Cc1cc(C(=O)N2CCOCC2c2nnc(C(C)C)o2)c(C)o1;CC(C)c1nnc(C2COCCN2C(=O)CCc2ccco2)o1;CCC(CC)C(=O)Nc1nonc1-c1ccc(OC)c(OC)c1;CNC(=O)C12CCOCC1CN(C(=O)c1cc(OC)ccn1)C2;COC(=O)C1CC(O)CN1C(=O)c1ccc(N2CCCC2)nc1;COCc1nc(C2COCCN2C(=O)C2CC3C=CC2C3)no1
m_0d2197,CCCN1CCCC(c2nc(-c3cn(C)c(=O)[nH]c3=O)no2)C1;COCc1nc(C)cc(N2CC(OC)CC2c2nc(C)no2)n1;Cn1cc(OC2COCC2NC(=O)CCc2ccnn2C)cn1;CCc1cc(O)nc(CN2CC(OC)CC2c2nc(C)no2)n1;CCCn1nccc1C(=O)NC1(c2nc(C)no2)CCOCC1;CCC(C)n1ncc(C(=O)N(C)Cc2noc(O)n2)c1C1CC1;CCn1cc(OC2COCC2NC(=O)Cc2cnn(C)c2)cn1;CCOc1cc(N2CCCC(O)(Cc3nc(C)no3)C2)ncn1;CCCN(CC(=O)O)C(=O)c1cn(C)nc1-c1cnn(CC)c1;CC(C)c1cc(C(=O)NC2COCC2Oc2cn[nH]c2)nn1C;Cc1n[nH]c(C)c1CC(=O)NC1COCC1Oc1cnn(C)c1;CCn1cc(C2OCCCC2CNC(=O)c2nonc2C)cn1;CCn1cc(OC2COCC2NC(=O)Cc2ccnn2C)cn1;CC(C)C1COCCN(C(=O)c2n[nH]c3c(=O)n(C)cnc23)C1;COc1ccc(CNC(=O)NC(C)c2nncn2C)cc1OC;CC(C)(C)c1cc(C(=O)Nc2ccn(C(C)(C)C(=O)O)n2)[nH]n1;CC1CCCCN1C(=O)Cn1c(=O)c2c(ncn2C)n(C)c1=O;Cc1ocnc1C(=O)NCC1OCCN(C)C1c1cncn1C;CC1CCN(C(=O)Cn2cnc3c(cnn3CCO)c2=O)CC1;COC(=O)C(C)(C)NC(=O)c1cc(-c2c(C)nn(C)c2C)n[nH]1;Cn1c(CN2CCOC(Cn3cccn3)C2)cc(=O)n(C)c1=O;COCCn1ncc2c1C(NC(=O)c1cn(C)c(=O)[nH]1)CCC2;Cc1nc(N2CCOCC2)ccc1NC(=O)NC1(C(N)=O)CC1;CC(C)CC1C(=O)NCCN1C(=O)Nc1cccc(C(N)=O)n1;CC1CCC(NC(=O)Cn2c(=O)c3c(ncn3C)n(C)c2=O)C1
m_2b7513,CC(C)C(NC(=O)Cc1ccc2c(c1)CCC(C)(C)O2)C(=O)O;CC(C)(C)OC(=O)N1CCC(Cc2ccccc2)(C(=O)O)CC1;COC1(CO)CCN(C(=O)C2CCc3cc(C)ccc3O2)CC1;CCCOc1ccc(OCC(=O)N2CCC3(CCOC3)C2)cc1;CCOC(=O)C1CCCN(C(=O)C(C)Oc2cccc(C)c2)C1;Cc1ccc(C)c(CC(=O)N(CCC(=O)O)C2CCOCC2)c1;COCC1CC(OC)CN1C(=O)c1ccc(OC)c(C2CC2)c1;CC1(C)C(O)CCN1C(=O)c1ccc(OC2CCOCC2)cc1;CCOC1CC(O)(CNC(=O)C2CCc3ccc(OC)cc32)C1;CC(C)(C(=O)NC1CCCCC1O)c1ccc2c(c1)OCCO2;CC(C)(C)Cc1ccccc1C(=O)N1CCOC(C)(C(=O)O)C1;O=C(O)CCCCC(=O)N1CCCC(COc2ccccc2)C1;CC1(C)CN(C(=O)c2ccc(OCC3CCCO3)cc2)CCO1;COc1ccc(C(=O)N2CCOCCC2C)c(OCC2CC2)c1;CN(Cc1ccc(OCC(=O)O)cc1)C(=O)C1CCCCCC1;Cc1ccccc1CCC(=O)N(CCC(=O)O)CC1CCCO1;CN(CC1(CO)CC1)C(=O)COc1cccc2c1OC(C)(C)C2;COc1cccc(C2CC(O)CN2C(=O)C2OC(C)CC2C)c1;CC(Oc1ccc(C(C)(C)C)cc1)C(=O)NC1CC(C(=O)O)C1;O=C(CC1OCCCO1)NCC1(c2ccccc2)CCOCC1;CCC(CNC(=O)C1CCOC(C)C1)(C(=O)O)c1ccccc1;COc1ccc(C(C)C(=O)N2CCCCC2CCC(=O)O)cc1;Cc1ccc(CC(=O)NCC(C(=O)O)C2CCOCC2)cc1C;COc1ccc(CCCCC(=O)N2CCC(C)(C(=O)O)C2)cc1;O=C(NCC(CO)CC1CCCCC1)c1ccc2c(c1)OCO2
m_a0edff,CNC(=O)COc1ccc(CNC(=O)N2CCCCCC2)cc1;O=C(NCc1ccnc(OC2CCCC2)c1)NCC1CCCO1;CC(C)C(=O)Nc1ccc(NC(=O)CNCC2CCCO2)cc1;Cc1ccc(C(=O)N2CCC(C3OCCC3C(N)=O)CC2)n1C;CCC(OC1CCCC1)C(=O)N1CCc2c(ncn(C)c2=O)C1;Cc1cc(C(=O)N2CCN(C(=O)NC3CCCCC3)CC2)co1;Cc1cc(C)c(CCNC(=O)N2CCOC(C(N)=O)C2)c(C)c1;CN(Cc1ccccc1N1CCOCC1)C(=O)C1CC(O)CN1;CCCOc1ccc(CNC(=O)C2CCCN2C(N)=O)c(C)c1;CCCN(CC)c1ccc(C(=O)OCC(=O)N2CCCC2)cn1;CC1(CNC(=O)c2cc(N3CCOCC3)ccn2)CCCCO1;COc1ccccc1CNC(=O)NCCC(=O)NC1CCCC1;CN(C)C1(CNC(=O)c2ccc(C(=O)OC(C)(C)C)cn2)CC1;CC(O)CN1CCN(C(=O)c2ccc(OCC3CC3)nc2)CC1;CC(C)NC(=O)Nc1cccc(C(=O)N2CCOCC2(C)C)c1;CC1CN(C(=O)NCc2ccnc(OCC3CC3)c2)CCCO1;CC(C)(C)NC(=O)c1cccc(NC(=O)N2CCCC(O)C2)c1;CN(CC(N)=O)CC(=O)NCc1ccccc1OC1CCCC1;CC(C)(C)CNC(=O)N1CCN(C(=O)c2cccc(O)c2)CC1;Cc1cccc(C)c1OC1CCN(C(=O)C(C)NC(N)=O)CC1;CC(C)CNC(=O)c1ccccc1NC(=O)CN1CCOCC1;Cc1cnccc1OCC1CCN(C(=O)N2CCOCC2)CC1;CC(=O)N1CCOC2CCN(C(=O)c3cccn3C(C)C)CC21;Cc1nn(C)c(C)c1C1OCCC1CNCc1ccc(CO)o1;CCCNC(=O)c1cccc(NC(=O)N2CCOCC(C)C2)c1
m_3d62dd,CCN(CCNC(=O)N1CC(C)C(CO)C1)c1ccccc1C;CCCN1CCC(NC(=O)NCc2ccccc2COC)CC1;CC1CN(CCN(C)C(=O)c2ccccc2N(C)C)CC(C)O1;CCN(CC)CC1CCN(C(=O)c2cc(O)nc(C(C)C)c2)C1;CC1(C)CN(C(=O)NCC(C)(C)c2ccncc2)CC(C)(C)O1;COc1c(N)ccc2c1CCCC(N1CCN(CCO)CC1)C2;CC(C)COC1CCN(C(=O)c2cccn2C2CCNCC2)C1;Cc1cccnc1C(NCC(=O)N1CC(C)OC(C)C1)C(C)C;CCC(COC)NC(=O)N1CCC(CN)(c2ccccc2)CC1;CC(CO)C(C)NC(=O)NCC(C)N1CCc2ccccc2C1;CC(C)N1CCC(O)(CNC(=O)c2cc[nH]c2C2CCC2)CC1;Cn1ccnc1CC1CCN(C(=O)C(O)C2CCCCC2)CC1;CNC(=O)c1ccc(C2CCCCN2CC2CCCCO2)n1C;CC(C)(C)c1cc(C(=O)N2CCCN(C3CCCC3)CC2)no1;CCCn1nc(C(=O)N(CC(C)C)C2CCCCC2)ccc1=O;CCC1(C)CN(C(=O)NC(c2ncccc2C)C(C)C)CCO1;Cc1nc(=O)[nH]c(C)c1CCC(=O)N1CCC(C(C)(C)C)CC1;CCN(C(=O)N1CCC(Nc2cccc(OC)c2)CC1)C(C)C;CCC1(CC)C(NC(=O)C2CCn3cncc3C2)C(C)C1OC;COc1cccc(CNC2CCN(C3CCCCC3O)CC2)n1;CC(C)Oc1ccccc1CC(=O)NCCN1CCN(C)CC1;Cc1cc(C)cc(CCNC(=O)N(C)CCN2CCOCC2)c1;COC1(CC(=O)N2CCCC2Cn2ccnc2C(C)C)CCC1;O=C(CCn1ccnc1)N1CCCCC1CC1(O)CCCCC1;Cc1ccc(CNC(=O)N2CCCC2C(C)(C)O)c(N(C)C)c1
m_8071e1,CC(C)Oc1ccc(CCNC(=O)NC2CCC(CO)C2)cc1;CCCCCCCC(C)Nc1ccc(C(=O)NCC(=O)O)cc1;CC(C)NC(=O)c1ccc(C(=O)N(C)C(CO)C(C)(C)C)cc1;COCC(Cc1ccccc1)NC(=O)N1CCOC(C(C)C)C1;CCCOc1ccc(CNC(=O)C(N)C2CCOCC2)c(C)c1;CCCCCCCCCNc1ccc(C(=O)NCC(=O)O)cc1;O=C(C1CCN(Cc2ccc(CO)o2)CC1)N1CCCCCC1;CC(CNC(=O)C(CCCO)c1ccccc1)N1CCOCC1;CCCOc1ccc(CNC(=O)N2CCC(CO)CC2)c(C)c1;COc1ccc(C(CN(C)C)NC(=O)C2CCC(O)CC2)cc1;Cc1ccc(CCCC(=O)NCC(O)CN2CCOCC2)cc1;COCC1CC(OC)CN1CC(=O)NCCc1ccccc1C;CNC1CCCN(C(=O)C(C)(C)c2ccc(OC)c(OC)c2)C1;COc1ccc(CCN2CCCC(O)(CC(=O)N(C)C)C2)cc1;Cc1ccc(CN(C)C(=O)NC2CCOC3(CCCCC3)C2)o1;CCOc1cc2c(cc1OCC)CN(C(=O)CC(C)(C)N)CC2;COCC(=O)NC(C(=O)NC(C)c1cccc(C)c1C)C(C)C;Cc1cc(C)cc(OCCNC(=O)N2CCCC(C(C)O)C2)c1;COc1ccc(C(C)NC(=O)C2CCN(C)C(C)C2)cc1OC;Cc1cccc(C)c1OCC(C)NC(=O)N(C)C1CCOCC1;Cc1cc(C)c(CNC(=O)N2CCCC(OCCO)C2)c(C)c1;Cc1ccc(CN(CCO)C(=O)NC2CC(C)OC(C)C2)cc1;CC(C)(C)OCc1cccc(CNC(=O)NCC2CCCO2)c1;CCOc1ccc(CCNC(=O)N2CCC(C)OC(C)C2)cc1;CCc1ccc(C(NC(=O)N2CCOC(CO)C2)C(C)C)cc1
m_60e7b1,CN(C1CCN(c2ccn3nccc3n2)C1)S(=O)(=O)C1CC1;CN(C1CCCN(c2ncnc3cnccc23)C1)S(C)(=O)=O;COCc1nc(C(=O)N2CCn3c(nnc3C(C)C)C2)cs1;CN(CC1CN(c2ncnc3[nH]ccc23)C1)S(=O)(=O)C1CC1;Cn1ccc2c(N3CCN(S(=O)(=O)C4CC4)CC3)ncnc21;COc1ccccc1-n1nnnc1SCC(=O)NC(C)(C)C;Fc1ccc(C2OCCC2NCc2noc(C3CC3)n2)cc1F;CCc1ccc(NCc2noc(C3CCOCC3)n2)cc1Cl;C=C(C)CN(CC)S(=O)(=O)c1cccc(-c2nnnn2C)c1;CCc1nnc(NC(=O)C2CCOC2c2cnn(CC)c2)s1;CS(=O)(=O)N1CCC(CNc2ncnc3cnccc23)CC1;COc1ccc(CN2CC(OC)CC2c2ncc[nH]2)cc1Cl;CCc1nnsc1C(=O)NC1CCCOC1c1cnn(C)c1;Cc1nc(N2CC(CN(C)S(C)(=O)=O)C2)c2ccncc2n1;Cc1nc(NS(=O)(=O)c2cn(C(C)C)cn2)cc(C2CC2)n1;CC1(C)CN(CC(=O)N2CCNC(=O)C2)c2cccc(Cl)c21;Cc1cc(C(=O)N2CCC3C(C2)NC(=O)N3C)c(C)cc1Cl;Cn1c(NC(=O)CCC2CCOCC2)nc2c(Cl)cccc21;Cc1nnc(-c2ccc(C(=O)N3CCCCC3C(F)F)cc2)o1;Cc1cc(C)cc(C(=O)NC2(c3noc(C(F)F)n3)CCC2)c1;CNC(=O)C1(COC)CCCN1Cc1ccc(Cl)cc1C#N;CN(C)C(=O)CC1(O)CCCN(c2ccc(Cl)cc2C#N)C1;O=C(NCc1cc(F)ccc1F)C1CCCOC1c1cn[nH]c1;O=C(NC1CCc2ccc(F)cc21)c1cn[nH]c1-c1ccccc1;N#Cc1ccc(CNCCc2coc(-c3ccc(F)cc3)n2)cc1
m_966da0,NC(=O)N1CCC(C(=O)NC2CCC3(CCCCC3)CC2)CC1;COCCN1CCN(CC(=O)N(C2=CCCCC2)C2CC2)CC1;CCN(CCC#N)C(=O)CN1CCCC1C1CCCCC1(C)O;CC(C(=O)N1CCOCC1)N1CCN(CC2CC=CCC2)CC1;CC(C)(C)c1cnc(CN2CCC(CN3CCOCC3)CC2)o1;CC(C)(C)NC(=O)CN1CCC(CNC(=O)C2CC=CC2)CC1;C=CCNC(=O)C(C)N1CCCN(C(=O)CC2CCCC2)CC1;CC(N)C(C)C(=O)N1CCC2(CC1)CC2C(=O)N1CCCCC1;Cn1ccnc1C1OCCCC1CNCC1(O)CCCCCC1;CC(C(=O)NCCN1CCN(C(=O)C(C)C2CC2)CC1)C1CC1;CCCCCCCCC=CCNC(Cc1cncn1C)C(=O)O;COCC1(CNC(=O)C(C)c2c(C)nn(C)c2C)CCCCC1;CCC(C)(C)C1CCC(NC(=O)C(OC)c2cnn(C)c2)CC1;CN(CCN(CCN1CCCCC1)C(=O)C1CC1)C(=O)C1CC1;CCCCCCC(=Cc1ccccc1)CNCCc1ccccc1;Cc1nn(C(C)C)c(C)c1CC(=O)NC1CC(C)(C)OC1(C)C;CCC(C)n1nc(C(=O)NCC2CCCOC2C(C)C)cc1C;CCn1cc(C2CCN(C(=O)CC(O)CC(C)(C)C)CC2)cn1;CC(C)CN(CC(C)C)C(=O)Cn1nc(C(C)(C)C)ccc1=O;CC(NC(=O)C1CCCCC1)C(=O)N1CCCN(C2CC2)CC1;CC(=O)NC1CCCN(C(=O)CN2CCCC3CCCCC32)C1;O=C(CCN1CCN(C2CC3CCC2C3)CC1)N1CCOCC1;CCCCN1CCCCC1C(=O)NCC(c1ccco1)N(C)C;CC(C)(C)C(O)CN1CCN(C(=O)C2(C#N)CCCCC2)CC1;NC(=O)C1(N2CCCCC2)CCN(C(=O)C2CCCCC2)CC1
m_2c2340,CCN1CCC(N(C)C(=O)Nc2ccnn2CC(C)C)C(C)C1;CC(C)C1CCN(C(=O)NCC(c2cnn(C)c2)N(C)C)CC1;CC(C)c1nn(C)cc1NC(=O)NC1CCN(C(C)(C)C)CC1;CC(C)N1CCOC(CN2CCN(Cc3nccn3C)CC2)C1;CC(C)(C)n1ncnc1CN1CCCC(CN2CCOCC2)C1;CC(C)(C)n1cc(CNC2CCN(CC3CCOC3)CC2)nn1;CCN(CC)C1CCN(C(=O)Nc2c(C)nn(C(C)C)c2C)C1;CCCN1CCCN(C(=O)Nc2c(C)nn(C(C)C)c2C)CC1;CN(C)C(CNC(=O)NC1CCC(C)(C)CC1)c1cnn(C)c1;Cc1cc(NC(=O)CN2CCCC(N(C)C)C2)n(C(C)(C)C)n1;CCN(C(=O)N1CCC(Cc2n[nH]c(C(C)C)n2)CC1)C(C)C;Cc1c(CNC(=O)NC(C)CN2CC(C)CC(C)C2)cnn1C;CCn1nc(C)c(CN2CCCC2CN2CC(C)OC(C)C2)n1;CC1CCN(CC(O)CN2CCCC(Cn3cncn3)C2)CC1;CCn1nnc(C)c1CN1CCC(O)(CN2CCCCC2)CC1;Cc1cc(C)n(CCCNC(=O)NC2CCN(C(C)C)CC2)n1;NC(=O)N1CCC(C(=O)NC2CCC3(CCCCC3)CC2)CC1;NC(=O)N1CCC(C(=O)NC2CCC3(CCCCC3)CC2)CC1;NC(=O)N1CCC(C(=O)NC2CCC3(CCCCC3)CC2)CC1;NC(=O)N1CCC(C(=O)NC2CCC3(CCCCC3)CC2)CC1;NC(=O)N1CCC(C(=O)NC2CCC3(CCCCC3)CC2)CC1;NC(=O)N1CCC(C(=O)NC2CCC3(CCCCC3)CC2)CC1;NC(=O)N1CCC(C(=O)NC2CCC3(CCCCC3)CC2)CC1;NC(=O)N1CCC(C(=O)NC2CCC3(CCCCC3)CC2)CC1;NC(=O)N1CCC(C(=O)NC2CCC3(CCCCC3)CC2)CC1
m_3f6bab,c1coc(C(CNc2ncnc3ncccc23)c2ccsc2)c1;O=C1CCCN1c1cccc(-c2csc(-c3cnccn3)n2)c1;O=C1CCCN1c1ccc(-c2csc(-c3cnccn3)n2)cc1;CCN(CC)c1c([N+](=O)[O-])cc(C(F)(F)F)c(N)c1[N+](=O)[O-];O=C(c1csc(-c2cnccn2)n1)N1CCCc2ccccc21;CCc1cc(C#N)c(NC(=O)c2ccn(-c3ccccc3)n2)s1;Cc1ocnc1CNc1ncnc2sc(-c3ccccc3)cc12;N#Cc1ccccc1Cn1nc(-c2cccs2)n(C2CC2)c1=O;CNC(=O)CSc1nc2ccccc2c2nc3ccccc3n12;COc1ccccc1-c1nnc2sc(Cc3ccccc3)nn12;Cc1nc2ccccc2nc1Cn1cnc2c(C)csc2c1=O;N#Cc1cccc(C(=O)NCCn2ccc(-c3cccs3)n2)c1;Cc1cc(Sc2ncccn2)ccc1NC(=O)c1ccncc1;Cn1c(CSc2nc(=O)c3ccccc3[nH]2)nc2ccccc21;O=C(Nc1nc(C2CC2)cs1)c1cnc(-c2ccccc2)nc1;Cn1c(SCc2nc3ccccc3[nH]2)nc(=O)c2ccccc21;Cn1cc(Cl)cc1C(=O)N1CC(O)CC1c1cccc(F)c1;O=C(Nc1nc(-c2ccccc2)cs1)c1cc(C2CC2)ncn1;O=C(c1cc(F)c[nH]1)N1CC(CO)C(c2ccc(Cl)cc2)C1;Cn1cc(Cl)cc1C(=O)N1CC(O)CC1c1ccc(F)cc1;COc1ncccc1CN(C)C(=O)Cc1c(F)cccc1Cl;COCCN(Cc1cccnc1)C(=O)c1ccc(Cl)cc1F;CN1CCC(NC(=O)c2ccco2)C1c1ccc(Cl)c(F)c1;Cc1noc(Cl)c1CCC(=O)NC1CCc2cc(F)ccc21;COc1cc2c(cc1OC)CN(c1ncc(Cl)cc1F)CC2
m_ce56d4,CC(C)n1cnc(S(=O)(=O)NC(C#N)c2ccccc2F)c1;Cc1cc(F)cnc1C(=O)Nc1nc(C)c(C(=O)N(C)C)s1;CC(C)n1cc(C#N)c(NS(=O)(=O)Cc2ccccc2F)n1;Cc1nsc(N2CCN(C(=O)c3ccc(O)cc3F)CC2)n1;CCn1ncc(C#N)c1NS(=O)(=O)Cc1ccc(C)c(F)c1;COC(=O)c1cc(F)ccc1CSc1nnc(N)n1C1CC1;Cc1cc(F)cc(S(=O)(=O)Nc2ccn(CCCC#N)n2)c1;CC(=O)NCCC(=O)Nc1nnc(Cc2ccccc2F)s1;O=C(Nc1cccs1)N1CCCC(Oc2ncc(F)cn2)C1;O=C(c1csc(-c2cnccn2)n1)N1CCCc2ccccc21;O=C(Cc1c[nH]c2ccc(Cl)cc12)NCC1CCSCC1;O=C(C1CCCC1)N1CCN=C1SCc1ccc(Cl)cc1;Cn1cc(Cl)cc1C(=O)N1CC(O)CC1c1cccc(F)c1;O=C(c1cc(F)c[nH]1)N1CC(CO)C(c2ccc(Cl)cc2)C1;Cc1nc(C)c(C(=O)N2CCCN(c3nccs3)CC2)s1;COc1ccc(-c2nc(-c3ccc4nccnc4c3)no2)c(F)c1;CCN(CC)c1c([N+](=O)[O-])cc(C(F)(F)F)c(N)c1[N+](=O)[O-];O=C(c1ocnc1-c1ccccc1)N1CC2CC2(C(F)(F)F)C1;CC(=O)Nc1cc(F)c(F)cc1NC(=O)c1ccc(F)cc1C;Cn1cc(Cl)cc1C(=O)N1CC(O)CC1c1ccc(F)cc1;O=C1CCCN1c1cccc(-c2csc(-c3cnccn3)n2)c1;O=C1CCCN1c1ccc(-c2csc(-c3cnccn3)n2)cc1;Cn1c(-c2nc(-c3ccc(F)cn3)no2)cc2ccccc2c1=O;CN1CCC(NC(=O)c2ccco2)C1c1ccc(Cl)c(F)c1;Cc1ccn(Cc2ccc(OCC(F)(F)F)cc2)c(=O)c1C#N
m_62dd85,CCS(=O)(=O)N1CCN(C(=O)C2(c3ccccc3)CC2)CC1;O=C(NCCS(=O)(=O)Nc1ccccc1)C1C2CCCCC21;Cc1ccc(S(N)(=O)=O)c(C(=O)N(C2CC2)C(C)C2CC2)c1;O=C(CS(=O)(=O)C1CCCC1)N1CCCC1c1ccncc1;CC(C)(C)CC(=O)N1CSCC1C(=O)Nc1ccccc1O;O=C(NC1CCCCC1)NS(=O)(=O)c1ccc2c(c1)CCC2;O=S(=O)(c1ccc2c(c1)CCCO2)N1CCCC2CNCC21;COCCc1ccc(S(=O)(=O)N(C)C(C)(C#N)C2CC2)cc1;CC(O)CN1CCN(C(=O)C2CSc3ccccc3O2)CC1;CCOc1ccc(C(C)(C)C)cc1S(=O)(=O)n1ccc(C)n1;Cc1ccccc1C1CC1C(=O)N1CCCC(S(N)(=O)=O)C1;Cc1ccccc1S(=O)(=O)NC1CCN(C(=O)C2CC2)CC1;CC(C)(C#N)c1ccc(NS(=O)(=O)CC2CCCCO2)cc1;CC(=O)N(C)c1ccc(C(=O)N2CC(C)[S+]([O-])C(C)C2)cc1;CCOc1ccc(S(=O)(=O)n2ccnc2C)cc1C(C)(C)C;Cc1ccc(S(=O)(=O)CC(C)NCc2c(C)noc2C)cc1;Cc1nc(C2CCN(C(=O)CC3CCC3)CC2)sc1C(=O)O;CCOc1ccc(S(=O)(=O)n2cnc(C)c2)cc1C(C)(C)C;CC1CCc2nc(NC(=O)C3CCCCC3C(=O)O)sc2C1;CCN1CCN(C(=O)CC2CCS(=O)(=O)C2)c2ccccc21;CS(=O)(=O)N1CCCC1C(=O)NC1CCCc2ccccc21;CC1CC1C(=O)N1CCN(S(=O)(=O)Cc2ccccc2)CC1;CCS(=O)(=O)CC(C)NC(=O)CCn1ccc2ccccc21;CC1Cc2ccccc2N1C(=O)C1CCN(S(C)(=O)=O)CC1;O=C(Nc1cccc(S(=O)(=O)N2CCCCC2)c1)C1CCC1
m_ebcb8a,NC(=O)N1CCCN(C(=O)CNC(=O)c2cccc(F)c2)CC1;Cc1noc(C)c1CN1CC(F)CC1CNC(=O)c1ccon1;CN(C)Cc1nc(C(C)(C)NC(=O)c2ccc(F)cc2O)no1;Cc1nnc(N2CC(F)CC2CNC(=O)CCc2ccoc2)o1;N#Cc1cccc(C2CN(C(=O)CCc3ccncn3)CCO2)c1;Cc1cc(NCc2nnc(Cc3ccccc3)o2)ccc1C(N)=O;CCc1ccccc1NC(=O)CNC(=O)c1ccc2[nH]ncc2c1;COC1CC(c2ncc[nH]2)N(C(=O)c2ccc3ncccc3c2)C1;O=C(c1cc(O)nc2ccccc12)N1CCC(c2ccn[nH]2)CC1;O=C(Cc1c[nH]c2ccccc12)N1CCC(Oc2cnccn2)C1;CCc1nnc2n1CCN(C(=O)c1cccc3cc(O)ccc13)C2;CCOc1ccc(C(=O)Nc2ccccc2-c2nncn2C)cc1;O=C(c1cc2ccccc2o1)N1CCC(Nc2cccnn2)CC1;Cc1nn(CC(=O)N2CCCc3ccccc32)c(=O)c(C#N)c1C;COC(C(=O)Nc1cccc(Cn2cnnc2)c1)c1ccccc1;O=C(Cc1noc2ccccc12)Nc1ccc(N2CCCC2)nc1;Cc1cc(C(=O)N2CC(n3cc(-c4ccccc4)nn3)C2)c(C)o1;CC(NC(=O)c1cc(C2CC2)on1)c1cccc(-n2cccn2)c1;Cc1ccc(C(=O)NCC(=O)Nc2nc3ccccc3[nH]2)cc1C;Cc1nn(C)c2ncc(NC(=O)C3OCCc4ccccc43)cc12;O=C(NC1CCCOC1c1ccncc1)c1ccc2[nH]ncc2c1;O=C(NC1CCCOC1c1ccncc1)c1cccc2cn[nH]c12;COc1cccc(CC(=O)Nc2ccccc2-c2nncn2C)c1;O=C(NCCn1cnc(C2CC2)cc1=O)c1ccc2cc[nH]c2c1;Cc1cc(C(=O)N2CCc3[nH]cnc3C2c2cccnc2)oc1C
m_e73d71,CCC(C)NC(=O)CN1CCN(C(=O)c2ccncc2F)CC1;CC(C)(C)NC(=O)N1CCC(NC(=O)c2cncc(F)c2)CC1;NC(=O)C(F)C1CCN(C(=O)c2cnc3n2CCCCC3)CC1;O=C1CCCN1CC(O)CN1CCN(c2ccc(F)cn2)CC1;CN1C(=O)CC(C(=O)N2CCC(CF)CC2)C1c1ccnn1C;CC1(CNC(=O)N2CCN(c3ncccc3F)CC2)CCOC1;CN(C)C(=O)CNC(=O)N1CCC(Nc2ccccc2F)CC1;Cc1ccccc1CC(=O)N1CC2CN(c3ncccn3)CC2C1;Cc1ccccc1C1CC(N(C(=O)c2nccnc2N)C2CC2)C1;CCn1nccc1-c1cccc(-c2noc(C3CCCCC3)n2)c1;CCc1ccccc1NC(=O)CN(C)Cc1ccc2cn[nH]c2c1;Cc1ccnc(NCC2CC(=O)N(C3CC3)C2c2cccnc2)c1;CC1CCCC(c2nc(-c3cccc(Cn4ccnc4)c3)no2)C1;Cc1ncc2c(n1)CN(CCC(=O)N1CCc3ccccc31)CC2;COc1ccc2[nH]cc(C3CCN(c4cc(C)ncn4)CC3)c2c1;O=C1CN(c2ncnc3c2CCCC3)CCN1Cc1ccccc1;Oc1ccc(C2=CCN(c3cc(N4CCCC4)ncn3)CC2)cc1;Cn1cc(C2CCCN2C(=O)CCc2c[nH]c3ccccc23)cn1;CCc1ncncc1C(=O)N1CCN(C2CC2)c2c(C)cccc21;Cc1c(-c2cccc(NC(=O)CC(C)(C)C)c2)nc2ncccn12;N#Cc1ccnc(NCc2ccccc2CN2CCC(O)CC2)c1;Cc1nc(N2CCN(CCNC(=O)C3CCC3)CC2)sc1C;O=C1CN(c2cc(C3CCC3)ncn2)CCN1Cc1ccccc1;CNc1ccc(C(=O)N2CCN(C3CC3)c3c(C)cccc32)cn1;Cc1ncc(C(=O)N2CCC(Cc3ccncc3)C2)c(C2CC2)n1
m_741f2c,NC(=O)C1(O)CCCN(c2ncc(C(F)(F)F)cc2Cl)C1;CN(Cc1ccc([S+](C)[O-])cc1)Cc1csc(C(=O)O)c1;NC(=O)c1cnc(N2CCc3c(F)ccc(F)c3C2)c(Cl)c1;O=S(=O)(NCc1ccccc1OC1CCC1)c1ccsc1;CCOC(=O)C(C)(O)CNS(=O)(=O)c1cc(F)cc(F)c1;COc1cccc(S(=O)(=O)N2CCC(c3cccs3)C2)c1;O=S(=O)(c1ccsc1)N1CCC(Oc2ccccc2)CC1;CCc1ccc(CNC(=O)C[S+]([O-])c2ccc(O)cc2)s1;Cc1ccc(C(=O)NC(C)c2ccc(S(C)(=O)=O)cc2)s1;O=C(c1cnn2cccc(Cl)c12)N1CCC(O)(C(=O)O)CC1;CCN(CC(F)F)S(=O)(=O)c1ccc(C(=O)O)cc1OC;Cc1ccc(Br)c(C(=O)N2CC(N)C3(CCC3)C2)n1;Cc1cc(Br)ccc1NCc1nc(C(C)(C)C)no1;O=C(CN1c2cccc3cccc(c23)S1(=O)=O)c1ccccc1;CCc1cc2c(=O)c(-c3nc4ccccc4s3)coc2cc1O;Cc1cnn(C)c1S(=O)(=O)Nc1cnn(CC(F)(F)F)c1;O=C1NCCN1c1cc(NC(=O)C2(C(=O)O)CC2)ccc1Cl;O=C(NCc1cc(-c2ccco2)cs1)c1cc2ccccc2o1;O=C(NCC1(O)CSCCSC1)c1cc2ccccc2o1;N#Cc1ccc(N2CCCN(CCO)CC2)c(Br)c1;CN1CC2CCCN(C(=O)c3ncccc3Br)C2C1;Cc1ccc(Br)c(C(=O)NC23CCCC2NCC3)n1;O=C(COc1ccccc1Cl)N1CCOC(c2ncon2)C1;Cc1c(C(=O)N2CCOCC2C(=O)O)sc2cccc(F)c12;Cc1ccc(S(=O)(=O)NC(=O)OCc2ccccc2F)cc1
m_c9c422,CC1Cc2cc(S(=O)(=O)NC3C=CC(C(=O)O)C3)ccc2O1;COc1ccc(S(=O)(=O)Nc2ccc(C)c(O)c2)cc1OC;O=C(Cc1ccc(Cl)cc1)Nc1cnc(-c2ccccc2)nc1;Cc1ccc2cc(C3NC(=O)c4ccccc4N3)c(Cl)nc2c1;COC(=O)c1cccc(S(=O)(=O)N(C)Cc2ccoc2C)c1;CS(=O)(=O)c1cc(NC(=O)CC2C=CCC2)cc(C(=O)O)c1;CCc1ccc2occ(C(=O)NC3CS(=O)(=O)CC3O)c2c1;COc1cc(S(=O)(=O)Nc2ccccc2O)c(OC)cc1C;O=C(NC1(C(=O)O)CCSC1)c1ccc2c(c1)OCCCO2;COC(=O)c1cc(C)sc1NC(=O)C1CC=CCC1C(=O)O;N#Cc1nc(Cc2ccccc2)oc1NCc1ccccc1Cl;Cc1ccc(NCc2ncc(-c3ccc(C#N)cc3)o2)c(Cl)c1;Cc1ccccc1C(C)N(C)S(=O)(=O)c1ccc(C(=O)O)o1;Cc1cccc(-c2nc(C#N)c(NCc3ccccc3Cl)o2)c1;Cc1nnc(-c2cc3ccccc3n2Cc2ccccc2Cl)o1;COC(=O)C1CCc2nnc(-c3ccc(Cl)cc3F)n2CC1;NC(=O)C1CCN(C(=O)c2[nH]c3ccc(F)cc3c2Cl)CC1;CNC(=O)C1CCCN1C(=O)c1[nH]c2ccc(F)cc2c1Cl;c1coc(Cn2nnnc2SCc2cccc3cccnc23)c1;COc1ccc(Cc2nn3c(-c4cccnc4)nnc3s2)cc1;CCOc1ccc(-c2nn3c(-c4cccnc4)nnc3s2)cc1;COc1ccc(Cc2nnc3sc(-c4ccccn4)nn23)cc1;Cn1cc(CCC(=O)NC2CCCc3sc(Cl)cc32)cn1;Cc1ocnc1C(=O)N1CCN(c2ccc(F)cc2Cl)CC1;CC1CN(S(=O)(=O)c2ccc(C(F)(F)F)cc2)CC(C)O1
m_9c4788,CS(=O)(=O)c1cc(NC(=O)CC2C=CCC2)cc(C(=O)O)c1;CC1Cc2cc(S(=O)(=O)NC3C=CC(C(=O)O)C3)ccc2O1;COc1ccc(S(=O)(=O)Nc2ccc(C)c(O)c2)cc1OC;COC(=O)c1cccc(S(=O)(=O)N(C)Cc2ccoc2C)c1;COc1cc(S(=O)(=O)Nc2ccccc2O)c(OC)cc1C;O=C(NC1(C(=O)O)CCSC1)c1ccc2c(c1)OCCCO2;CCc1ccc2occ(C(=O)NC3CS(=O)(=O)CC3O)c2c1;COC(=O)c1cc(C)sc1NC(=O)C1CC=CCC1C(=O)O;COC(=O)C1CCc2nnc(-c3ccc(Cl)cc3F)n2CC1;NC(=O)C1CCN(C(=O)c2[nH]c3ccc(F)cc3c2Cl)CC1;CNC(=O)C1CCCN1C(=O)c1[nH]c2ccc(F)cc2c1Cl;Cc1ocnc1C(=O)N1CCN(c2ccc(F)cc2Cl)CC1;O=C(Cc1ccc(Cl)cc1)Nc1cnc(-c2ccccc2)nc1;CC1CNCCN1C(=O)c1cc(-c2cccc(Cl)c2F)no1;Cc1ccc2cc(C3NC(=O)c4ccccc4N3)c(Cl)nc2c1;Cc1ccccc1C(C)N(C)S(=O)(=O)c1ccc(C(=O)O)o1;Fc1cc(OCc2noc(C3CC4CCC3N4)n2)ccc1Cl;N#Cc1nc(Cc2ccccc2)oc1NCc1ccccc1Cl;Cc1ccc(NCc2ncc(-c3ccc(C#N)cc3)o2)c(Cl)c1;O=C(c1cc(-c2ccccc2Cl)[nH]n1)N1CC(F)CC1CO;Cc1nc(C(=O)N(C)Cc2ccc(Cl)c(F)c2)c(=O)[nH]c1C;c1coc(Cn2nnnc2SCc2cccc3cccnc23)c1;COc1ccc(Cc2nn3c(-c4cccnc4)nnc3s2)cc1;CCOc1ccc(-c2nn3c(-c4cccnc4)nnc3s2)cc1;COc1ccc(Cc2nnc3sc(-c4ccccn4)nn23)cc1
m_4b86b5,CC(=O)N1CCN(C(=O)CCCNC(=O)c2ccsc2)CC1;CNC(=O)c1ccc(S(=O)(=O)NC2CC23CCNCC3)cc1;CC1Cc2ccccc2N1C(=O)C1CCN(S(N)(=O)=O)CC1;Cc1ccc(C(=O)N2CCN(C3CCS(=O)(=O)C3)CC2)cn1;COc1cc(C)c(S(=O)(=O)Nc2c[nH]nc2C)cc1C(C)C;Cc1ccc(CC(C)N(C)S(=O)(=O)c2c(N)noc2C)cc1;CCCn1c(C(=O)NCCNS(C)(=O)=O)cc2ccccc21;CCC(C)n1cnc(S(=O)(=O)Nc2cc(CO)ccc2C)c1;COc1cc(C(C)C)c(S(=O)(=O)Nc2cnn(C)c2)cc1C;COc1ccc(S(=O)(=O)Nc2cnn(C(C)C)c2)c(C)c1C;COc1ccc(OC)c2sc(NCCN3CCOCC3)nc12;COc1ccc(S(=O)(=O)Nc2ccnn2C(C)C)c(C)c1C;COc1ccc(CCS(=O)(=O)c2nnc(C)n2C(C)C)cc1;CS(=O)(=O)C1CCN(C(=O)c2cccnc2N2CCCC2)C1;CCN(CC)C(=O)CCCNS(=O)(=O)c1ccccc1C#N;CCCCS(=O)(=O)NCc1nc(-c2ccc(OC)cc2)c[nH]1;N#Cc1ccc(S(=O)(=O)NCCCN2CCCOCC2)cc1;CC(C)Cn1cnc(S(=O)(=O)NC(CO)c2ccccc2)c1;O=C(NCCS(=O)(=O)N1CCCC1)C1CC1c1cccnc1;O=C(Nc1cc(C2CC2)nn1C1CCS(=O)(=O)C1)C1CCC1;CCCS(=O)(=O)NC(c1ccc(OC)cc1)c1nccn1C;NCC12CCC(CC1)CN2S(=O)(=O)c1cccc(C(N)=O)c1;CNS(=O)(=O)C1CCCN(Cc2ccc(C#N)c(OC)c2)C1;CCCn1c(C)nnc1S(=O)(=O)CCc1ccc(OC)cc1;CCOC(=O)c1sc(C)c(C(N)=O)c1NC1=NCCCCC1
m_f8d39e,CC(NC(=O)NC(c1ccccc1)c1ccccc1)C1CCCO1;O=C(c1nccc2ccccc12)N1CCC(C2CCOCC2)CC1;Cc1noc(C)c1CCC(=O)N(C1CC1)C1CCc2ccccc21;OC1CCN(CC(O)Cn2c3ccccc3c3ccccc32)CC1;CCC12NC(C)C3C4COC(CC41)C1(C(=O)Nc4ccccc41)C32;Cc1cccc(CC2(O)CCN(C(=O)c3ccnc(C)c3)CC2)c1;COc1ccc(C(C)CC(=O)N(Cc2ccncc2)C2CC2)cc1;Cc1ccc(C(=O)N2CCC(O)(Cc3ccccn3)CC2)cc1C;Cc1ccc(-c2cncc(C(=O)NC3CCOC(C)(C)C3)c2)cc1;CC1(C)CC(NC(=O)CCCc2ccccn2)c2ccccc2O1;CC(CCc1ccncc1)NC(=O)C1(O)CCc2ccccc2C1;Cc1cc(C)cc(C2CCN(Cc3ncccc3C(=O)O)CC2)c1;CC(NC(=O)c1ccccc1N(C)c1ccccc1)C1CCCO1;COC(=O)C1(Nc2ccccc2)CCN(Cc2ccccc2)CC1;CC1(CCc2ccccc2)CCN(Cc2ncccc2C(=O)O)C1;O=C(CCC1CCCC1)Nc1ncccc1OCc1ccccc1;Cc1ccccc1C(C)(C)C(=O)N1CCC(Oc2cccnc2)C1;CCCN(Cc1ncccc1C(=O)O)C1CCc2ccccc2C1;CN(CC(O)Cn1c2ccccc2c2ccccc21)C1CC(O)C1;CC1CCN(C(=O)COc2ccc(Nc3ccccc3)cc2)CC1;COc1cc(C(=O)N2CCC(Cc3cccnc3)CC2)ccc1C;COc1ccc(C2(C(=O)NCc3ccccn3)CCCCC2)cc1;O=C(NCCN1CCCC1)c1ccc(COc2ccccc2)cc1;c1ccc(C2CC(NCc3ccnc(OC4CCOC4)c3)C2)cc1;CC1CCN(c2ccccc2NC(=O)COc2ccccc2)CC1
m_dd5487,CC(C)(CC(=O)N1CCCC1)NCC(=O)N1CC(F)CC1C#N;O=C(NCc1cnn(CCF)c1)NC1CCOC2(CCCC2)C1;CCn1cc(CCN2CC(F)CC2C(=O)N2CCOCC2)cn1;OC(CN1CCOCC1)CN1CCN(c2ccc(F)cn2)CC1;CC(C)C(O)CC(=O)N(C)CC1CC(F)CN1c1ccncn1;C[N+]1(C)CCC(OC(=O)C(c2ccccc2)c2ccccc2)CC1;CC1CN(C)c2ccccc2CN1C(=O)NCCc1ccccn1;C=CCCC(=O)N(C)C1CCN(c2ncnc3ccccc23)CC1;Cn1cnc(C2CN(C(=O)Cc3ccc4c(c3)CCC4)CC2N)c1;CN1CC(NC(=O)C2Cc3ccccc3C2)C(c2cncn2C)C1;O=C(NCCCc1ccccc1)NC1CCN(c2ccccn2)C1;CCn1cc(C2OCCCC2NCc2cccc3cc[nH]c23)cn1;NC1(CC(=O)N2CCN(c3ccc4ccccc4n3)CC2)CCC1;CN(C)Cc1ccnc(NC(=O)C2CCN(c3ccccc3)C2)c1;CC1Cc2ccccc2N1C(=O)CN1CCCC1c1cnn(C)c1;O=C(NCc1cccc2cccnc12)NC1CCN(C2CC2)CC1;Cn1cc(C2CCCN2CC(=O)N2CCCc3ccccc32)cn1;CN(C(=O)NCc1ccccc1-n1ccnc1)C(C1CC1)C1CC1;Cc1nccc(CNC(=O)N2CCCC2CCc2ccccc2)n1;CC(NC(=O)C1(Cc2ccccc2)CC2CCC1C2)c1nc[nH]n1;Cc1cc(C)c2c(c1)CCN(C1CCN(c3cnn(C)c3)C1=O)C2;Cc1cc(CC(C)NC(=O)N2Cc3ccccc3C3(CC3)C2)n[nH]1;CC1CC1C(=O)N(C)C1CCN(c2ncnc3ccccc23)CC1;Cc1cccc(NCC2CCN(Cc3cccc(C(N)=O)c3)C2)n1;Cc1cnc(N2CCCC(CNC(=O)c3ccccc3)C2)nc1C
m_f22b14,CN(CC1CCCN(C)C1c1cncn1C)c1ccnc(C#N)c1;Cc1nc(C)n(CC2CCCN2Cc2nc3ccccc3n2C)n1;Cc1nc(-c2ccc(C)c(NCc3cn(C(C)C)nc3C)c2)n[nH]1;CN(CC1CCCN(C)C1c1ccnn1C)c1ccnc(C#N)c1;CN(CC1CCCN(C)C1c1cncn1C)c1ccc(C#N)nc1;CC(C)(C)c1cc2c(N3CCCC(c4ccn[nH]4)C3)nccn2n1;Cc1cnc(C)c(N2CC(c3nc(C4CC4)n[nH]3)C(C3CC3)C2)n1;Cc1cnc(N2CC(c3nc(C4CC4)n[nH]3)C(C3CC3)C2)nc1C;CC(C)c1nc2n(n1)CC(NCc1nc3ccccc3n1C)CC2;Cc1cc(NC2CCN(c3ncnc4c3CCCC4)CC2)ncn1;CCc1cc(N2CC3CN(c4ncnc(C)c4C)CC3C2)ncn1;Cc1cc(NC2CCN(c3cccnn3)CC2)nc(C2CCC2)n1;CC(C)(C)OCc1cc(C(=O)NCC2(O)CCCC2(C)C)no1;O=C(NC1CCCCC1)OCC1CN(C2CCCCC2)C(=O)O1;COC(C(=O)N1CCN(C(=O)C(OC)C2CC2)C(C)C1)C1CC1;COc1ccc(CNCCCN2CCOCC2)c(OC)c1OC;CC(C)(C)OC(=O)N1CCCC(C(=O)N2CC3COCC3C2)C1;O=C(C1CCCCN1C(=O)CC1(O)CCCC1)N1CCOCC1;CC1CN(C(=O)CN2C(C(=O)O)CC3CCCCC32)CC(C)O1;O=C(NC1CCCOCC1)C1CC1C(=O)NC1CCCOCC1;CC(=O)NC1(C(=O)NC2CC(O)C23CCOCC3)CCCCC1;O=C(O)CCC1CCCCN1C(=O)CN1CCCCCCC1=O;COCCN1CC(C(=O)N2CCC3(CCOCC3)C2C)CC1=O;CCOC(=O)CC(C)(C)CC(=O)NC1CCC(=O)NC1C1CC1;C#CC1(O)CCC2C3CCC4=CC(=O)CCC4C3C(=C)CC21CC
m_21cd44,O=C(O)CCCC(NC(Cc1ccc(O)cc1)C(=O)O)C(=O)O;O=C(NCC1CC1C(F)(F)F)Nc1cnn(-c2ccccc2)n1;O=C(c1nnn(-c2ccccc2)c1C(F)(F)F)N1CCNCC1;O=C(c1ncccc1C(F)(F)F)N1CCCC(c2nnc[nH]2)C1;O=C(NC1CCCC1)c1nnn(-c2ccc(C(F)(F)F)cc2)n1;CC(=O)OC(C)C(NC(Cc1ccc(O)cc1)C(=O)O)C(=O)O;O=C(NCc1nnc2n1CC(C(F)(F)F)CC2)c1ccccn1;O=C(O)CCC(=O)OCCC(NCc1ccccc1O)C(=O)O;CN(C)c1cnc(C(=O)N(CC(F)(F)F)c2ccccn2)cn1;O=C(c1cnccn1)N1CCCC(c2ncc(C(F)(F)F)[nH]2)C1;Cc1nnc2n1CC(NC(=O)c1ccc(C(F)(F)F)cn1)CC2;Cc1ccnc2nc(C(=O)NCC3COc4ccccc4O3)nn12;COc1cc(OC)cc(C(=O)Nc2cccc(-c3nnn[nH]3)c2)c1;CCC(NC(=O)c1ccc2nncn2c1)c1cccc([N+](=O)[O-])c1;O=C(c1ccnnc1)N1CCCC(c2ncc(C(F)(F)F)[nH]2)C1;CCC(C(=O)NCc1cc(-c2ccoc2)cs1)c1ccccc1;Cc1nc(C(F)(F)F)ccc1C(=O)NCc1nnc2n1CCC2;COc1ccc2c(c1)c(C(=O)CSc1ccccc1)c(C)n2C;CN(c1ccc2nccnc2n1)C1CCN(CC(F)(F)F)C1=O;COc1cccc(C(=O)Nc2cccc(-c3nnn[nH]3)c2)c1OC;COc1ccc(CNC(=O)c2ccnc3c(C(N)=O)cnn23)cc1;Cn1cnc2c(C(=O)N3CC(Oc4ccccc4)C3)[nH]nc2c1=O;CC1n2c(=O)c(C(=O)c3nn[nH]n3)c(O)c3cccc(c32)C1(C)C;O=C(NCC1CCOC1c1ccc(F)cc1)C1(O)CCSC1;Cn1ccc(NC(=O)c2c[nH]nc2-c2ccc3c(c2)OCCO3)n1
m_45d613,CN(c1ccccc1)c1ccc(C(=O)N2CCCC2C(=O)O)cn1;O=C(O)c1ccc2c(c1)CN(C(=O)c1ccnn1C1CCCC1)C2;Cc1nc(-c2ccccc2)ncc1C(=O)N1CCCCC1C(=O)O;O=C(C1CC1)N1CCC2CN(c3ccc(C(F)(F)F)cn3)CC21;O=C(Cc1c[nH]c2ncccc12)N(CC1CCC1)CC(F)(F)F;CCC(Cc1ccccc1C(F)(F)F)NC(=O)Cc1ncc[nH]1;CC1(C)CN(C(=O)c2c[nH]c3ncccc23)CCC1C(F)(F)F;N#CCOc1coc(CN2CCN(c3ccccc3)CC2)cc1=O;COc1cc(OC)c2ncc(C#N)c(N3CC4C(CO)C4C3)c2c1;Cc1cc(C)cc(C(=O)N2CC3CC2C3c2ocnc2C(N)=O)c1;COc1ccc(-c2cc(N(C)C(=O)c3cc(C)oc3C)n[nH]2)cc1;CN1CC(NC(=O)c2cccc3cc[nH]c23)CCC1C(F)(F)F;Cn1cc(CNC(=O)C(C)(C)c2cccc(C(F)(F)F)c2)cn1;Cn1ccc(C(=O)N2CCNC(=O)CC2c2ccccc2)cc1=O;CCOc1ccc(NC(=O)CC2Nc3ccccc3NC2=O)cc1;O=C(O)CN(C(=O)c1nn(-c2ccccc2)c2c1CCC2)C1CC1;Cc1ccc(N2CCC(NC(=O)c3ccn(C)c(=O)c3)C2=O)cc1;O=C1CN(C(=O)c2coc(-c3ccccc3)n2)C2CCCCC2N1;COc1ccc(NC(=O)Nc2ccc3c(c2)CCN3C(C)=O)cc1;CC1CN(C(=O)c2cccc(Oc3ccccn3)c2)CC(=O)N1C;O=C(NCC(=O)N1CCCc2ccccc21)c1cc(C2CC2)on1;COc1cccc(CC(=O)Nc2ncccc2OCCCC#N)c1;Cn1cc(C2OCCCC2NC(=O)c2coc3ccccc23)cn1;COc1ncccc1CNC(=O)NC(C)c1cc2ccccc2o1;CN(C(=O)C1COc2ccccc2O1)C1CN(c2ccccn2)C1
m_637284,CN(c1ccccc1)c1ccc(C(=O)N2CCCC2C(=O)O)cn1;O=C(O)c1ccc2c(c1)CN(C(=O)c1ccnn1C1CCCC1)C2;Cc1nc(-c2ccccc2)ncc1C(=O)N1CCCCC1C(=O)O;O=C(C1CC1)N1CCC2CN(c3ccc(C(F)(F)F)cn3)CC21;O=C(Cc1c[nH]c2ncccc12)N(CC1CCC1)CC(F)(F)F;CCC(Cc1ccccc1C(F)(F)F)NC(=O)Cc1ncc[nH]1;CC1(C)CN(C(=O)c2c[nH]c3ncccc23)CCC1C(F)(F)F;N#CCOc1coc(CN2CCN(c3ccccc3)CC2)cc1=O;COc1cc(OC)c2ncc(C#N)c(N3CC4C(CO)C4C3)c2c1;Cc1cc(C)cc(C(=O)N2CC3CC2C3c2ocnc2C(N)=O)c1;COc1ccc(-c2cc(N(C)C(=O)c3cc(C)oc3C)n[nH]2)cc1;CN1CC(NC(=O)c2cccc3cc[nH]c23)CCC1C(F)(F)F;Cn1cc(CNC(=O)C(C)(C)c2cccc(C(F)(F)F)c2)cn1;Cn1ccc(C(=O)N2CCNC(=O)CC2c2ccccc2)cc1=O;CCOc1ccc(NC(=O)CC2Nc3ccccc3NC2=O)cc1;O=C(O)CN(C(=O)c1nn(-c2ccccc2)c2c1CCC2)C1CC1;Cc1ccc(N2CCC(NC(=O)c3ccn(C)c(=O)c3)C2=O)cc1;O=C1CN(C(=O)c2coc(-c3ccccc3)n2)C2CCCCC2N1;COc1ccc(NC(=O)Nc2ccc3c(c2)CCN3C(C)=O)cc1;CC1CN(C(=O)c2cccc(Oc3ccccn3)c2)CC(=O)N1C;O=C(NCC(=O)N1CCCc2ccccc21)c1cc(C2CC2)on1;COc1cccc(CC(=O)Nc2ncccc2OCCCC#N)c1;Cn1cc(C2OCCCC2NC(=O)c2coc3ccccc23)cn1;COc1ncccc1CNC(=O)NC(C)c1cc2ccccc2o1;CN(C(=O)C1COc2ccccc2O1)C1CN(c2ccccn2)C1
m_e77f56,COc1ccc(NC(=O)Nc2ccc3c(c2)CCN3C(C)=O)cc1;O=C(O)CN(C(=O)c1nn(-c2ccccc2)c2c1CCC2)C1CC1;O=C(O)c1ccc2c(c1)CN(C(=O)c1ccnn1C1CCCC1)C2;CN(c1ccccc1)c1ccc(C(=O)N2CCCC2C(=O)O)cn1;Cc1nc(-c2ccccc2)ncc1C(=O)N1CCCCC1C(=O)O;COc1ccc(-c2cc(N(C)C(=O)c3cc(C)oc3C)n[nH]2)cc1;N#CCOc1coc(CN2CCN(c3ccccc3)CC2)cc1=O;CC1(C)CN(C(=O)c2c[nH]c3ncccc23)CCC1C(F)(F)F;COc1ncccc1CNC(=O)NC(C)c1cc2ccccc2o1;Cc1ccc(N2CCC(NC(=O)c3ccn(C)c(=O)c3)C2=O)cc1;CCOc1ccc(NC(=O)CC2Nc3ccccc3NC2=O)cc1;CN1C(=O)CC(NC(=O)Cc2cccc(O)c2)C1c1cccnc1;CC1CN(C(=O)c2cccc(Oc3ccccn3)c2)CC(=O)N1C;O=C(Cc1c[nH]c2ncccc12)N(CC1CCC1)CC(F)(F)F;COc1ccc2cc(C(=O)N3CCCC3c3cc(C)on3)[nH]c2c1;O=C(NCC(=O)N1CCCc2ccccc21)c1cc(C2CC2)on1;CCC(Cc1ccccc1C(F)(F)F)NC(=O)Cc1ncc[nH]1;CN(C(=O)C1COc2ccccc2O1)C1CN(c2ccccn2)C1;Cn1cc(C2OCCCC2NC(=O)c2coc3ccccc23)cn1;Cc1cc(C2CCCN2C(=O)C(C)Oc2ccccc2C#N)on1;O=C(NC(Cc1ccccc1)C(=O)O)c1ccc(NC2CC2)nc1;Cc1ccc(N2CCC(NC(=O)c3cc(C4CC4)on3)C2=O)cc1;COc1cccc(CC(=O)Nc2ncccc2OCCCC#N)c1;O=C(NC(Cc1ccccc1)C(=O)NC1CC1)c1cccnc1O;O=C(C1CC1)N1CCC2CN(c3ccc(C(F)(F)F)cn3)CC21
m_050bf1,Cc1cccc(NCC2CCN(c3nc(=O)c4cn[nH]c4[nH]3)C2)n1;CCc1noc(COCC(=O)N2CC(C)(C)OC3COCC32)n1;CC(C)c1nnc2n1CCN(C(=O)Cn1nnc3ccccc31)C2;c1cn(-c2cc(NC3=NCC4(CN5CCC4CC5)O3)ncn2)cn1;Cc1ncccc1OC1CCN(c2nc(N)c3cnn(C)c3n2)C1;CCC(CC)n1nccc1C(=O)Nc1ccc(-n2cncn2)cn1;Cc1nnc2c(N3CCCC(COc4ncccn4)C3)nccn12;Cc1nc2ncnn2c(NCCC(=O)NCc2ccncc2)c1C;Cc1ccccc1-c1nnn(CC(=O)Nc2c(C)nn(C)c2C)n1;Cc1noc(C23CCN(C)CC2CN(c2ncncc2C#N)C3)n1;Cn1c(C2C(C3CC3)CCN2c2ncnn3cccc23)n[nH]c1=O;O=C(CCCn1cnnn1)N1CCCC1c1nc2ccccc2[nH]1;Cc1c(C2C(CNc3nccnc3C#N)CC(=O)N2C)cnn1C;Cc1c(C(C)NC(=O)Nc2ccc(-n3cccn3)nc2)cnn1C;Cc1nn(C)c2ncc(C(=O)N3CCCCC3c3nc[nH]n3)cc12;Cn1nccc1CNC(=O)N1CCN(c2ccc(C#N)cn2)CC1;CCn1nc(C)cc1C(=O)Nc1cccc(-c2nnnn2CC)c1;Cc1cc(C(=O)N2CCCCC2c2nc[nH]n2)c2cnn(C)c2n1;Cc1n[nH]c(C)c1C1CCCN1C(=O)c1cnc2c(c1)nnn2C;Cc1c(C2C(CNc3cnc(C#N)cn3)CC(=O)N2C)cnn1C;Cn1nccc1C1CCN(C(=O)c2ccnc3c2nnn3C)CC1;CCn1ccnc(N2CCC(Nc3cnc(C#N)cn3)CC2)c1=O;CC(C)c1nnc2n1CCN(Cc1nc(-c3cccnc3)no1)C2;Cn1cc(C2CN(c3ccnc4c3cnn4C)CC2C(N)=O)cn1;Cc1cc(C)n(CCNC(=O)c2ccc(C)c(-n3cnnn3)c2)n1
m_6f3a5c,CN(C)C(=O)COCC1CN(c2ccc(F)cn2)CC(C)(C)O1;CC(NC(N)=O)C(=O)NC(COc1ccccc1F)C(C)(C)C;CN(C)C(=O)COCC1CN(c2ncccc2F)CC(C)(C)O1;COc1ccc(CN(CC(N)=O)CC2CN(C)CCO2)cc1F;Cn1cc(C(=O)N2CCCC(F)(CO)C2)c(C2CCOCC2)n1;COCCn1nc(C(=O)NC2CC(F)C2)c2c1C(C)OC(C)C2;CN(CC(=O)NC(C)(C)C)C(=O)NCCOc1ccc(F)cc1;CNC(=O)C1CC(=O)N(C2CN(C(=O)C3(F)CCCCC3)C2)C1;CCOc1ccc(CNC(=O)NCCN2CCOCC2)cc1F;CCc1ccc(O)c(C(=O)N2CCN(Cc3ccccn3)CC2)c1;Cc1cc(NC(=O)NCC2CCCOC2c2ccccc2)ccn1;COc1ccccc1C(=O)N(Cc1cccnc1)CC1CCNC1;O=C(Nc1cccc(-c2cn3c(n2)CCCC3)c1)C1CCOCC1;CCN(CCNC(=O)c1ccc(-c2ccccc2)[nH]c1=O)C1CC1;Cc1ccc(NC(=O)NCC2(c3ccccc3)CC(O)C2)c(C)n1;O=C1CCN(C(=O)Cc2ccc3cccnc3c2)CCCCCN1;O=C(O)C1CC2CCCCC2N1Cc1cnn(-c2ccccc2)c1;O=C(CCc1nc2ccccc2c(=O)n1C1CC1)NCC1CCC1;CCNC(=O)CNC(=O)c1c2c(nc3ccc(C)cc13)CCCC2;CC(C)(C)C(=O)Nc1cccc(C(=O)NCCc2ccccn2)c1;COc1ccccc1CN(C(=O)c1cc(N(C)C)ccn1)C1CC1;CCOc1ccc(CC(=O)N2CCN(c3ccncc3)CC2)cc1;COc1ccccc1C1CC1C(=O)N1CCC(c2ccn[nH]2)CC1;CC1(C)C(C(=O)Nc2cccc(Cn3cccnc3=O)c2)C1(C)C;CCc1ccc(-c2noc(C(C)NC(=O)C3C4CCCC43)n2)cc1
m_59bced,O=C(COc1cc(C(F)F)nc2ccc(Cl)cc12)NC1CC1;OC1CCOCC1C1CCCN1c1ccc(Br)cn1;CN(Cc1ccc(OC(F)F)cc1)C(=O)c1ccc(Cl)cn1;NC(=O)CC1(O)CCCN(Cc2cccc(Br)c2)C1;O=C(c1ccc2ccc(Cl)cc2n1)N1CC(F)(F)CC1CO;Cc1cc(Br)ccc1C(=O)NCC1CN(C)CCO1;Cc1ccc(CN2CC(C)OC(C(N)=O)C2)c(Br)c1;Cc1cc(C(=O)NCC(C)(C)C(N)=O)c(C)cc1Br;Cc1cc(Br)ccc1NC(=O)CN(C)C(=O)C(C)C;CC1CC(CCNC(=O)c2ccc(Br)cn2)CCO1;CC1CC(CCNC(=O)c2ncccc2Br)CCO1;COc1ccc(Br)cc1CC(=O)N1CCC(CN)C1;CCC(=O)N(CC1CCOCC1)c1ccc(Br)cn1;CCCNC(=O)CCNC(=O)c1cc(C)cc(Br)c1;COc1ccc(Br)cc1CCC(=O)N1CCNCC1;CCC1OCCCC1C(=O)Nc1ncc(Br)cc1C;CCC(C)C(=O)NCC(=O)Nc1ccc(Br)cc1C;CC(C)(C)OC(=O)N1CCCC1c1cncc(Br)c1;O=C(NCCCN1CCOCC1)c1ccccc1Br;O=C(CCN1CCC(O)CC1)Nc1cccc(Br)c1;COc1c(NCc2cccc(F)c2F)cc(Cl)cc1C(N)=O;CC1CCN(C(=O)NCc2ccc(Br)cc2)CC1O;CC(=O)NC(C(=O)Nc1ccc(Br)c(C)c1)C(C)C;COc1ccc(CCC(=O)N2CCNCC2)cc1Br;COc1ccc(Br)cc1CCC(=O)N1CCC(N)C1
m_e7af25,N#Cc1cccc(C(=O)N2CCCC2c2cccc3ccccc23)c1;Cc1nnc(S(=O)(=O)CC(=O)NC2CC2)n1C1CCCCC1;CCS(=O)(=O)NCC(=O)N1CCN(Cc2cccnc2)CC1;CC(C(=O)N1CCCCCC1)S(=O)(=O)c1n[nH]c(C2CC2)n1;CS(=O)(=O)NCC1CCCCN1C(=O)c1n[nH]c2c1CCC2;CCc1ncncc1C(=O)NC1CCN(S(=O)(=O)CC)CC1;CN1C(=O)CCC(CNS(=O)(=O)C2CC2)C1c1nccn1C;Cc1cc(NC(=O)N(C)C2CCN(S(C)(=O)=O)CC2)ccn1;CN1C(=O)CCC(CNS(=O)(=O)C2CC2)C1c1cnn(C)c1;O=C(c1cn[nH]c1)N1CCC(S(=O)(=O)N2CCCCC2)CC1;CS(=O)(=O)NCC1CCN(C(=O)c2n[nH]c3c2CCC3)CC1;Cn1cnc(S(=O)(=O)N2CCN(C(=O)C3CC3)CC2(C)C)c1;Cn1ccnc1C1C(CNS(C)(=O)=O)CCC(=O)N1C1CC1;Cc1cnccc1NC(=O)NCC1CCN(S(C)(=O)=O)CC1;C=CCNC(=O)C1(NS(=O)(=O)c2cnn(C)c2)CCCCC1;O=C(c1cc[nH]n1)N1CCCC(S(=O)(=O)NC2CCCC2)C1;C#Cc1cccc(N(C)C(=O)c2cccc(-c3ccccn3)c2C)c1;Cc1cccc(-n2c(-c3ccccc3C)nc3ccccc3c2=O)c1;Cc1cccc(-n2c(-c3ccccc3)nc3ccccc3c2=O)c1C;CC(C)c1cnc(NC(=O)NC2CCN(CC(=O)O)CC2)s1;CC(c1ccccn1)N(C)C(=O)C1CCN(S(N)(=O)=O)CC1;CS(=O)(=O)N1CCCC1C(=O)N1CCCC1Cn1cccn1;CC(C)c1nnc(N2CCOC(C(=O)N3CCOCC3)C2)s1;CCc1nc(CNC(=O)NC2CCCN(C(=O)OC)C2)cs1;CCCOc1nccnc1N1CCC(NS(=O)(=O)C2CC2)C1
m_a5bb0e,COCCn1cc(NC(=O)Nc2ccn(-c3ccccc3)n2)cn1;CN(C)c1ncccc1C(=O)NCCc1nnc(-c2ccco2)[nH]1;COC1CC(c2ncn[nH]2)N(C(=O)Cn2ncc3ccccc32)C1;CC(=O)N1CCCC1c1noc(Cn2ncc3cc(C)cnc32)n1;COc1ncccc1CNC(=O)Nc1cnc2c(c1)c(C)nn2C;CN(CC1OCCC1c1ncn[nH]1)C(=O)c1cnc2ccccn12;Cn1nc(C2CCCOC2)cc1NC(=O)c1nccn2ccnc12;COCCNc1nc(Nc2ccc(OC)cc2)c2nccnc2n1;COC1CN(C(=O)Cn2ncc3ccccc32)CC1c1c[nH]nn1;COC1CC(c2ncn[nH]2)N(C(=O)c2ccc3c(c2)ncn3C)C1;COC1CC(c2nncn2C)N(C(=O)c2cccc3[nH]cnc23)C1;CCOC(=O)Nc1nc(N)c2c(n1)NCCC(c1ccccc1)=N2;COC1CN(C(=O)c2cc(C)cc3c[nH]nc23)CC1c1c[nH]nn1;COC1CC(c2nncn2C)N(C(=O)c2n[nH]c3ccccc23)C1;Cc1nc2cncc(N3CCN(C(=O)c4ccoc4C)CC3)n2n1;CCn1cnc2c(NCc3cccc(OCC(N)=O)c3)ncnc21;CCNC(=O)c1cnn(-c2ccc(-c3nc(CC)no3)cn2)c1C;Cc1noc2ncc(C(=O)N3CCn4c(nnc4C(C)C)C3)cc12;O=C(NC1CC(Cn2cccn2)CC1O)c1ccc2ncnn2c1;Cn1nncc1C(=O)NC1CC(=O)N(C2CC2)C1c1cccnc1;CN(C)c1nccc(C2CN(C(=O)c3c[nH]c(C#N)c3)CCO2)n1;Cn1c(N2CCC(Nc3ccc(C#N)nc3)C2)cc(=O)n(C)c1=O;CCc1n[nH]c(C2CN(C(=O)c3ccc(C#N)c(C)n3)CCO2)n1;Cn1nnc2cc(C(=O)Nc3cnn(CC4CCCO4)c3)ccc21;Cc1ccc(-n2nc(C(=O)N(C)Cc3n[nH]c(=O)[nH]3)cc2C)cc1
m_d6c1c0,CN1C(=O)CCC(C(=O)N2CCC(F)(F)C2)C1c1ccnn1C;COc1ccc(C)cc1CS(=O)(=O)CC1(O)CCC(C)CC1;CN1CCC2CN(C(=O)Nc3cccnc3OCC(F)F)CC21;CN1C(=O)CCC(C(=O)N2CCC(F)(F)C2)C1c1nccn1C;CCN(CC)C(CNC(=O)c1ccnn1C(F)F)c1ccco1;COc1cc(CNC2CCN(c3ncccc3F)C2)ccc1C#N;Cc1c(C2C(C(=O)N3CCC(F)(F)C3)CC(=O)N2C)cnn1C;Nc1ccc(C2CCCN2C(=O)C2(c3ccccc3F)CC2)nn1;N#Cc1cc(F)ccc1CN1CCCC(c2noc(C3CC3)n2)C1;CCc1c[nH]c2ncnc(N3CCOC(c4ccccc4F)C3)c12;CC(C)n1ncc2cc(C(=O)NCCc3ccc(F)cc3)cnc21;O=C(Cc1c[nH]c2cc(F)ccc12)NCc1[nH]nc2c1CCCC2;CCn1ncc2c1CCCC2NC(=O)c1cc2cc(F)ccc2[nH]1;CC1CN(Cc2ccc(F)cc2)CCN1C(=O)c1cc(C#N)c[nH]1;Cc1ccn2cc(CNC(=O)NCCc3ccc(F)cc3)nc2c1;CCn1c(NCc2ccc(C(=O)NC)cc2)nc2cc(F)ccc21;O=C(NCCc1c[nH]c2ccc(F)cc12)C1CCc2cn[nH]c2C1;O=C(c1ccc(N2CCCC2)nn1)N1CCCc2ccc(F)cc21;OCC1(Cc2ccc(F)cc2)CCN(c2ncnc3[nH]ccc23)C1;Cc1nnc(C2CC23CCN(Cc2cc(C#N)ccc2F)CC3)o1;Cc1cc(C2CN(Cc3cnc4cnccn34)CCO2)ccc1F;CN(C)CCn1ccc2ccc(NC(=O)c3ccncc3F)cc21;CC(C)(C)c1cn2nc(C(=O)NCc3ccccc3F)ccc2n1;Cc1nn(C)cc1C1CCCN1C(=O)c1cc2cc(F)ccc2[nH]1;CC1CC(C)CN(CC(C)NC(=O)c2ccc(Cl)cc2F)C1
m_a3c949,COc1ccc(C)cc1CS(=O)(=O)CC1(O)CCC(C)CC1;CN1C(=O)CCC(C(=O)N2CCC(F)(F)C2)C1c1ccnn1C;CN1CCC2CN(C(=O)Nc3cccnc3OCC(F)F)CC21;CN1C(=O)CCC(C(=O)N2CCC(F)(F)C2)C1c1nccn1C;CCN(CC)C(CNC(=O)c1ccnn1C(F)F)c1ccco1;Cc1c(C2C(C(=O)N3CCC(F)(F)C3)CC(=O)N2C)cnn1C;CCCN(CCC)c1nc(SC)nc(-c2ccccc2)c1C#N;CC(C)n1ncc2cc(C(=O)NCCc3ccc(F)cc3)cnc21;O=C(Cc1c[nH]c2cc(F)ccc12)NCc1[nH]nc2c1CCCC2;CCc1c[nH]c2ncnc(N3CCOC(c4ccccc4F)C3)c12;CC1CC(C)CN(CC(C)NC(=O)c2ccc(Cl)cc2F)C1;Cc1cc(C(C)(C)C)cc(C)c1CSc1ncnc2nc[nH]c12;OCC1(Cc2ccc(F)cc2)CCN(c2ncnc3[nH]ccc23)C1;N#Cc1cc(F)ccc1CN1CCCC(c2noc(C3CC3)n2)C1;CCn1ncc2c1CCCC2NC(=O)c1cc2cc(F)ccc2[nH]1;O=C(NCCc1c[nH]c2ccc(F)cc12)C1CCc2cn[nH]c2C1;O=C(c1ccc(N2CCCC2)nn1)N1CCCc2ccc(F)cc21;CCC(NCc1c(C)nc2scc(C3CC3)n12)c1ccncc1;CCn1c(NCc2ccc(C(=O)NC)cc2)nc2cc(F)ccc21;CCC(SC)C(=O)N(C)CC1CC(F)CN1c1ccncn1;COc1cc(CNC2CCN(c3ncccc3F)C2)ccc1C#N;Cc1nn(C)cc1C1CCCN1C(=O)c1cc2cc(F)ccc2[nH]1;CSC(C)CC(=O)N(C)CC1CC(F)CN1c1ccncn1;Cc1nnc(C2CC23CCN(Cc2cc(C#N)ccc2F)CC3)o1;c1ccc(N2CC3CCN(Cc4csc(C5CC5)n4)C3C2)nc1
m_3ae355,Cc1ccc(-n2c(=O)c3ccccc3c3ccccc3c2=O)c(C)c1;O=c1c(Cc2ccccc2)c(O)c2ccccc2n1-c1ccccc1;CSc1nc(C)cc(N(C)C2CN(c3nccnc3C#N)C2)n1;Cn1cnc2ncnc(N3CC4CN(c5nccs5)CC4C3)c21;CN(c1cccc(CNC(=O)NC2(C)COC2)c1)S(C)(=O)=O;O=C(O)C1CN(C(=O)Cc2ccc(F)cc2)CC1c1ccccc1;CNC(=O)C1CCCN1S(=O)(=O)N1CCCC1c1ccco1;CNc1ccc(S(N)(=O)=O)cc1NC(=O)CC1(OC)CCC1;COc1ccc(S(N)(=O)=O)cc1C(=O)NC1CCN(C)CC1;O=C(O)Cc1cccc(C(=O)NC2(c3cccc(F)c3)CCC2)c1;O=C(CCc1ccccc1F)NCC(c1ccco1)c1ccco1;Cc1ccc(N2CCCN(c3ccc(C#N)c(Cl)c3)CC2)nn1;CN(Cc1ccc(C(=O)O)cc1)C(=O)C1(c2ccccc2F)CC1;O=C(O)Cc1cccc(C(=O)NC2(c3ccc(F)cc3)CCC2)c1;O=C1NCCCCC1NS(=O)(=O)N1CCCC1c1ccco1;COc1ccc(NC(=O)CC2CS(=O)(=O)CCN2C)c(C)n1;Cc1nc(N2CCN(C(=O)OC(C)(C)C)CC2)sc1C(=O)O;COc1ccc(N(C)C(=O)CC2CS(=O)(=O)CCN2C)cn1;O=C(NCC1(c2ccc(F)cc2)CC1)C1COc2ccccc2O1;O=C(O)c1ccc(CNC(=O)C2(Cc3ccccc3F)CC2)cc1;O=C(CCc1ccc(C(=O)O)cc1)NC1(c2cccc(F)c2)CC1;O=C(CCc1ccc(C(=O)O)cc1)NC1(c2ccc(F)cc2)CC1;CN(Cc1ccc(C(=O)O)cc1)C(=O)C1(c2cccc(F)c2)CC1;COc1ccncc1CNC(=O)CC1CS(=O)(=O)CCN1C;CNS(=O)(=O)c1ccccc1N1CCN(CC(=O)OC)CC1
m_930a3b,CCC1CN(CCNC(=O)c2ccc(C(C)(F)F)nc2)CCO1;Cc1c(C(=O)NC2CCC(F)(F)CC2)cnn1C1CCOCC1;CN1CCC(CNC(=O)N(CCO)CC(F)F)c2ccccc21;CC(Cc1c(F)cccc1F)NC(=O)CN(CC(N)=O)C(C)C;CC1CN(C(=O)c2ccc(C(C)(F)F)nc2)CC(C)N1CCO;CN(C)Cc1cc(CNC(=O)N2CC(F)CC2CO)ccc1F;O=C(CCC1CC(F)(F)C1)NC1CC(Cn2ccnc2)CC1O;CN(C)CC1CCCCN1C(=O)c1cc(OCC(F)F)ccn1;CC1CN(C2CCN(c3ccc(OC(F)F)cn3)CC2)CCO1;COC1(CNC(=O)c2cnn(C3CC3)c2)CCC(C(F)F)CC1;COc1ccc(N2CCN(C(=O)C(C)(C)C(C)(F)F)CC2)nc1;O=C(N1CCC(c2ccn[nH]2)CC1)C(F)(F)C1(O)CCCCC1;CC(C)C1N(C(=O)c2ccnn2CC(F)F)CC12CCOCC2;CCOc1ccccc1CNC(=O)N1CCN(CC(F)F)CC1;Cn1cc(C(=O)NCC2CCC(F)(F)C2)c(C2CCOCC2)n1;Cn1cc(C2CN(C(=O)C3CCC(F)(F)CC3)CC2CO)cn1;CCC(NC(=O)NCC(=O)NC(C)(C)C)c1cc(F)ccc1F;CN(C)CC1CCN(C(=O)NCCOc2ccc(F)cc2F)C1;O=C(CCc1nc(C2CCCC2)no1)N1CCCCC1C(F)F;CC(Oc1ccc(F)c(F)c1)C(=O)NCCN1CCN(C)CC1;CC1(C)CN(C(=O)c2ccnn2CC(F)F)CC2(CCCC2)O1;CN(C)CCN1CCN(C(=O)COc2ccc(F)cc2F)CC1;CN(C(=O)C1CCCc2[nH]ncc21)C(c1ccc(F)cc1)C1CC1;O=C(NCCN1CCc2ccccc2C1)NCc1ccccc1F;Cc1ccc(F)cc1CN1CCCN(C(=O)c2ccncc2)CC1
m_e17598,CCC1(CO)CCN(C(=O)NCc2ccc3ncccc3c2)CC1;COc1ccccc1C1CC1C(=O)Nc1cc(C)nn1C(C)(C)C;Cc1ccc(C(C)C)c(OC(C)C(=O)N2CCc3[nH]ncc3C2)c1;CCn1cc(NC(=O)NC(C)(C)CCc2ccccc2)ccc1=O;Cc1nnc(CC(=O)NCC2(c3ccccc3C)CCCCC2)o1;Cc1cccc2ncnc(N3CCCC3C3COCCC3(C)O)c12;Cc1nn(-c2ccccc2)c(C)c1C1OCCC1C(=O)NC(C)C;Cc1nnc(C2CCCN(Cc3ccccc3OC3CC3)C2C)o1;COc1ccc(C)cc1CC(=O)N1CCCC1c1c(C)n[nH]c1C;Cc1ccc2c(c1)OC(C)CN2C(=O)c1cn(C(C)(C)C)nc1C;c1ccc(CCc2noc(CN3CCC4(CCCOC4)C3)n2)cc1;CCC(NC(=O)NC(C)(C)c1ccccc1OC)c1ccncc1;Cc1nc(CCC(=O)N2CC(C)NC(C)C2)oc1-c1ccccc1;Cc1cc(C)n(C(C)C(=O)N2Cc3ccccc3OC(C)(C)C2)n1;CCCc1noc(CCCC(=O)NC2CCCc3ccccc32)n1;Cc1ccc(OC(C)CNC(=O)N(C)C(C)c2ccncc2)cc1;CCc1noc(CCCC(=O)NC2CCCCc3ccccc32)n1;OC1CC(Cn2ccnc2)CC1NCc1cccc2c1CCOC2;CCN(CC(=O)N1CCCCC1c1nc2ccccc2o1)C1CC1;CCCOc1cccc(CCNC(=O)C2CCCc3[nH]ncc32)c1;CC(C)c1noc(CCC(=O)NC2CCCCc3ccccc32)n1;CN(C(=O)NCCc1coc(-c2ccccc2)n1)C1CCCCC1;Cc1ncc(CN2CCOC(C3CCCO3)C2)n1-c1ccccc1;CC(C)(C)OCc1cccc(CNC(=O)NCc2ccncc2)c1;CC(C)c1ccccc1NC(=O)CN1CCC(c2ncco2)CC1
m_64030c,Cc1cccc2ncnc(N3CCCC3C3COCCC3(C)O)c12;Cc1nnc(CC(=O)NCC2(c3ccccc3C)CCCCC2)o1;CCn1cc(NC(=O)NC(C)(C)CCc2ccccc2)ccc1=O;Cc1ccc(C(C)C)c(OC(C)C(=O)N2CCc3[nH]ncc3C2)c1;CCC1(CO)CCN(C(=O)NCc2ccc3ncccc3c2)CC1;COc1ccccc1C1CC1C(=O)Nc1cc(C)nn1C(C)(C)C;CCc1noc(CCCC(=O)NC2CCCCc3ccccc32)n1;CC(C)c1noc(CCC(=O)NC2CCCCc3ccccc32)n1;c1ccc(CCc2noc(CN3CCC4(CCCOC4)C3)n2)cc1;Cc1nc(CCC(=O)N2CC(C)NC(C)C2)oc1-c1ccccc1;CCN(CC(=O)N1CCCCC1c1nc2ccccc2o1)C1CC1;OC1CC(Cn2ccnc2)CC1NCc1cccc2c1CCOC2;Cc1ccc(OC(C)CNC(=O)N(C)C(C)c2ccncc2)cc1;CN(C(=O)NCCc1coc(-c2ccccc2)n1)C1CCCCC1;CCCc1noc(CCCC(=O)NC2CCCc3ccccc32)n1;CCC(NC(=O)NC(C)(C)c1ccccc1OC)c1ccncc1;Cc1cc(C)n(C(C)C(=O)N2Cc3ccccc3OC(C)(C)C2)n1;CCCOc1cccc(CCNC(=O)C2CCCc3[nH]ncc32)c1;COc1cc(CN2CCN(Cc3ccccn3)CC2)cc(OC)c1;COCc1cccc(Cn2nc(C)c(C3CCCC(=O)N3)c2C)c1;CCN1CCN(Cc2ccc(CNC(=O)c3ccco3)cc2)CC1;CCN(Cc1cccc(C)c1)C(=O)c1c(C)nc(C(C)C)[nH]c1=O;O=C(COC1CCCCC1)NCCc1ccn(-c2ccccc2)n1;OC1CC(Cn2ccnc2)CC1NCc1cccc2c1COCC2;CC(C)Cn1nc(C(=O)N(C(C)C)C2CC2)c2ccccc2c1=O
m_163bfd,COc1cccc(NC(=O)NCCn2ccc(C(F)(F)F)n2)c1;O=c1onc(-c2ncccn2)n1CC1CCC(C(F)(F)F)CC1;N=C(N)NCCCC(NCC(O)COP(=O)(O)O)C(=O)O;COC(C)C(=O)Nc1cc(-c2n[nH]c(C)n2)cc(C(F)(F)F)c1;Cc1noc(C2(C(F)(F)F)CCN(C(=O)C3(C#N)CCC3)C2)n1;O=C(Nc1ccn2ccnc2c1)N1CCC(O)(C(F)(F)F)CC1;CC(C)(C(=O)NCc1n[nH]c(=O)[nH]1)c1cccc(C(F)(F)F)c1;CN(CCn1cccn1)C(=O)c1cccc(OCC(F)(F)F)n1;O=C(CCOC1OC(CO)C(O)C(O)C1O)c1ccc(O)cc1;CC(C(=O)NCCn1cccc1)n1nc(C(F)(F)F)ccc1=O;Cc1ncoc1C(=O)N1CCCC(c2cc(C(F)(F)F)[nH]n2)C1;O=C(NCCCn1ccnc1)c1ccc(OCC(F)(F)F)nc1;Cn1cc(OC2CN(c3ncccc3C(F)(F)F)CC2O)cn1;Cc1nc(-c2cccc(NC(=O)C(F)(F)c3ccccc3)c2)n[nH]1;COc1ccc(C(C)=O)c(OC2OC(CO)C(O)C(O)C2O)c1;COc1ccc(C(NC(=O)Nc2ccn(C)n2)C(F)(F)F)cc1;Cc1nc(C(=O)Nc2cc(C(C)(C)C)no2)cc(C(F)(F)F)n1;COc1ccc(CNC(=O)C(C)n2cncn2)c(C(F)(F)F)c1;Cc1n[nH]cc1C1CCN(C(=O)c2conc2C(F)(F)F)CC1;Cn1c(C(F)(F)F)nn(CC(=O)NCCc2ccccc2)c1=O;CN1C(=O)NC2CN(C(=O)c3cccnc3C(F)(F)F)CCC21;Cc1cc(C(F)(F)F)nc(C(=O)N2CCCC3CC32C(N)=O)n1;CC(CO)NC(=O)Nc1cnn(-c2ccccc2)c1C(F)(F)F;Cc1cc(C)c(CNC(=O)Cn2ccc(C(F)(F)F)n2)c(=O)[nH]1;Cc1cc2c(-c3ccccc3F)nc(N3CCNCC3)nc2s1
m_6e1c94,CN1C(=O)CC(CNC(=O)c2ccncc2F)C1c1cccnc1;COc1ccc(C(C)NC(=O)Cn2nnc3ccccc32)cc1F;CN1C(=O)CC(CNC(=O)c2ccncc2F)C1c1ccncc1;CC1CN(C(=O)c2ccc(-c3cncnc3)cc2F)CC1C(N)=O;N#Cc1ccc(CNC(=O)C2CCCOC2c2ncc[nH]2)cc1F;NC(=O)c1ccc(N2CCN(C(=O)c3cccc(F)c3)CC2)nc1;C#CCCC1(CCNC(=O)CC2C(=O)Nc3c(F)cccc32)N=N1;O=C(NCc1cccnc1)NC1CCN(c2ccccc2F)C1=O;COc1ccc(C(C)NC(=O)c2cnc3[nH]c(C)nc3c2)cc1F;CN1CCn2nc(NC(=O)C3CC3c3ccc(F)cc3)cc2C1=O;O=C(CN1CCN(c2ccc(F)cc2)C1=O)NCc1ccccn1;O=c1cc(CN2CCOC(c3ccccc3F)C2)[nH]c2ccnn12;CCn1nc(C2CC2)cc1C(=O)N1CC(=O)Nc2c(F)cccc21;Cc1cc(C2CN(c3ncnc4onc(C)c34)CCO2)ccc1F;Cn1cc(C2OCCC2CNC(=O)c2ccc(F)c(C#N)c2)cn1;N#Cc1ccc(CNC(=O)C2CCCOC2c2cn[nH]c2)cc1F;N#Cc1cc(C(=O)NCC2CCCOC2c2cn[nH]c2)ccc1F;Cn1cc(C(=O)NCc2cc(C#N)ccc2F)c(C2CCOC2)n1;COc1ccc(CN(C)C(=O)Cn2nnc3ccccc32)cc1F;CCCOc1cc(F)ccc1NC(=O)c1ccc2c(c1)nnn2C;NC(=O)c1ccc(C(=O)N2CCN(C3CC3)c3ccc(F)cc32)[nH]1;O=C(C1CC(O)CN1c1ccncn1)N1Cc2cccc(F)c2C1;COC1CC(c2nnc(C)o2)N(c2ccnc3cc(F)ccc23)C1;Cc1cc(N2CC(O)CC2c2nnc(C)o2)c2cc(F)ccc2n1;Cc1cc(N2CC(O)CC2c2nnc(C)o2)c2cccc(F)c2n1
m_1813a1,Cc1cc(C)c(C#N)c(N2CCOC(C(=O)N3CCCCC3)C2)n1;Cc1ccccc1Cc1noc(C2CCN(C(=O)N(C)C)CC2)n1;CCCOc1cccc(NC(=O)NCc2cn3c(n2)CCCC3)c1;CC1CN(C)CCN1C(=O)CCCc1nnc(-c2ccccc2)o1;CCn1nc(C)c(NC(=O)C(=O)Nc2c(C)cc(C)cc2C)c1C;Cc1ccc2[nH]c(C3CCCN(C(=O)N4CCOCC4)C3)nc2c1;N#Cc1ccc(N2CCN(C(=O)COC3CCCCC3)CC2)nc1;CCCCc1noc(C(C)Nc2ccc3c(c2)CCN3C(C)=O)n1;CC1(C)CN(C(=O)NCCc2ccn(-c3ccccc3)n2)CCO1;COc1cc(CNC2CCCN(c3ncccn3)C2)cc(OC)c1;CC(C)(C)N1CCN(C(=O)Cn2c(=O)cnc3ccccc32)CC1;CCN1CCOC(CNc2nccn(C)c2=O)C1c1ccccc1;Cc1cc(C)cc(-n2nc(NC(=O)NCC3CCCO3)cc2C)c1;Cc1ccccc1CNC(=O)NC1CCCOC1c1cnn(C)c1;Cc1cccc(CNC(=O)NC2CCCOC2c2cnn(C)c2)c1;CC1CN(C(=O)NCCc2ccn(-c3ccccc3)n2)CC(C)O1;COc1cccc2c1CCC2(N)C(=O)NCc1c(C)nn(C)c1C;COCC1(C2CCC2)CN(C(=O)NCc2cnn3ccccc23)C1;Cc1ccc(-n2nc(C)cc2NC(=O)CN2CCOC(C)C2)cc1;CCc1ccc(C(C)C(=O)N2CC(OC)C(c3c[nH]nn3)C2)cc1;COc1cc(C(=O)NCCc2nnc3n2CCCCC3)ccc1C;CCc1cc(N2CCCC(O)(Cc3nc(C4CC4)no3)C2)ccn1;COc1ccc(CNC2CCN(c3nccn(C)c3=O)CC2)cc1;CN(C)C(=O)C1CCC(C2CCN(c3ccncc3C#N)CC2)O1;OC1CCN(c2ccc(-c3noc(CC4CCCC4)n3)cn2)CC1
m_5ae66f,CNC(=O)CN1CCCN(C(=O)c2cccc3c2ccn3C)CC1;CN(C)C(=O)N1CCN(C(=O)c2ccc3cc[nH]c3c2)C(C)(C)C1;CN(C)c1cc(CNC(=O)NCC(O)C2CC2)c2ccccc2n1;CCn1cc(NC(=O)NCCCN2CCCC2=O)c2ccccc21;CCc1nnc(CC2CCC(NC(=O)c3ccc(C)nc3C)C2)o1;CCc1ccnc(C(=O)NC2CCCOC2c2cnn(CC)c2)c1;CCN(CC)C(=O)N1CCN(C(=O)c2ccc3[nH]ccc3c2)CC1;CC(C)Cn1cc(C(=O)N2CCN(c3ccc(O)cc3)CC2)cn1;CCC(C)NC(=O)c1cccc(CNC(=O)CCn2cccn2)c1;Cc1noc(C2CCCN(C(=O)C(c3ccccc3)N(C)C)C2)n1;CCc1c(C(=O)N2CC(C)OC(C)(C)C2)cnn1-c1ccccn1;CCNC(=O)c1cccc(C)c1OCc1nnc(C2CCC2)n1C;COc1ccnc(N2CCN(C(=O)c3cc[nH]c3C(C)C)CC2)c1;CC(NC1CC(O)C1n1cccn1)c1ccc(C(=O)N(C)C)cc1;CC1CCN(C(C)CNC(=O)c2ccc(-c3ncon3)cc2)CC1;COc1cccc2c1CCC2(N)C(=O)NCc1ccn(C(C)C)n1;CCNC(=O)c1cccc(C)c1OCc1nnc2n1CCCCC2;COCc1n[nH]c(C2CCCCN2C(=O)Cc2ccccc2C)n1;CCc1cnccc1C(C)NC(=O)c1c[nH]nc1C1CCOCC1;COC1CC(c2ncn[nH]2)N(Cc2cccc3c2OC(C)(C)C3)C1;CC(C)OC1CCN(C(=O)Nc2nn(C)cc2-c2ccccc2)C1;CC(C)OC1CC(NC(=O)c2cnn(-c3ccccc3)n2)C1(C)C;Cc1ccoc1C(=O)N(Cc1nccn1C)C1CC12CCNCC2;CCc1cnccc1CNC(=O)C1CCCOC1c1cnn(C)c1;CCc1nnc(CC2CCC(NC(=O)c3c(C)cncc3C)C2)o1
m_70ff2a,Cc1noc(C2CCCN(C(=O)C(c3ccccc3)N(C)C)C2)n1;COc1ccnc(N2CCN(C(=O)c3cc[nH]c3C(C)C)CC2)c1;CCC(C)NC(=O)c1cccc(CNC(=O)CCn2cccn2)c1;CC(C)Cn1cc(C(=O)N2CCN(c3ccc(O)cc3)CC2)cn1;CC(NC1CC(O)C1n1cccn1)c1ccc(C(=O)N(C)C)cc1;CCNC(=O)c1cccc(C)c1OCc1nnc(C2CCC2)n1C;CCc1c(C(=O)N2CC(C)OC(C)(C)C2)cnn1-c1ccccn1;CCn1cc(NC(=O)NCCCN2CCCC2=O)c2ccccc21;CN(C)c1cc(CNC(=O)NCC(O)C2CC2)c2ccccc2n1;CNC(=O)CN1CCCN(C(=O)c2cccc3c2ccn3C)CC1;CN(C)C(=O)N1CCN(C(=O)c2ccc3cc[nH]c3c2)C(C)(C)C1;CCc1ccnc(C(=O)NC2CCCOC2c2cnn(CC)c2)c1;CCc1nnc(CC2CCC(NC(=O)c3ccc(C)nc3C)C2)o1;Cc1nn(C)c(C)c1C1OCCC1C(=O)N(C)Cc1ccncc1;CC(C)OC1CCN(C(=O)Nc2nn(C)cc2-c2ccccc2)C1;COc1ccccc1CNC(=O)C(C)N1CC(n2cc(C)cn2)C1;Cc1ccc(-n2nc(C)cc2NC(=O)CN2CCOC(C)C2)cc1;Cc1cc(C(=O)NCc2ccc(NC(N)=O)cc2)c(C)n1C(C)C;Cc1ccccc1-n1nccc1CN1CCCC(O)(CC(N)=O)C1;COc1ccccc1N1CCN(C(=O)c2c(C)nn(C)c2C)CC1;COC1CC(N(C)C(=O)c2cnc3c(cnn3C3CCCC3)c2)C1;Cc1ccoc1C(=O)N(Cc1nccn1C)C1CC12CCNCC2;CCC(C)NC(=O)c1ccc(CNC(=O)CCn2cccn2)cc1;CCc1nnc(N2CC(O)CC2c2cccc(OC)c2)nc1CC;COc1ccccc1C(C)(C)C(=O)NC1CCc2nnn(C)c2C1
m_610a9f,Cc1noc(C2CCCN(C(=O)C(c3ccccc3)N(C)C)C2)n1;COc1ccnc(N2CCN(C(=O)c3cc[nH]c3C(C)C)CC2)c1;CCC(C)NC(=O)c1cccc(CNC(=O)CCn2cccn2)c1;CC(NC1CC(O)C1n1cccn1)c1ccc(C(=O)N(C)C)cc1;CC(C)Cn1cc(C(=O)N2CCN(c3ccc(O)cc3)CC2)cn1;CCNC(=O)c1cccc(C)c1OCc1nnc(C2CCC2)n1C;CCc1c(C(=O)N2CC(C)OC(C)(C)C2)cnn1-c1ccccn1;CN(C)c1cc(CNC(=O)NCC(O)C2CC2)c2ccccc2n1;CNC(=O)CN1CCCN(C(=O)c2cccc3c2ccn3C)CC1;CN(C)C(=O)N1CCN(C(=O)c2ccc3cc[nH]c3c2)C(C)(C)C1;CCn1cc(NC(=O)NCCCN2CCCC2=O)c2ccccc21;CCc1nnc(CC2CCC(NC(=O)c3ccc(C)nc3C)C2)o1;CCc1ccnc(C(=O)NC2CCCOC2c2cnn(CC)c2)c1;CCN(CC)C(=O)N1CCN(C(=O)c2ccc3[nH]ccc3c2)CC1;Cc1nn(C)c(C)c1C1OCCC1C(=O)N(C)Cc1ccncc1;COc1ccccc1CNC(=O)C(C)N1CC(n2cc(C)cn2)C1;CC(C)OC1CCN(C(=O)Nc2nn(C)cc2-c2ccccc2)C1;Cc1ccc(-n2nc(C)cc2NC(=O)CN2CCOC(C)C2)cc1;Cc1cc(C(=O)NCc2ccc(NC(N)=O)cc2)c(C)n1C(C)C;Cc1ccccc1-n1nccc1CN1CCCC(O)(CC(N)=O)C1;COc1ccccc1N1CCN(C(=O)c2c(C)nn(C)c2C)CC1;COC1CC(N(C)C(=O)c2cnc3c(cnn3C3CCCC3)c2)C1;Cc1ccoc1C(=O)N(Cc1nccn1C)C1CC12CCNCC2;CCC(C)NC(=O)c1ccc(CNC(=O)CCn2cccn2)cc1;CCc1nnc(N2CC(O)CC2c2cccc(OC)c2)nc1CC
m_bcb981,CNC(=O)CN1CCCN(C(=O)c2cccc3c2ccn3C)CC1;CCn1cc(NC(=O)NCCCN2CCCC2=O)c2ccccc21;CN(C)C(=O)N1CCN(C(=O)c2ccc3cc[nH]c3c2)C(C)(C)C1;CN(C)c1cc(CNC(=O)NCC(O)C2CC2)c2ccccc2n1;CCN(CC)C(=O)N1CCN(C(=O)c2ccc3[nH]ccc3c2)CC1;COc1ccnc(N2CCN(C(=O)c3cc[nH]c3C(C)C)CC2)c1;CCC(C)NC(=O)c1cccc(CNC(=O)CCn2cccn2)c1;CC(NC1CC(O)C1n1cccn1)c1ccc(C(=O)N(C)C)cc1;Cc1noc(C2CCCN(C(=O)C(c3ccccc3)N(C)C)C2)n1;CCNC(=O)c1cccc(C)c1OCc1nnc(C2CCC2)n1C;CC(C)Cn1cc(C(=O)N2CCN(c3ccc(O)cc3)CC2)cn1;CCc1c(C(=O)N2CC(C)OC(C)(C)C2)cnn1-c1ccccn1;CCc1ccnc(C(=O)NC2CCCOC2c2cnn(CC)c2)c1;CCc1nnc(CC2CCC(NC(=O)c3ccc(C)nc3C)C2)o1;Cc1nn(C)c(C)c1C1OCCC1C(=O)N(C)Cc1ccncc1;COc1ccccc1CNC(=O)C(C)N1CC(n2cc(C)cn2)C1;CC(C)OC1CCN(C(=O)Nc2nn(C)cc2-c2ccccc2)C1;Cc1ccc(-n2nc(C)cc2NC(=O)CN2CCOC(C)C2)cc1;Cc1cc(C(=O)NCc2ccc(NC(N)=O)cc2)c(C)n1C(C)C;Cc1ccccc1-n1nccc1CN1CCCC(O)(CC(N)=O)C1;COc1ccccc1N1CCN(C(=O)c2c(C)nn(C)c2C)CC1;COC1CC(N(C)C(=O)c2cnc3c(cnn3C3CCCC3)c2)C1;Cc1ccoc1C(=O)N(Cc1nccn1C)C1CC12CCNCC2;CCC(C)NC(=O)c1ccc(CNC(=O)CCn2cccn2)cc1;CCc1nnc(N2CC(O)CC2c2cccc(OC)c2)nc1CC
m_82f2e2,O=C(CCN1CCC2OCCCC2C1)N1CCc2ccccc2C1;O=C(COc1cccc2c1CCCC2)NC1CCN(C2CC2)CC1;CN(C)C(=O)C1CCN(C(=O)c2cccc(C3CCCC3)c2)CC1;O=C(NC1COCC1C1CC1)c1cccc(CN2CCCCC2)c1;CC(CC(=O)N(C)c1ccccc1)NC1C2CCOC2C12CCC2;CC(=O)N1CCCC(C(=O)N2CCc3c(cccc3C(C)C)C2)C1;CN1CCC(O)(CNC(=O)C2CC23CCCc2ccccc23)CC1;O=C(NC1CCCC1N1CCC(O)C1)c1cccc2c1CCCC2;O=C(Nc1ccc(NC(=O)C2CCCCC2)cc1)C1CCCCC1;CCN(CC)C(=O)CCC(=O)N1CC2(CCC2)C1c1ccccc1;CCC(=O)NC1CCCN(C(=O)CC2CCCc3ccccc32)C1;O=C(NC1C=CCCC1)C1CC=CCC1C(=O)NC1C=CCCC1;NCC(C(=O)N1CC(c2ccccc2)C2CCCC21)C1CCOC1;O=C(NC1CC1)C(O)C1CCN(C2CCCc3ccccc32)CC1;CCn1cc(CC(=O)NCC(C)(O)C2CCCC2)c2ccccc21;O=C(NC1CC12CCOCC2)N1CCC(Cc2ccccc2)CC1;CC1CCN(C(=O)c2ccc(C(=O)N3CCC(C)CC3)cc2)CC1;O=C1CCCCN1CCCNC1CC2(CCC2)Oc2ccccc21;CC(C)(C#N)c1ccccc1CN1CCOCC1C1CCCC1O;Cc1ccc(C(=O)NC2CCCC2N2CCC(O)C2)c2c1CCC2;CC(=O)N1CCCC(C(=O)N2CCCC2c2ccc(C)c(C)c2)C1;O=C(O)CCCC1CCCC(NCCc2ccc3[nH]ccc3c2)C1;Cc1ccc(CN2CC(C(=O)NC3CCCCCC3)CC2=O)cc1;O=C(NC1CCCC1N1CCC(O)C1)c1cccc(C2CCC2)c1;O=C(CN1CCOC2CCCCC21)NC1CCCc2ccccc21
m_6d3dc0,CC(C)C(=O)OCC1OC(n2ccc(NO)nc2=O)C(O)C1O;CC(C)C(=O)Nc1nc(CC(=O)N2CC(F)CC2CO)cs1;CC(NC(=O)C1CCN(S(N)(=O)=O)CC1)c1cccc(F)c1;CN(C)S(=O)(=O)c1cccc(CN2CC(F)CC2C(N)=O)c1;Cc1cccc(Cc2sc(NC(=O)C3CCC(=O)N3)nc2C)c1;Cc1ccc(Cc2sc(NC(=O)C3CCC(=O)N3)nc2C)cc1;Cc1cc(-c2ncccc2NC(=O)NC2C=CC(CO)C2)cs1;NC(=O)c1cccc(CNC(=O)c2scnc2C2CCCC2)c1;Cc1c(-c2ccccc2)[nH]c(SC2CCCCNC2=O)nc1=O;CCc1nc(CCNC(=O)Cc2noc3ccccc23)sc1C;CC(C)c1nc(CCNC(=O)Cc2noc3ccccc23)cs1;CC1CN(C(=O)c2csc(Cc3ccccc3)n2)CC1C(N)=O;O=C(c1ccn(-c2ccccc2)n1)N1CCSC2COCCC21;CC(=O)NCc1ccc(C(=O)N(c2nc(C)cs2)C2CC2)cc1;CC(C)(C)c1csc(CNC(=O)COc2ccccc2C#N)n1;CC(c1cccc(S(N)(=O)=O)c1)N(C)Cc1ccccc1C#N;COCC(Nc1ncnc2scc(C)c12)c1cccc(OC)c1;CC(=O)NCc1ccc(C(=O)NC2CCc3ncsc3C2)cc1;C=C(C)CN(CC)C(=O)c1sccc1NC(=O)c1ccncc1;O=C(NCc1nc2ccccc2s1)C1CCCN1C(=O)C1CC1;CCc1nc(C)c(C(=O)N2Cc3ccccc3CC2C(N)=O)s1;O=C(c1ccccc1OCC1CCCO1)N1CC(C(F)(F)F)C1;COc1cc(Cl)c(F)c(C(=O)N(C)CCC2CCOCC2)c1;CCOC(=O)C1CCCN(C(=O)c2cccc(C(F)(F)F)c2)C1;CN(C)CCN(Cc1cccc(O)c1)C(=O)c1cc(C#N)cs1
m_347e26,CN(C)CCCC1c2ccccc2-c2ccccc2CS1(=O)=O;O=C(NCC(O)C1CCCCC1)c1ccc(-c2ccsc2)cc1;O=S1(=O)CCC(CN2CCCC2c2cccc3ccccc23)C1;COc1cccc(C(=O)NC2CC(OC(C)C)C2)c1OC(F)F;CS(=O)(=O)Cc1ccccc1NCCC1CC1c1ccccc1;CCOCC1CCN(Cc2ccc(CO)c3c2OC(F)(F)O3)C1;CC(Oc1ccccc1)C(=O)NCC1(c2ccsc2)CCCC1;CN1CCN(c2nccc3[nH]c(-c4ccc(F)c(F)c4)nc23)CC1;CCC(C)C(=O)Nc1cccc(C[S+]([O-])Cc2ccccc2)c1;O=C(CCc1ccccc1)N(Cc1cccs1)C1CCOCC1;COc1cccc(CNC(=O)C2(c3cccs3)CCCCC2)c1;Cc1cc(N2CCCC2c2nncn2C)c2ccc(F)c(F)c2n1;Cc1ccc(C(=O)NCC2(c3ccccc3C)CCOCC2)s1;Cc1ccccc1C1CC(NCc2ccc(S(C)(=O)=O)cc2)C1;Cc1ccccc1C1(CNC(=O)c2sccc2C)CCOCC1;Cc1ccc(C2CCCN2C(=O)CCCc2ccc(O)cc2)s1;COc1cccc(CCNC(=O)C2(c3cccs3)CCCC2)c1;COc1ccc(C2CCCCN(C(=O)Cc3ccsc3)C2)cc1;CS(=O)(=O)c1ccc(CNC2CCc3ccccc3CC2)cc1;O=C(NC(CO)C(O)C1CCCCC1)c1ccc(O)c(F)c1F;CC(C(=O)NCC1(O)CCSCC1)c1ccc2ccccc2c1;CCOCCCNC(=O)C(Sc1ccccc1)c1ccccc1;Cc1cc(C(=O)NCC2CCC(CO)O2)cc(C)c1OC(F)F;Cc1cccc(C[S+]([O-])CC(=O)NCCc2ccccc2C)c1;Cc1ccccc1CCNC(=O)C[S+]([O-])Cc1ccccc1C
m_2e265c,CC(=O)Nc1ccc(CCNC(=O)Nc2cnn(C(C)C)c2)cc1;Cc1cc(C(=O)NCc2cnn(C)n2)ccc1NC(=O)CC(C)C;CCCN(CC(=O)Nc1ccccc1C)C(=O)CCn1cncn1;Cc1ccc(C(=O)NCC2CC(c3nncn3C)CC2O)c(C)n1;CCc1cncc(C(=O)NCC2CC(c3nncn3C)CC2O)c1;O=C(c1c[nH]nc1C1CCOCC1)N1CCCC(c2ncc[nH]2)C1;COCc1n[nH]c(C2CN(C(=O)c3cccn3C)CC2C2CC2)n1;CN(C)c1ccnc(C(=O)NC2CCOC(c3cncn3C)C2)c1;CC(C)Oc1cccc(C(=O)N2CCCC(Cn3ccnn3)C2)n1;O=C1CC(C(=O)N2CCN(c3ncccn3)CC2)CN1CC1CC1;CNC(=O)C1CC(=O)N(C2CN(c3cc(C)nc(C4CC4)n3)C2)C1;O=C(c1cccn1C1CCCC1)N1CCC(O)(Cn2ccnn2)C1;Cc1cc2nccc(NC(=O)N3CC(CC4CCOCC4)C3)n2n1;Cc1ccc(O)c(CNCC2CCC(c3nc(C4CC4)n[nH]3)O2)n1;CCOc1ncccc1C(=O)N1CCC(c2nncn2CC)CC1;CCCC1CN(C(=O)NCc2cn(-c3ccccc3)nn2)CCO1;Cc1n[nH]c(C)c1C1CCCN1C(=O)c1nn2c(c1C)OCCC2;Cc1ccccc1CNC(=O)CN1CCOC(c2nncn2C)C1;Cc1ccnc(-n2nc(C)cc2NC(=O)N2CC(C)CC(O)C2)c1;COc1ccc(CN2CCCC2CNC(=O)c2cnn(C)c2)cn1;CCc1cc(NC(=O)C2CCOC2c2nccn2CC)nc(C)n1;COC1CC(CNCc2cc(C3CC3)no2)N(c2ccncn2)C1;Cc1nn(C)cc1C(=O)N1CCC(Oc2cccnc2N(C)C)C1;CCN1CCN(C(=O)c2cc(C)nc(O)c2)CC1c1nccn1C;CC1CCCCC1N(C)C(=O)CCc1nc(-c2ncccn2)no1
m_273696,CS(=O)(=O)N1CCCCC1C(=O)NCc1ccc(C(=O)O)o1;COC(=O)c1cc(S(=O)(=O)N2CCC(C(N)=O)CC2)c(C)o1;Cc1oc(CNC(=O)C2CCCN2S(C)(=O)=O)cc1C(=O)O;CC(COC1CCOC1)NS(=O)(=O)c1ccc(C(=O)O)nc1;COC(C)(C(=O)O)C(=O)NCc1ccccc1NS(C)(=O)=O;COCC1(C(=O)O)CCCN1S(=O)(=O)c1cncc(OC)c1;CC(C)(CC(=O)O)CC(=O)Nc1cc(S(N)(=O)=O)ccc1O;Cc1cc(=O)c(OCC(=O)N2CCN(S(C)(=O)=O)CC2)co1;COc1ccc(Cl)cc1C(=O)NC(C)c1nnc2ccccn12;Cc1noc2ncnc(NC3CCCOc4c(Cl)cccc43)c12;O=C(Nc1ccncc1)NC1CCN(c2ccccc2Cl)C1=O;Cc1c(Cl)ccc2c(CC(=O)N3CCn4cnnc4C3)coc12;Cn1c(=O)c2c(nc(C=Cc3cccc(Cl)c3)n2C)n(C)c1=O;CCc1ncc(NC(=O)C(=O)N2CCc3cc(Cl)ccc32)cn1;NC(=O)c1ccc(NC(=O)N2CCc3cc(Cl)ccc3C2)cn1;O=C(CCC(NCc1ccco1)C(=O)O)NC(CS)C(=O)O;CN(C(=O)c1nccnc1C(=O)Nc1ccc(Cl)cc1)C1CC1;CCCn1nccc1NC(=O)c1cc(-c2cccc(Cl)c2)no1;COc1ccc(S(=O)(=O)NC(C)(C)CC(=O)O)cc1C(N)=O;Cn1cc(CNC(=O)Cc2coc(-c3ccc(Cl)cc3)n2)cn1;O=C(Nc1cccnc1)NC1CC(=O)N(c2ccc(Cl)cc2)C1;Cc1c(Cl)cnc(N2CCN(C(=O)c3ccco3)CC2)c1C#N;CCn1nnc2cc(C(=O)Nc3ccc(OC)c(Cl)c3)ccc21;CNC(=O)C1CCCCN1S(=O)(=O)c1ccc(C(=O)OC)o1;O=C(c1cc2cc(Cl)ccc2[nH]1)N1CCCCC1c1ncon1
m_6f127a,COC(=O)NCc1ccc(NC(=O)CCc2cccc(F)c2)cc1;CC(=O)Nc1ccc(F)c(C(=O)NCC(O)Cc2ccccc2)c1;COC(C)c1cccc(NC(=O)c2cc(NC(C)=O)ccc2F)c1;COc1cc(=O)n2c(c1C(=O)NCc1ccc(F)cc1)CCCC2;O=C(c1coc(CC2CC2)n1)N1CC(O)CC1c1ccc(F)cc1;O=C(c1coc(C2CCC2)n1)N1CC(O)CC1c1ccc(F)cc1;O=C(c1c(O)cccc1F)N(Cc1ccncc1)CC1CCCO1;Cc1ccc(F)c2oc(C(=O)N3CCC(N4CCCC4=O)C3)cc12;CC(C(=O)NCc1ccc(F)cc1)N1C(=O)C2CC=CCC2C1=O;COc1ccc(-c2cncc(C(=O)N3CC(F)CC3CO)c2)cc1;Cc1nc(C2CC2)oc1C(=O)Nc1ccc(F)cc1OCC1CC1;Cc1cnccc1OC1CCN(C(=O)c2c(O)cccc2F)CC1;COc1cccc(CC(=O)N2CC(O)CC2c2cccc(F)c2)n1;COc1cccnc1CC(=O)NC1CCCOc2cc(F)ccc21;COc1cc(C(=O)N2CC(O)CC2c2cccc(F)c2)cc(C)n1;COc1ccc(C(=O)N2CCC(Oc3ccc(C)cn3)C2)cc1F;CCOc1ccc(C=Cc2ncc(C(=O)O)c(C(C)C)n2)cc1F;O=C(NCC(CO)Cc1cccnc1)C1Cc2cc(F)ccc2O1;COc1ccc(C(NC(=O)Cn2cc(F)ccc2=O)C2CC2)cc1;Cc1cc(=O)[nH]cc1C(=O)N1CCC(Oc2ccccc2F)CC1;Cc1occc1C(=O)NCC(=O)NC1(c2ccc(F)cc2)CCC1;Cc1cnccc1OC1CCN(C(=O)c2cccc(F)c2O)CC1;CC(C)CN(Cc1ccccc1F)C(=O)c1cc(C(=O)O)ccn1;Cc1cccc(OC2CCN(C(=O)c3c(O)cccc3F)CC2)n1;CC(=O)NCc1ccc(C2CCCN2C(=O)c2ccccc2F)o1
m_c933b7,CC1CN(CC(F)(F)F)CCN(c2nc(=O)c3cn[nH]c3[nH]2)C1;COC1CC(CN(C)S(=O)(=O)c2cc(C)cc(F)c2)N(C)C1;CC(C)C(CNS(=O)(=O)c1cccc(F)c1)N1CCOCC1;COC(C)CS(=O)(=O)N1CCC(Nc2ccccc2F)CC1;CNS(=O)(=O)c1ccc(NCC2(C)CCCCC2O)c(F)c1;CCN(CC)S(=O)(=O)CC(=O)NC(C)(C)c1cccc(F)c1;COc1ccc(C(C)NCC2CCCN2S(C)(=O)=O)c(F)c1;CC(COc1ccc(F)cc1)NC1CCN(S(C)(=O)=O)CC1;CC(Cc1ccccc1F)NC(=O)N(C)C(C)CS(C)(=O)=O;CC(C)N(CCCNC(=O)Cc1ccc(F)cc1)S(C)(=O)=O;CC(C)Nc1cc(F)ccc1NC(=O)CS(=O)(=O)C(C)(C)C;COc1ccc(S(=O)(=O)N(C)C2CCCN(C)C2)c(C)c1F;Cn1ncnc1CN1CCCCC1c1nnc(CC(F)(F)F)o1;COC1CN(Cc2cc(C(F)(F)F)nn2C)CC1c1c[nH]nn1;CCCc1cc(NC(=O)Nc2ccn(CC(F)(F)F)n2)n(C)n1;CCc1nn(C)cc1NC(=O)NCc1cc(C(F)(F)F)nn1C;CCN(CC(=O)NC(C)(C)C)S(=O)(=O)Cc1cccc(F)c1;COc1ccc(S(=O)(=O)NC2CCC(N(C)C)C2)c(C)c1F;Cc1c(F)cccc1S(=O)(=O)N1CCN(CC(C)O)CC1C;COC1CC(CN(C)S(=O)(=O)c2cccc(C)c2F)N(C)C1;CCC(CO)N1CCN(S(=O)(=O)Cc2cccc(F)c2)CC1;CCC(C)C(C(=O)Nc1cc(C(N)=O)sc1C)c1ccccc1;Cc1cc(C)c2c(c1)N(Cc1ccccc1S(N)(=O)=O)CCC2;Cc1nc(-c2cccc(CNC(=O)CCC3CCCO3)c2)cs1;COCCC1(C(=O)NCc2cnc(-c3ccccc3)s2)CCC1
m_83e861,Cc1cc(C(=O)CN2CCCCC2)c(C)n1-c1ccc(Cl)cc1;CCOc1ccccc1CN1CCN(c2ccc(Cl)cc2)CC1;Clc1cccc(C(Cc2cccnc2)NCC2CCOCC2)c1;Cn1ncc(NC(=O)N2CCOC(C3CCCO3)C2)c1C(F)F;CC(CCc1ccccc1)NC(=O)N(C)Cc1ccc(Cl)cc1;CN1C(=O)CCC(C(=O)NCC(F)(F)CO)C1c1nccn1C;CN(C)Cc1ccc(CNC(=O)CCc2ccc(Cl)cc2)cc1;Cc1c(C(C)NC(=O)CCCn2cncn2)oc2ccc(F)cc12;CNC(=O)Cc1ccc(NC2CCN(c3nccs3)CC2)cc1;Cc1noc(C)c1CNC(=O)NCCc1c[nH]c2cc(F)ccc12;CCc1cnc(OC2CCN(C(=O)c3cncc(F)c3)CC2)nc1;O=C(c1cccc(F)c1)N1CCN(Cc2nc(C3CC3)no2)CC1;CC(=O)N1CCCC1C(=O)Nc1cc(C)n(-c2cccc(F)c2)n1;CC1(Cn2cc(C(=O)N3CCC3c3ccccc3F)nn2)COC1;CCc1ncnc(OC2CCN(C(=O)c3cccnc3C)C2)c1F;Cc1cc(NC(=O)CCCOc2cccc(F)c2)n(CCC#N)n1;Cc1cc(NC(=O)CCCOc2ccccc2F)n(CCC#N)n1;Cn1c(CNC(=O)C2Cc3cccc(F)c3O2)nnc1C1CCC1;Cc1csc(C2CCCN(CC(=O)NCc3cccnc3)C2)n1;Cc1ccc(CCNC(=O)NC(c2ncc(C)s2)C2CC2)cn1;Cc1cc(N2CCOC(c3nc(C)cs3)C2)nc(C2CCC2)n1;O=C(c1c(O)cccc1F)N1CCC(c2nncn2C2CC2)CC1;O=C(CNC(=O)c1ccc(F)cc1)NCc1cc2n(n1)CCCC2;NC(=O)C1CC(F)CN1C(=O)CCc1cnn(-c2ccccc2)c1;Cc1cc(C(=O)NC2CC(=O)N(C)C2c2ccc(F)cc2)n(C)n1
m_1700bc,Cc1nc(C2CCCCN2Cc2nnnn2CC(F)(F)F)n[nH]1;Cc1ncc(C(=O)NCCN2CCN(c3ccccc3)CC2)s1;Cc1nc(-c2ncccn2)sc1C(=O)N(C)CC1CCCCC1;Cc1cc(C(F)(F)F)ccc1CNC(=O)NC1CCC(O)CC1;Cc1csc(C2(NC(=O)C3CCc4[nH]cnc4C3)CCCC2)n1;CC(NC(=O)NC1CCC(O)CC1)c1ccc(C(F)(F)F)cc1;Cc1csc(C2CCCN(CC(=O)NCc3cccnc3)C2)n1;CCC1CCCCC1NC(=O)c1sc(-c2ncccn2)nc1C;Cc1cscc1NC(=O)NCC1CCN(C)C1c1cccnc1;c1ccc(-n2c(CN3CCCC3)nnc2SC2CCOC2)cc1;Cc1ccc(CC2CCCN(C(=O)CSc3nnc[nH]3)C2)cc1;Cc1ccnc(Nc2nc(C)c(C(=O)N3CCC(C)CC3)s2)c1;Cn1ccnc1CN(C(=O)c1cccs1)C1CC12CCNCC2;Cn1nnc2c1CC(C(=O)N1CCC(c3ccsc3)CC1)CC2;CN(C(=O)NCc1cn(C)nc1-c1ccccc1)C1CCSC1;Cc1cc(N2CCC(N(C)C(=O)c3cccs3)CC2)nc(C)n1;CC1CCCN1C(=O)Nc1nnc(C(C)(C)c2ccccc2)s1;Cc1nc(C)n(C2CCCN(C(=O)c3sccc3C3CC3)C2)n1;CCc1ccsc1C(=O)N1CCC(N(C)Cc2ncccn2)C1;Cc1cnc(C2CCN(C(=O)c3cc4n(n3)CCCC4)CC2)s1;O=C(CCNCC(O)C(O)CO)NC(Cc1cnc[nH]1)C(=O)O;Cc1ccc(CCNC(=O)C2(c3c(F)cccc3F)CCC2)cn1;Cc1nnc(SCCC(=O)NC2CCCCc3ccccc32)[nH]1;CCc1nc(C)c(C(C)N(C)C(=O)c2cnc(C3CC3)nc2)s1;CC(C(=O)N1Cc2ccccc2OCC1C)N(C)CC(F)(F)F
m_57f31b,COc1ccc(NC(=O)CC2CCC(C(F)(F)F)CC2)c(C)n1;CC(=O)N1CCC(Nc2ccc(C)cc2OCC(F)(F)F)CC1;COc1ccccc1CC1CCCN1C(=O)CNCC(F)(F)F;CCOc1ccc(NC(=O)CN2CCC(C(F)(F)F)CC2)cc1;CC1CC(N)CCN1C(=O)CCc1ccc(OC(F)(F)F)cc1;CC(Cc1ccccc1C(F)(F)F)NC(=O)N1CCCC1CO;CN(C)C(=O)CCNC(=O)C(C)(C)c1cccc(C(F)(F)F)c1;CC(C)(CNC(=O)C(C)(C)c1cccc(C(F)(F)F)c1)C(N)=O;CC1(C)CN(CC(F)(F)F)CCN1C(=O)Cc1cccc(O)c1;CC(Cc1ccccc1C(F)(F)F)NC(=O)NC1CCCOC1;CC(C)(O)C(=O)NC1CCN(c2cccc(C(F)(F)F)c2)CC1;O=C(NC(Cc1ccccc1)C(F)(F)F)N1CCCCC1CO;COc1ccccc1CCC(=O)N1CC(N)CCC1C(F)(F)F;COCC1(C(=O)N(C)Cc2ccccc2C(F)(F)F)CCCN1;CC(=O)NC(C(=O)NCCc1ccc(C(F)(F)F)cc1)C(C)C;CNC1CCN(C(=O)C(C)Oc2ccccc2C(F)(F)F)CC1;CC(C)(O)CN1CCN(C(=O)c2ccc(C(F)(F)F)cc2)CC1;Cc1cc(C(F)(F)F)ccc1CNC(=O)NCC1CCOCC1;CC(C)Oc1ccc(CNC(=O)C2CCNC2)c(C(F)(F)F)c1;CC(NC(=O)NCC1CCOCC1)c1ccc(C(F)(F)F)cc1;CC(NC(=O)NC1CCC(O)CC1)c1ccc(C(F)(F)F)cc1;COCCN1CCN(C(=O)c2ccccc2C(F)(F)F)CC1C;NC(=O)CC1(O)CCCN(CCc2cccc(C(F)(F)F)c2)C1;CN1CCCC(O)(CC(=O)NCc2ccc(C(F)(F)F)cc2)C1;CCCC(NC(=O)C1CNCCO1)c1cccc(C(F)(F)F)c1
m_18f297,CN(C)C(CNCc1ccc2c(c1)OCCO2)c1cccc(F)c1;O=C(NCC1(c2ccc(F)cc2)CC1)C1CCCN1C(=O)C1CC1;NC(=O)C1CCOC1CC1CCN(C(=O)C2CC(F)(F)C2)CC1;COc1ccc(F)cc1CN(C)CC(=O)Nc1cccc(C)c1C;NC(=O)C1CCC(C2CCN(C(=O)CC3CC(F)(F)C3)CC2)O1;COCC(NC(=O)C1CCN(CC(F)F)CC1)c1ccc(C)o1;Cc1noc(C)c1CCC(=O)NCC1(c2ccc(F)cc2)CCC1;CC(F)(F)C1(C(=O)N2CCC(C3CCC(C(N)=O)O3)CC2)CC1;O=C(NC(c1ccc(F)cc1)C1CC1)N1CC2C3CCC(O3)C2C1;CCCC1(CO)CCN(C(=O)c2c[nH]cc2-c2ccc(F)cc2)C1;Cc1ccc(F)cc1CN1CCC(NC(=O)c2ccoc2C)CC1;Cc1cc(C=Cc2nnc(C3CCOC3C(C)(C)C)o2)ccc1F;Cc1cc(C(=O)N(Cc2ccco2)C2CCN(C)CC2)ccc1F;O=C1CC(C(=O)N2CCCC3CCCCC32)c2ccc(F)cc2N1;OC1CCN(c2ccccc2NCCOc2cccc(F)c2)CC1;Cc1ccc(F)cc1C(=O)N(Cc1ccco1)C1CCN(C)CC1;CC(=Cc1nnc(C2CCOC2C(C)(C)C)o1)c1ccccc1F;O=C(CCCn1cccc1)NCC1CCOC1c1ccc(F)cc1;COc1ccc(CC(=O)NC(CN(C)C)c2ccccc2)cc1F;CCN(CC)S(=O)(=O)c1c(C)nn(CC(=O)NC(C)C)c1C;Cc1c(CNC(=O)C2CC2C2CCNCC2)oc2ccc(F)cc12;CCCNC(=O)Cn1nc(C)c(S(=O)(=O)N(CC)CC)c1C;CC1CCN(Cc2csc(CCc3ccccc3)n2)CC1CO;O=C(Cc1ccccc1F)N1CCN(C(=O)CC2C=CCC2)CC1;CCCCCc1c(C)[nH]c(SCc2cc(C)ccc2C)nc1=O
m_156305,COc1ncccc1CCNC(=O)C1Cn2c(C)nnc2CN1C;COC1CC(c2nc(C)n[nH]2)N(C(=O)c2cnn(C3CCC3)c2)C1;Cn1ccc(N2CCCC(n3cc(CC4(O)CCC4)nn3)C2=O)n1;CN(C)c1nc(O)cc(C2CCN(C(=O)Cc3ccn(C)n3)C2)n1;Cc1c(C(=O)N2CCOCC2CC2CC2)nnn1-c1cnn(C)c1;CCn1c(C2CC(OC)CN2Cc2cc(C#N)n(C)c2)n[nH]c1=O;Cc1c(C2C(C(=O)N(C)Cc3ncc[nH]3)CC(=O)N2C)cnn1C;CCOc1ccnc(N2CCN(C(=O)c3cn[nH]c3CC)CC2)n1;Cc1c(C2C(C(=O)N(C)Cc3cc[nH]n3)CC(=O)N2C)cnn1C;Cn1cc(OC2CN(c3cc(NCC4CC4)ncn3)CC2O)cn1;O=C(c1cnn2c1CCCC2)N1CCCC(O)(Cn2ccnn2)C1;CC(C)c1nc(C2CCCCCN2C(=O)c2nccnc2N)no1;Cc1nn(C)cc1C(=O)NCC1CCC(c2nc(C3CC3)n[nH]2)O1;Cc1c(C(=O)NCC2CCC(c3nc(C4CC4)n[nH]3)O2)cnn1C;COC1CC(c2nc(C)n[nH]2)N(C(=O)c2cnn3c2CCCC3)C1;CNC(=O)NC(=O)CCCN1CCN(c2cc(C#N)ccn2)CC1;Cc1ccn(CC(=O)N2CCC(c3cc(O)nc(N(C)C)n3)C2)n1;Cc1cnn(CC(=O)N2CCC(c3cc(O)nc(N(C)C)n3)C2)c1;CCc1nc(C2CCCN(C(=O)c3ccc(N(C)C)nn3)C2)no1;Cn1nnc2c(C(=O)N3CCCC3CN3CCOCC3)ccnc21;C1CC1c1nc(CN2CCN(Cc3noc(C4CC4)n3)CC2)no1;CC(C)C(NC(N)=O)C(=O)NCc1ccccc1Cn1cncn1;CCn1ccnc(N2CCC(Nc3nccc(OC)n3)CC2)c1=O;CN1C(=O)CCC(NC(=O)CCn2cccn2)C1c1nccn1C;Cc1cnn(C)c1C(=O)NCC1CCC(c2nc(C3CC3)n[nH]2)O1
m_e6b2c8,CC(NC1CC(C)(C)CC1C)C(=O)NCC1CCS(=O)(=O)C1;CC(C)C(C(=O)NCC1CCCCS1(=O)=O)N1CCCCC1;CC1(C)CCN(C(=O)NCCS(=O)(=O)C2CC2)CC(C)(C)C1;CCC(CC)(CNC(=O)N1CC2CCCCC2C1)S(C)(=O)=O;COCC1(S(=O)(=O)NCC2CCCN2C2CCCCC2)CC1;CCC(=O)N1CCCN(S(=O)(=O)CC2CCCC(C)C2)CC1;CC(C)C1CCC(CNC(=O)N2CCC(S(C)(=O)=O)C2)CC1;CC(C)C1CCN(C(=O)NCCS(=O)(=O)CC2CCC2)CC1;CCc1ncnc(NC2CCN(c3cc(C)nc(C)n3)CC2)c1F;CCCCC(C(=O)NC1CCCC(C)C1)N1CCCS1(=O)=O;CC1CCCCC1CNC(=O)NC1CCCC(S(C)(=O)=O)C1;CCC1CCCCC1NC(=O)NC1CCC(S(C)(=O)=O)CC1;CC1CCC(NS(=O)(=O)CC(=O)N2CCCC(C)CC2)CC1;CCC1(CC)CCC(NC(=O)N2CCC(S(C)(=O)=O)C2)CC1;CC(=O)N(CC1CCCN1S(=O)(=O)CCC(C)(C)C)C1CC1;CC1CC(C)CN(C(=O)CN(C)C2CCCC2S(C)(=O)=O)C1;CC1CCC(NC(=O)NC2CCC(S(C)(=O)=O)CC2)CC1C;O=C(CS(=O)(=O)C1CCCC1)NCCNC1CCCCCC1;CCCS(=O)(=O)N1CCC(C(=O)NC2CCCCC2C)CC1;CN(C)CCN(C(=O)CS(=O)(=O)C1CCCC1)C1CCCC1;CC[S+]([O-])C1CCCCC1NC(=O)NCCC1CCCCO1;CS(=O)(=O)N1CCCCC1C(=O)NCC1CCCCCCC1;CC(CCC1CCCCC1)NC(=O)NCC1CCS(=O)(=O)C1;CC(c1nnnn1C1CC1)N1CCN(Cc2cccc(F)c2)CC1;Fc1ccc(CN2CCCN(Cc3nnnn3C3CC3)CC2)cc1
m_ec5045,Cn1ccnc1C1C(C(=O)O)CC(=O)N1CCc1ccccc1F;Cc1cc(NC(=O)C2CCN(C(=O)c3ccccc3F)CC2)no1;CC1OCCN(C(=O)c2ccc(F)cc2)C1c1nc(C2CC2)no1;COCc1ncc2c(n1)CCN(Cc1ccc(C(=O)O)cc1F)C2;Cc1nnc(C2CN(C(=O)C3CC3c3ccc(F)cc3)CCO2)o1;Cc1cnc(C(=O)Nc2cc(F)ccc2OCC2CCCO2)cn1;Cc1oc(-c2ccccc2F)nc1C(=O)NC1C(=O)NCCC1C;Cc1nocc1C(=O)N1CCC(NC(=O)c2ccc(F)cc2)CC1;Cc1cc(C(=O)N2CCC(c3cc(=O)[nH]c(=O)[nH]3)C2)cc(C)c1F;CC1CCc2n[nH]c(C(=O)NC(C(=O)O)c3ccc(F)cc3)c2C1;O=C(c1c(O)cccc1F)N1CCCC(c2noc(C3CC3)n2)C1;Cc1nn(C)c(C)c1C(=O)N1CCc2c(F)ccc(C(=O)O)c2C1;O=C(Cc1ccon1)N1CCCN(C(=O)c2ccc(F)cc2)CC1;CN(C(=O)c1ccc(CN)o1)C1CCN(c2ccccc2F)C1=O;NC(=O)C1CCC(c2nc(C3(c4ccc(F)cc4)CCC3)no2)O1;Cc1nnc(C2CN(C(=O)C3CC3c3ccccc3F)CCO2)o1;CCOc1ccc(CNC(=O)c2cc(=O)[nH]c(C3CC3)n2)cc1F;COc1ncccc1NC(=O)N1CCOC(c2ccc(F)cc2)C1;CC(=O)N1CCOC2CCN(C(=O)c3ccc(F)c(C#N)c3)CC21;Cc1oc(-c2ccccc2F)nc1C(=O)N1CCCNC(=O)C1C;COc1ccc(NC(=O)N2CCOC(c3ccc(F)cc3)C2)cn1;CC1CC(C(=O)O)CCN1C(=O)c1ccn(-c2ccc(F)cc2)n1;O=C(NCC1CCOC1c1nc(C2CC2)no1)c1ccccc1F;Cc1cc2c(F)c(OCc3nnc(C4CCCOC4)o3)ccc2[nH]1;COC(=O)CCNC(=O)c1nn(-c2ccc(F)cc2)c2c1CCC2
m_27df2d,Cc1cscc1-c1noc(C2CN(C(=O)C3CCCCC3)C2)n1;Cc1c[nH]c(=O)n1-c1cccc(NC(=O)CC2CCSCC2)c1;Cc1csc2ncnc(NC3CC4(CCC(C(=O)O)CC4)C3)c12;Cc1nc(C2CCCN(C(=O)Cn3ccccc3=O)C2)sc1C;Cc1ccc(C(C)C)c(OCC(=O)Nc2nnc(C3CC3)s2)c1;O=S(=O)(c1ccc2c(c1)CCC2)N1CCC(c2ncc[nH]2)CC1;CC(=O)Nc1ccc(C(C)C(=O)Nc2ncc(C(C)C)s2)cc1;COC(=O)c1cnc2c(CN3CCSCC3C3CC3)cccn12;CCc1cc(N2CCC(S(=O)(=O)c3ccccc3)CC2)ncn1;COc1ccsc1C(=O)N(Cc1cccnc1)CC1CCNC1;Oc1ccc(-c2nnc(NC3CCOC4(CCCC4)C3)s2)cc1;CN(C)S(=O)(=O)c1ccc2c(c1)N(Cc1ccccn1)CCC2;c1ccc(Cc2nnc(N3CCOC(C4CCCO4)C3)s2)cc1;CC(Sc1ncc(-c2ccccc2)n1CC1CCCO1)C(N)=O;O=S(=O)(c1cccc(CNc2ccccn2)c1)N1CCCCC1;CNC(=O)C(CC(C)C)NC(=O)c1ccc(-c2cscn2)cc1;Cc1cccc(CNC(=O)N2CC(C)OC(c3ccsc3)C2)n1;O=C(Nc1nc(Cc2ccccc2)cs1)NC1CCC(O)CC1;N#Cc1cc(S(N)(=O)=O)ccc1N1CCCC2(CC=CCC2)C1;Cc1ccc(C)c(S(=O)(=O)N2CCn3nc4c(c3C2)CCC4)c1;CS(=O)(=O)N1CCN(CCc2ccccn2)Cc2ccccc21;O=S(=O)(Cc1cccc2cccnc12)N1CCN2CCCC2C1;CCc1cnc(CNC(=O)NC2COc3c(C)cccc3C2)s1;Cc1nn(-c2ccccc2)cc1C(=O)N1CC(C)[S+]([O-])C(C)C1;Cc1cc(CNC(=O)C(c2ccccc2)N2CCSCC2)no1
m_478c2e,CN(C)C(=O)CC1(O)CCCN(c2ccc(C(F)(F)F)nn2)C1;CC(C)CC1COCCN1C(=O)Nc1ccc(C(F)(F)F)nn1;COc1cc(NC(=O)N2CCC(C(F)(F)F)C(C)(C)C2)ncn1;CCC1(Cn2cc(C(=O)N3CCCC3C(F)(F)F)nn2)COC1;COCCC(=O)N1CCC(Nc2ccc(C(F)(F)F)nn2)CC1;CC(C)(C)c1cc(C(=O)N2CC(C(N)=O)C(C(F)(F)F)C2)[nH]n1;CC(=O)NC1CCC(C(F)(F)F)N(C(=O)c2cc(C)nn2C)C1;CC(=O)N1CCCC(NC(=O)c2cc(C(F)(F)F)n(C)n2)CC1;CN(C)C(=O)c1ccc(N2CC(C(F)(F)F)OC(C)(C)C2)nn1;CC(C)(C)C1CN(C(=O)Nc2ccc(C(F)(F)F)nn2)CCO1;CC(C)COc1cncc(N2CC(C(N)=O)C(C(F)(F)F)C2)n1;COC1CN(C(=O)C2(C(F)(F)F)CCC2)CC1c1cn(C)nn1;O=C(c1nc[nH]c1C(F)(F)F)N1CCN(C2CCOCC2)CC1;COc1ccnc(N2CCN(C(=O)CNCC(F)(F)F)CC2)c1;CC(=O)N1CCC(C)(C(=O)Nc2c(C)c(C(F)(F)F)nn2C)C1;Cc1ccn(C)c(=O)c1NC(=O)N1CCN(CC(F)(F)F)CC1;CCn1cc(C(=O)NC2CCC(C(F)(F)F)N(C(C)=O)C2)cn1;CC(C)CN1CCN(C(=O)c2cc(C(F)(F)F)n(C)n2)CC1=O;CC(C)c1cc(C(=O)N2CC(C(N)=O)C(C(F)(F)F)C2)nn1C;CC(C)C(NC(=O)N1CCc2c(ncn(C)c2=O)C1)C(F)(F)F;Cc1c(C(F)(F)F)n[nH]c1C(=O)N1CCCC(CC(N)=O)CC1;CN(CC(N)=O)CC1CN(c2cccc(C(F)(F)F)n2)CCO1;CCOc1cncc(N2CCCC(C(=O)NCC(F)(F)F)C2)n1;O=C(NC1CCc2[nH]ncc2C1)N1CCC(O)(C(F)(F)F)CC1;CC(C)(C)n1ncc(C(=O)N2CCC(C(N)=O)C2)c1C(F)(F)F
m_e8359d,O=C(NC(c1cccnc1)c1cc2ccccc2o1)C1C2CCCC21;O=C(CC1C=CCC1)NC(c1cccnc1)c1cc2ccccc2o1;COCc1nc2ccccc2n1CCOc1cccc2ccccc12;Cc1ccc(C(=O)N(C)C(c2ccccc2)c2ccccc2)c(=O)[nH]1;COc1ccc(C(=O)Nc2cc(C)cc(C)c2)cc1-c1ccccn1;Cn1cc(C(=O)NCC(c2ccccc2)c2ccccc2)ccc1=O;CC(=O)Nc1cccc2ccc3c(c12)CN(Cc1ccccc1)CO3;COc1ccc(C)cc1NC(=O)c1cccc(-c2ccccn2)c1C;CC(=NCc1ccccc1)c1c(O)c2cccc3c2n(c1=O)CCC3;Cc1ccc(NC(=O)COC(c2ccccc2)c2ccccc2)nc1;Cc1ccnc(NC(=O)COC(c2ccccc2)c2ccccc2)c1;N#Cc1ccccc1-c1ccccc1C(=O)N1CCC(O)(C2CC2)C1;N#Cc1ccccc1-c1ccccc1C(=O)N1CC(C2CCOC2)C1;N#Cc1ccccc1-c1ccccc1C(=O)N1C2CCC1CC(O)C2;Cc1cccc(NC(=O)COC(c2ccccc2)c2ccccc2)n1;O=C(O)C1CCC(C(=O)N2CCc3ccc(F)cc3C2)N1C1CC1;COc1cccc(C(C)NC(=O)c2ccc(-c3ccncc3)cc2)c1;CC(Oc1cccc(F)c1)C(=O)N1CCOCC1c1cccn1C;CN(Cc1ccco1)C(=O)CN1CC(O)CC1c1cccc(F)c1;Cn1cc(CCC(=O)N2CCC(C(F)C(=O)O)C2)c2ccccc21;CCNC(=O)CC1CCCCN1C(=O)c1ccc(F)c2occc12;CC(c1ccc(F)cc1)N(C)C(=O)CCCNC(=O)c1ccco1;COC(=O)C1(CNCc2cc(F)cc3cccnc23)CCOCC1;CCc1noc(C)c1C(=O)NC1(c2cccc(F)c2)CCOCC1;O=C(O)CCC1CCCCN1C(=O)Cc1c[nH]c2cc(F)ccc12
m_fd4556,CN(C)C(=O)c1ccc(CNC(=O)NC2CCCCNC2=O)cc1;COC1CC(c2nc(C)c(C)[nH]2)N(C(=O)c2cc(C(C)C)on2)C1;CCn1cc(C2OCCCC2C(=O)N2CC(=O)N(C3CC3)C2)cn1;NC(=O)C1CN(C(=O)NC2CCCN(c3ccccc3)C2)CCO1;Cc1noc(C)c1CCNC(=O)C1CCCOC1c1cnn(C)c1;CC(C)Oc1ccc(C(=O)N2CCCC(N3CCNC3=O)C2)cn1;CCCc1[nH]ccc1C(=O)NC1COCC1Oc1cnn(CC)c1;CN1CCC(=O)Nc2cc(C(=O)NCCN3CCOCC3)ccc21;COc1ccc(C(=O)NC2CCN(C3CCN(C)C3=O)CC2)cn1;CC1OCCCC1C(=O)N1CCN(c2ccc(C(N)=O)cn2)CC1;COCCN(CCN(C)C)C(=O)c1coc(-c2ccnc(C)c2)n1;Cn1cc(C2OCCCC2C(=O)N2CC(=O)N(CC3CC3)C2)cn1;CN(C)c1ccncc1C(=O)NC1CCN(C2CCOCC2)C1=O;CN(CC(=O)Nc1cc(C(N)=O)cc(C(N)=O)c1)C1CCCCC1;CCc1cnccc1C(=O)N1CCC2C(C1)NC(=O)N2CCOC;COc1ccc(C(=O)N2CCN(C(=O)N3CCCCC3)CC2)cn1;CC1OCCCC1C(=O)N1CCN(c2ncccc2C(N)=O)CC1;CC(=O)N(C)c1ccc(NC(=O)NC2CCCC3OCCC23)cn1;O=C(NC1CCCCC1)N1CCN(C(=O)c2ccc(O)nc2)CC1;COCC(NC(=O)N1CCC(c2c[nH]cn2)CC1)c1ccc(C)o1;O=C(CCN1C(=O)CCC1=O)Nc1cc(CC2CCCCC2)n[nH]1;CCOC1CC(Nc2c(C#N)c(=O)n(C)c(=O)n2C)C12CCCC2;CCC(NC(=O)N(C)C(C)Cc1ccc(O)cc1)c1noc(C)n1;COC(=O)c1c(C)[nH]c(C(=O)NCc2nccn2CC(C)C)c1C;O=C(NC1CCC(O)CC1)N1CCN(C(=O)c2ccccn2)CC1
m_436a8d,CNCC1CCCN(C(=O)c2conc2-c2ccc(Cl)cc2)C1;CCn1ncc(Cl)c1C(=O)N(Cc1ccc(OC)cc1)C1CC1;O=C(Cc1ncc[nH]1)NCC1(c2ccccc2Cl)CCOCC1;Cc1nc(CC2CCCN(C(=O)c3cccc(Cl)c3C)C2)no1;CC(NC(=O)c1cc(Cl)cn1C)C(=O)NCCc1ccccc1;Cn1cncc1C(=O)NCC1(c2ccccc2Cl)CCOCC1;Cc1cc(Cl)cc2c1N(C(=O)COCc1ccnn1C)CCC2;Cc1c(C(=O)N2CCC(Oc3ccccc3Cl)CC2)cnn1C;CC(N)C1CCCN(C(=O)c2conc2-c2ccc(Cl)cc2)C1;CC(C)Oc1cccc(C(=O)NCc2cnc3n2CCC3)c1Cl;Cc1c(C(=O)NCC2CCCOC2)cnn1-c1cccc(Cl)c1;CC(N)C1CCCN(C(=O)c2ncoc2-c2ccccc2Cl)C1;CCc1nc2ccc(Cl)cn2c1C(=O)NC1CC12CCOCC2;Cc1c(Cl)c(C(=O)NCC2CCC(c3ccccc3)O2)nn1C;O=C(c1n[nH]c2ccc(Cl)cc12)N1CCC(OC2CCC2)CC1;Cc1cc(C(=O)N2CCCC2(C)CO)nn1-c1ccccc1Cl;Cc1noc(CCNC(=O)C2(c3cccc(Cl)c3)CC(C)C2)n1;COCC(NC(=O)c1cn(C)nc1-c1ccccc1Cl)C1CC1;CC(C)C1C(=O)NCCN1Cc1ncc(-c2cccc(Cl)c2)o1;N#Cc1cc(Cl)ccc1N1CCC(C2CCC(C(N)=O)O2)CC1;Cc1c(C(=O)NC2(C)CCOCC2)cnn1-c1ccccc1Cl;Cc1noc(CCNC(=O)C2(c3cccc(Cl)c3)CCCC2)n1;Cc1n[nH]c(C)c1CC(=O)N1CCOC(c2ccccc2Cl)C1;Clc1cc(CNCC2CCCn3ccnc32)cc2c1OCCO2;CCc1cc(C(=O)N2CCC(Oc3ccccc3Cl)C2)n(C)n1
m_77b2b0,COc1ccc2c(c1)CCCN2C(=O)c1ccc(-n2cccn2)cc1;Cc1cccc(C(=O)Nc2ccc(C(=O)n3nc(C)cc3C)cc2)c1;Cc1cc(C(=O)OC2(Cc3ccccc3)CC2)ccc1-n1cncn1;Cc1ccc(C#N)cc1NC(=O)CN1C(=O)CCCc2ccccc21;CCn1cc(C(=O)Nc2ccccc2C(=O)c2ccccc2)c(C)n1;CN1CC(C(=O)N(C)Cc2cccc(C#N)c2)c2ccccc2C1=O;Cc1ccc(NC(=O)c2cc(C)n(C)n2)c(C(=O)c2ccccc2)c1;O=C(c1n[nH]c(=O)c2ccccc12)N1CCCCCc2ccccc21;O=C(Cc1n[nH]c(=O)c2ccccc12)Nc1cccc2c1CCCC2;O=C(c1coc(-c2ccccc2)n1)N(c1ccccn1)C1CCCC1;Cc1cccc2c(=O)n(CC(=O)N3CCc4ccccc4C3)cnc12;O=C(Cc1nc2ccc(-c3ccccc3)cc2c(=O)[nH]1)N1CCCC1;CC1Cc2ccccc2N(C(=O)Cc2n[nH]c(=O)c3ccccc23)C1;CC(NC(=O)Cn1cnc(-c2ccccc2)cc1=O)c1ccccc1;COc1ccc(-c2nn(-c3ccccc3)cc2C(=O)N2CCC2)cc1;Cc1cc(NC(=O)N2Cc3ccccc3C(c3ccccc3)C2)no1;Cc1cnn(-c2ccccc2)c1NC(=O)C1CCOc2ccccc21;O=C(c1c[nH]nc1-c1ccccc1)N1CCOC(c2ccccc2)C1;Cc1ocnc1C(=O)N1CCN(Cc2ccccc2)c2ccccc21;Cc1cccc(C(NC(=O)c2cc(C3CC3)on2)c2ccccn2)c1;O=C(c1cccc(-n2nccc2-c2ccccc2)c1)N1CCOCC1;Cc1cc(C(=O)Nc2ccccc2CN2CCc3ccccc32)on1;N#Cc1ccccc1OCCN1CCC2(C1)C(=O)Nc1ccccc12;CCN(C(=O)c1ccc(C#N)cc1)C1CCN(c2ccccc2)C1=O;O=C(c1ccccc1-n1cccn1)N1CCOC(c2ccccc2)C1
m_0a8bf5,COc1cccc(CNC2CCN(c3nccs3)CC2)c1OC;Cc1sc(NC(=O)c2ccco2)c(CN2CCN(C)CC2)c1C;Cc1cc(C(=O)NC2CCCC2(C)CO)c(C)n1-c1nccs1;COc1ccc(CCC(C)NC(=O)NCc2nc(C)cs2)cc1;COC(=O)C(c1ccc(F)cc1)N1CCC(c2nc(C)no2)CC1;CCOC(=O)C1=C(C)NC(SC)=NC1c1ccc(N(C)C)cc1;CCOc1nc(C)ccc1C(=O)NCCc1nc(CC)c(C)s1;COc1ccc(-c2cnc(SCCNC(=O)C(C)(C)C)[nH]2)cc1;Cc1cccc2c1CC(C)(C)N(S(=O)(=O)c1cn(C)c(C)n1)C2;Cc1nc(CN(C)C(=O)NC(C)COc2ccccc2C)cs1;Cc1nn(C(C)C)cc1CN1CCS(=O)(=O)c2ccccc2C1;CC1CN(CC(=O)Nc2sc3c(c2C#N)CCCC3)CC(C)O1;COc1ccc(-c2nc(CNCC3CN(C)CCO3)cs2)cc1;COC1CC(CO)N(C(=O)c2cnn(-c3ccccc3F)c2C)C1;Cc1ccc2c(c1)SC(C(=O)N1CCCN(CC(N)=O)CC1)C2;COCc1ccc(C2CCCN2C(=O)NCc2ncccc2F)o1;COc1ccc(CCCNC(=O)NCc2nc(C)c(C)s2)cc1;Cc1cc(C#N)nc(N2CCN(Cc3nccn3C(F)F)CC2)n1;Cc1ccc(C)c(C(NC(=O)c2ccc(F)cc2)c2ccccc2)c1;Cc1nn(C)c(C)c1C(C)C(=O)NC(C(=O)O)c1ccccc1F;CCC1CN(C(=O)CCc2nc(-c3ccc(F)cc3)no2)CCO1;CNC(=O)C1CC(=O)N(C2CN(C(=O)Cc3ccc(F)cc3)C2)C1;Cc1nc(S(=O)(=O)N2CC(C)(C)CC2c2ccccc2)cn1C;CC1(C)C(=O)NC(=O)N1CC(=O)N1CCC(c2ccc(F)cc2)C1;CC(Cc1cccs1)C(=O)NC1CCOC(c2cncn2C)C1
m_59b1bd,O=C(O)C1CCCN(C(=O)c2cccc(OCC3CCCO3)c2)C1;COc1cc(C)c(C(=O)N2CC3CCCC3(C(=O)O)C2)cc1OC;CC1(C(=O)O)CCN(C(=O)c2cccc(OCC3CCCO3)c2)C1;CC(OCC1CCCO1)C(=O)N1CCc2ccccc2C1C(=O)O;CC1(C)CC(NC(=O)C2=CC(O)C(O)C(O)C2)c2ccccc2O1;COc1cc(C2(C(=O)N3CCOC(CC(=O)O)C3)CC2)ccc1C;O=C(O)CC1CN(C(=O)c2cccc(OC3CCCC3)c2)CCO1;COc1ccc(C2(CNC(=O)C3CC3C(=O)O)CCOCC2)cc1;CCc1cc(=O)oc2c(CNC(C(=O)O)C(C)CC)c(O)ccc12;COCC1CC(OC)CN1C(=O)Cc1coc2cc(OC)ccc12;CCc1cccc2c1OCCC2NC(=O)C1=CC(O)C(O)C(O)C1;CC1CN(C(=O)CCc2ccc(C(=O)O)cc2)CC2(CCOC2)O1;O=C(O)C1COCCN1C(=O)c1cccc(OC2CCCCC2)c1;Cc1ccccc1C1CN(C(=O)C2=CC(O)C(O)C(O)C2)CCO1;O=C(O)CCN(CC1CCCO1)C(=O)c1ccc2c(c1)CCOC2;O=C(O)C1CN(C(=O)C(OC2CCCC2)c2ccccc2)CCO1;COc1cccc(C2(C(=O)N3CCOC(C(=O)O)C3)CCCC2)c1;O=C(O)CC1(CC(=O)Nc2cccc3c2OCCO3)CCCCC1;O=C(O)CCN(C(=O)C1CCOc2ccccc21)C1CCOCC1;COc1cccc(CNC(=O)C2CC2C(=O)O)c1OC1CCCC1;COc1cc(CCNCc2cc(OC)c(O)c(OC)c2)ccc1O;COCc1ccc(C2CCCN2C(C)c2cc(C)c(C(=O)O)o2)o1;O=C(COCCc1ccccc1)N1CC2COCCC2(C(=O)O)C1;COc1cccc(CN(CC2CCCO2)C(=O)C2CC2C(=O)O)c1;COc1ccccc1OCCC(=O)N1CC2CCCC2(C(=O)O)C1
m_402004,Cc1noc(C2C(C)OCCN2Cc2nc(C3CCCC3)no2)n1;Cc1c(CCC(=O)NC2COCC2Oc2cnn(C)c2)cnn1C;O=C(CN1CCCCCC1=O)NC1CCN(c2ncc[nH]c2=O)C1;CCCn1cc(C(=O)N2CCOCC2c2nnc(C(C)C)o2)cn1;CCn1nc(C(=O)N(C)Cc2nc(C)no2)c2c1C(C)OC(C)C2;CCN1CCN(C(=O)c2cc(COC)on2)CC1c1nccn1C;Cc1noc(CC2(O)CCCN(c3cc(OC(C)C)ncn3)C2)n1;CCn1nc(C)c(CC(=O)NC2COCC2Oc2cn[nH]c2)c1C;CCCC(OC)C(=O)N1CC(C)(c2nnc(-c3cn(C)cn3)o2)C1;CCC(C)(OC)C(=O)N1CC(C)(c2nnc(-c3cn(C)cn3)o2)C1;CN1CCC(CCO)(NC(=O)c2cc(-c3ccn(C)n3)on2)CC1;COCc1nc(C)cc(N2CCCC(O)(Cc3nc(C)no3)C2)n1;COCc1cc(N2CC(N3CC(C(=O)N(C)C)CC3=O)C2)ncn1;CCc1nc(C)c(C(=O)NCc2nc(CN3CCCCC3)no2)o1;CNC(=O)C1CC(=O)N(C2CN(c3nccc(OC(C)C)n3)C2)C1;Cc1conc1C(=O)NC1CCCCC1Cc1nn(C)c(=O)n1C;COc1ccnc(N2CCN(C(=O)C3CCN(C)C(=O)C3)CC2)n1;CC(=O)N1CC(C(=O)N2CCOC(c3ccnc(N(C)C)n3)C2)C1;Cc1noc(COC2CN(C(=O)CC(C)c3c(C)n[nH]c3C)C2)n1;COC(C(=O)N1CC(C)(c2nnc(-c3cn(C)cn3)o2)C1)C(C)C;Cc1nc(C2(NCc3cc(=O)n(C)c(=O)n3C)CCCCC2)no1;COc1cncc(C(=O)NC2CCN(C3CCN(C)C3=O)CC2)n1;COCc1n[nH]c(C2CN(Cc3cc(OC)no3)CC2C2CC2)n1;CCC(C)C(NC(N)=O)C(=O)Nc1ccc(NC(=O)C2CC2)nc1;CC1=NNC(=O)C1CCNC(=O)c1nn(C)c2c1CC(C)OC2C
m_48bfe1,Cc1nccc(N2CCN(C(=O)c3cccc(F)c3Cl)CC2)n1;CC(NC(=O)N1CCc2nccnc2C1)c1ccc(F)cc1Cl;O=C(c1ncncc1Cl)N1CCC(Nc2ccc(F)cc2)CC1;COC(=O)c1cc(S(=O)(=O)N2c3ccccc3CC2C)cn1C;CCc1c(C(=O)Nn2c(O)c3c(c2O)C2CCC3O2)csc1C;O=C(Nc1ccncc1F)N1CCN(c2cccc(Cl)c2)CC1;CCOc1ncccc1C(=O)Nc1sc(C)c(C)c1C(=O)OC;COc1ccc(OC(C)C)c(NC(=O)c2cc(C(N)=O)cs2)c1;Cc1ccc(S(=O)(=O)NC(Cc2ccncc2)C(=O)O)c(C)c1;COc1cc(C(=O)Nc2ccc(NS(C)(=O)=O)cc2)ccc1C;CN1C(=O)CC(CNc2ncc(Cl)cc2F)C1c1ccncc1;COc1cc(C(=O)NN=Cc2ccsc2C)cc(OC)c1OC;CC(C)Oc1ccc(C(=O)NS(=O)(=O)c2ccc(N)cc2)cc1;CCc1nc2c(s1)C(N(C)C(=O)c1cc(C(=O)O)co1)CCC2;O=C(O)CCN(C(=O)c1cccc2scnc12)C1CCOCC1;CCc1ccc(S(=O)(=O)NCCc2ccccn2)cc1C(=O)O;COc1ccc2cc(C(=O)NC3CCS(=O)(=O)C3)c(C)nc2c1;COc1cc(OC)c(OC)cc1C=NNC(=O)Cc1cccs1;Cc1nc(-c2ccco2)ccc1C(=O)N1CCC(S(C)(=O)=O)C1;CC1CN(C(=O)c2cccc3ccc(O)nc23)CCS(=O)(=O)C1;Cc1oc(-c2cccs2)nc1CC(=O)N1CCCCC1C(=O)O;Cc1csc(=O)n1CCC(=O)NCc1ccc2c(c1)OCCO2;COC(=O)c1cccc(S(=O)(=O)NCc2ccc(C)nc2)c1C;Cc1occc1C(=O)Nc1cccc2c1CCN(S(C)(=O)=O)C2;CCc1cccc(S(=O)(=O)NC(Cc2ccncc2)C(=O)O)c1
m_e58af8,CC(NC(=O)N(CC(F)F)C1CC1)c1ccc(OC(F)F)cc1;CC(C(=O)NCC(F)(F)F)N1CCOC(c2cccc(F)c2)C1;CC(O)CN1CCN(C(=O)c2ccc(F)c(C(F)(F)F)c2)CC1;Cn1nccc1CNC(=O)NC1CCN(c2ncccc2Cl)C1;O=C(NCC(F)(F)F)N(Cc1cccc(F)c1)CC1CCCO1;CC(NC(=O)N1CCC(O)(C(F)F)CC1)c1ccc(F)cc1F;CN(C)C(=O)CC1CN(Cc2nnnn2C)c2ccc(Cl)cc21;CN1C(=O)CCC(CNc2ncc(Cl)cn2)C1c1nccn1C;Cn1cncc1C1CN(C(=O)c2[nH]nc(C3CC3)c2Cl)CC1N;CC(C)c1ncc(Cl)c(C(=O)N2CCCC2Cn2ccnn2)n1;Cn1ccnc1CNC(=O)NC1CCN(c2ncccc2Cl)C1;CCn1ncc(Cl)c1C(=O)NCC1CCCN1c1cccnn1;Cn1ncc(N2CCC(c3nncn3C3CC3)CC2)c(Cl)c1=O;CCn1ncc(Cl)c1C(=O)NC1CCCN(c2cccnn2)C1;CN(c1ncc(Cl)cn1)C1CCN(c2nccn(C)c2=O)CC1;Cn1cnc(CNC(=O)N2CCN(c3ccccc3Cl)CC2)n1;Cn1nnc(CNC(=O)N2CCC(c3cccc(Cl)c3)CC2)n1;CC(C)CC(C)(NC(=O)c1cc(C(F)(F)F)ccc1F)C(N)=O;CC(NC(=O)C(C)(C)C)C(=O)Nc1cc(C(F)(F)F)ccc1F;CC(=O)N1CCC(Nc2cc(F)ccc2OCC(F)(F)F)CC1;COc1ccc(F)cc1CNC(=O)N1CCCC(C(F)(F)F)C1;Cc1c(F)cc(C(=O)NCC(F)(F)F)cc1NC(=O)C(C)(C)C;O=C(Cc1cccc(OC(F)F)c1)N1CCN(CC(F)F)CC1;O=C1Cc2ccc(CC(=O)N3CC4(CC4)Oc4ccccc43)cc2N1;O=C(NCc1cccc(C(F)(F)F)c1)N1CCc2ccccc2C1
m_dbd1b2,CC1CCC(NC(=O)C2CC(=O)N(c3ccc(Cl)cc3)C2)CC1;CCc1ccc(Cl)c(CC)c1NC(=O)C1CC(=O)N(C2CC2)C1;O=C(Cc1ccc(O)cc1Cl)N1CC2CN3CCCCC3C2C1;CCOC1(C)CCN(C(=O)Cc2c[nH]c3cc(Cl)ccc23)CC1;CC(=O)N1CCC2CN(C(=O)c3ccc(C)cc3Cl)CC2CC1;Cc1ccc(N2CC(C(=O)NC3CCCCC3)CC2=O)cc1Cl;O=C(C1CCCN1C1CCOCC1)N1CCc2ccc(Cl)cc21;CC(=O)NC(CC1CCC1)C(=O)NC1CC1c1cccc(Cl)c1;CC(=O)N1CCCC(C(=O)N2CC(Cc3ccccc3Cl)C2)C1;CC(=O)N(C)C1CCN(C(=O)C2CC2c2cccc(Cl)c2)CC1;O=C(NCCC(=O)N1CCCCC1)C1CC1c1cccc(Cl)c1;CN1CCC2OCCN(C(=O)C3CC3c3cccc(Cl)c3)C2C1;CC1(CCCO)CCCN1Cc1cc(-c2ccc(Cl)cc2)no1;CCC1(CO)CCCN(C(=O)c2c(C)[nH]c3ccc(Cl)cc23)C1;Cc1ccc(Cl)c(NC(=O)C2CN(C(=O)C3CCCCC3)C2)c1;CCC(CC)C1CC(NC(=O)c2ccc(C#N)c(Cl)c2)CCO1;CN(C)C(=O)C1CCN(C(=O)C2(Cc3cccc(Cl)c3)CC2)C1;CC1(C(=O)N2CCC(c3cccc(Cl)c3)CC2)CCC(=O)NC1;CCCC(=O)N1CCCC1C(=O)NC1CC1c1ccccc1Cl;COCC1CCCN(C(=O)CCn2ccc3cc(Cl)ccc32)C1;O=C(C1CC=CCC1)N1CCC(COc2ccncc2Cl)CC1;O=C1CCC(C(=O)NC2CCCC(c3cccc(Cl)c3)C2)CN1;O=C1CCC(C(=O)NCC2(c3ccc(Cl)cc3)CCCCC2)N1;Cc1nc(CNC(=O)NCC2CCOC2c2ccc(F)cc2)no1;COc1ccc(C(=O)N2CCCC(O)(Cn3ccnn3)C2)c(F)c1
m_abbd02,Cc1cc(Cn2nnc(C(=O)NC(C)(C(N)=O)C(C)C)c2C)on1;CC(C)CN1CCC(NC(=O)C2CSc3ccccc3O2)CC1;CC(=O)N1CCCN(C(=O)C(Sc2ccccc2)C(C)C)CC1;Cc1cc(C(C)NC(=O)NCC23CC2COC32CCC2)c(C)s1;NC(=O)CC1CCN(C(=O)C2(c3cccs3)CCCCC2)CC1;CN(C)c1nccnc1OC1CCCN(C(=O)N2CCNC2=O)C1;O=S(=O)(C1CC1)N1CCC(NC2CC(c3ccccc3)C2)CC1;CCN1CCOC(CNC(=O)c2nonc2C)C1c1nccn1C;CC(Oc1ccccc1)C(=O)N1CCCN(C2CCSC2)CC1;Cc1nc(SC(C)C(=O)NC23CC4CC(CC(C4)C2)C3)oc1C;CNC(=O)CCCC(=O)N1CCCCCC1C=Cc1cccs1;COC1CC(c2ncn[nH]2)N(C(=O)COc2c(C)nn(C)c2C)C1;CCOc1cc(N2CC(OC)CC2c2n[nH]c(=O)n2CC)ncn1;O=C(Cn1c2c(sc1=O)CCCCC2)N(C1CCCC1)C1CC1;Cc1ccccc1C(C)CC(=O)NC(C)C(=O)N1CCSCC1;CC(C1CC1)N(C(=O)Cn1c2c(sc1=O)CCCCC2)C1CC1;O=C(NCC1(Cc2ccccc2)CCCC1)NC1CC[S+]([O-])C1;CCn1cc(C2OCCCC2NC(=O)Cn2ncn(C)c2=O)cn1;Cc1cccc(C2(CNC(=O)CSCC(N)=O)CCCCC2)c1;CSC1(CNC(=O)N2CCCC2c2ccccc2)CCOCC1;Cc1ccc(C(=O)N2CCSCC2)cc1NCCC1CCCO1;CCc1cc(NC(=O)N2CC(OC)CC2c2nc(C)no2)n(C)n1;CCN1CCOC(CNC(=O)c2nonc2C)C1c1ccnn1C;CCCC(NC(=O)Cc1ccccc1)C(=O)N1CCCSCC1;CCn1c(C2CC(OC)CN2C(=O)c2cn(C)nc2C)n[nH]c1=O
m_0ea8a3,CN(CC1CC(F)CN1Cc1nccn1C)C(=O)C1CC=CCC1;CCN1CCC(NCc2ccc(-n3cnc4ccccc43)cc2)CC1;CCn1c(CN2CCN(CC(C)O)C(C)C2)nc2cc(F)ccc21;CN(CC1CC(F)CN1Cc1ccnn1C)C(=O)C1CC1C1CC1;CC(C(=O)N1CCCCCC1)N1CCN(c2ncccc2F)CC1;CCn1c(CN2CCN(Cc3ccccc3)CC2)nc2ccccc21;CN1CCC(CNC(=O)c2ccncc2F)(N2CCCCC2)CC1;c1ccc(CN2CC3CN(c4ncnc5c4CCCC5)CC3C2)cc1;CC(NC(c1ccccc1)C1CCCCC1)c1nnc2ccccn12;CCN1CCN(c2ccc(C(=O)N3CCC(N)CC3)cc2F)CC1;O=C(NCCCN1CCCC1)C1CCN(c2ncccc2F)CC1;CC1CN(c2ccccc2F)CCN1C(=O)NC1CCN(C)CC1;CN1CCCC(NC(=O)NCC2CCN(c3ccc(F)cc3)C2)C1;CCN1CCN(c2ccc(C(=O)N3CCC(CN)C3)cc2F)CC1;CC(NC1CCN(c2ccc(C#N)cn2)CC1)C(C)c1ccccc1;CC=C(C)C(=O)OC1CC(C)=CC(=O)C2(C)CCC(O)(C(C)C)C12;CC1CCC2(C)C(CC(O)C(O)C23CO3)C1(C)CCc1ccoc1;CCCCCCOC(=O)c1ccccc1C(=O)OCCCCCC;CC12CC34CC(O)C5C(CO)(CO)CC(=O)CC5(C)C3CC1C2C4;CC1=CC2C(CCC(C)(O)CC3C(=O)C(C)C(O)C3C1=O)C2(C)C;CCCCCC=CC=C1C(=O)CC(O)C1CC=CCCCC(=O)O;CC1C2=CC(=O)OC2(O)CC2C1CCC1C(C)(C)CCC(O)C21C;CC(CO)CCCC(C)C1CCC(C)c2c(O)cc(C(=O)O)cc21;COc1oc(CC=C(C)CCCC(C)=CC(C)O)c(C)c(=O)c1C;C=C1CCC2C(C)(C)CCCC2(C)C1CC=C(CO)C(=O)C(=O)O
m_d01f54,COc1ccc(Br)c(C(=O)NCCCC(C)(F)F)c1;CC(Sc1cc(C#N)ccn1)C(=O)Nc1cc(Cl)ccc1F;Cc1cccn2c(=O)nc(SCc3c(F)cccc3Cl)nc12;CN(CC(=O)Nc1ccc(Cl)c(Cl)c1)c1nccnc1C#N;CC(C)n1cnc(S(=O)(=O)Nc2cc(F)c(F)cc2Cl)c1;Cc1nn(S(=O)(=O)N2CCC(C)CC2)c(C)c1Br;CN(CC1CC(F)CN1Cc1nccn1C)C(=O)C1CC=CCC1;CN(CC1CC(F)CN1Cc1nccn1C)C(=O)C1CC=CCC1;CN(CC1CC(F)CN1Cc1nccn1C)C(=O)C1CC=CCC1;CN(CC1CC(F)CN1Cc1nccn1C)C(=O)C1CC=CCC1;CN(CC1CC(F)CN1Cc1nccn1C)C(=O)C1CC=CCC1;CN(CC1CC(F)CN1Cc1nccn1C)C(=O)C1CC=CCC1;CN(CC1CC(F)CN1Cc1nccn1C)C(=O)C1CC=CCC1;CN(CC1CC(F)CN1Cc1nccn1C)C(=O)C1CC=CCC1;CN(CC1CC(F)CN1Cc1nccn1C)C(=O)C1CC=CCC1;CN(CC1CC(F)CN1Cc1nccn1C)C(=O)C1CC=CCC1;CN(CC1CC(F)CN1Cc1nccn1C)C(=O)C1CC=CCC1;CN(CC1CC(F)CN1Cc1nccn1C)C(=O)C1CC=CCC1;CN(CC1CC(F)CN1Cc1nccn1C)C(=O)C1CC=CCC1;CN(CC1CC(F)CN1Cc1nccn1C)C(=O)C1CC=CCC1;CN(CC1CC(F)CN1Cc1nccn1C)C(=O)C1CC=CCC1;CN(CC1CC(F)CN1Cc1nccn1C)C(=O)C1CC=CCC1;CN(CC1CC(F)CN1Cc1nccn1C)C(=O)C1CC=CCC1;CN(CC1CC(F)CN1Cc1nccn1C)C(=O)C1CC=CCC1;CN(CC1CC(F)CN1Cc1nccn1C)C(=O)C1CC=CCC1
m_3a5731,CCCCC(=O)Nc1ccc(-c2cc3ccccc3oc2=O)c(C)c1;O=C(O)C1CN(C(=O)c2cccc3c2CCC3)CC1c1ccccc1;CCc1nc(CN2CCCN(C(=O)Cn3cnnn3)CC2)cs1;O=C(O)C1CN(C(=O)c2ccc3c(c2)CCC3)CC1c1ccccc1;O=C(c1ccc2c(c1)CCC2)N1CCC(C(=O)O)(c2ccccc2)C1;Cc1cccc2cc(C(=O)N3CCC(CO)(c4ccccc4)C3)oc12;CCN(Cc1ccc(OCc2ccccc2)cc1)C(=O)c1ccco1;Cc1nc(C)n(CC2CCCCN2CC(=O)Nc2nncs2)n1;O=C(O)C1CCN(C(=O)Cc2ccc3c(c2)CCC3)c2ccccc21;CC1CCCCC1NC(=O)c1cc2c(ccc3ccccc32)oc1=O;CN(Cc1ccc(C(=O)O)cc1)C(=O)C1CC12CCc1ccccc12;CC(C)c1nnc(NC(=O)NCc2nnc3n2CCCCC3)s1;CCCc1nnc(NC(=O)NCc2nnc3n2CCCCC3)s1;O=C(O)Cc1cccc(C(=O)N(C2CC2)C2CCc3ccccc32)c1;O=c1c(-c2ccccc2)coc2c(CN3CCCCC3)c(O)ccc12;O=C(O)CCN(Cc1ccccc1)C(=O)C1C2Cc3ccccc3C21;CCc1ccc(-c2ccc(C(=O)Nc3cc(CO)ccc3C)o2)cc1;O=C(CC1(C(=O)O)Cc2ccccc2C1)Nc1ccc2c(c1)CCC2;O=C(C1c2ccccc2Oc2ccccc21)N1CCC2(CCC2O)C1;Cc1ccc(O)c(C(CC(=O)NCc2ccco2)c2ccccc2)c1;Cc1ccc(C)c(C(=O)N2CCC3(CC(=O)c4ccccc4O3)C2)c1;O=C(O)c1ccc(CC(=O)N(C2CC2)C2CCc3ccccc32)cc1;COc1cc2ccccc2cc1C(=O)N(CCO)Cc1ccccc1;Cc1ccc(CC(=O)N(Cc2ccc(O)cc2)Cc2ccco2)cc1;COc1cccc(CC(=O)N(Cc2ccccc2)Cc2ccco2)c1
m_3dc915,CC(C)C1CN(C)CCN1C(=O)Cc1nnc(C2CCOCC2)[nH]1;CC(C)(C)n1cc(NC(=O)N2CCC(CN3CCOCC3)C2)cn1;CN1CCN(C(=O)CCN2CC(CO)C(c3cnn(C)c3)C2)CC1;Cc1noc(CN2CCN(CCC(=O)NC3CCCCC3)CC2)n1;O=C(CCN1CCC(O)(Cn2ccnn2)C1)NCC1CCCCC1;COCCn1ccc(NC(=O)NC2CCN(C3CCCC3)CC2)n1;CCNC(=O)N1CCC(NC2CCCOC2c2cnn(C)c2)CC1;CCN(CC(=O)NC(C)C)c1cc(N2CCCC(CO)C2)ncn1;CCC(NC(=O)N1CCCN(C(C)=O)CC1)c1c(C)nn(C)c1C;COCCN1CCC(CNC(=O)N2CCCCC2c2cn[nH]c2)C1;CN(CCN1CCOC(C)(C)C1)C(=O)C1CCc2nnn(C)c2C1;CCC(C)NC(=O)CN1CCN(Cc2cnc3n2CCOC3)CC1;CCN(CC)C(=O)Nc1cc(NC(=O)N(CC)CC)c(C)nc1C;CC(C)C(=O)NC1CCN(C(=O)C(c2cncn2C)N(C)C)CC1;CN(C)C(CNC(=O)CN1CCCCCCC1=O)c1cnn(C)c1;CC(C)CNC(=O)N1CCCC(C(=O)N(C)CCn2cccn2)C1;CCN(C(=O)CN1CCOC(c2nncn2C)C1)C1CCCCC1;CC(c1nnnn1C1CCCCC1)N1CCOC(C2CCCO2)C1;CNC(=O)C1CCN(C(=O)NCC(C)Cn2nc(C)cc2C)CC1;CC(C)COC(=O)N1CCN(Cc2nnc(C3CCC3)n2C)CC1;CC(=O)N1CCC(NC(=O)NCC(C)Cn2nc(C)cc2C)CC1;COC1CCC(NC(=O)N2CCCN(Cc3cnn(C)c3)CC2)C1;N#CCCNC(=O)CN1CCC(NC(=O)NC2CCCCC2)CC1;CC(=O)N1CCCN(C(=O)NCC(C)Cn2nc(C)cc2C)CC1;Cn1nccc1N1CCCC(NC(=O)C(C)(C)N2CCOCC2)C1
m_d86693,CCS(=O)(=O)NCCNc1c(C#N)cnc2c(C)cc(F)cc12;CCn1cc(S(=O)(=O)NCCc2c[nH]c3ccc(F)cc23)cn1;Cc1cccc(F)c1S(=O)(=O)Nc1cncc(N2CCCC2)n1;COc1ccc(C(C)NC(=O)Nc2nnc(C3CC3)s2)cc1F;COc1ccc(CN(C)C(=O)Nc2nnc(C3CC3)s2)cc1F;Cc1nc(NC(=O)CC(NC(N)=O)c2ccccc2F)sc1C;Cc1cccc(F)c1S(=O)(=O)N1CCCC1c1ccc(N)nn1;CN(CCN1CCOC1=O)c1nnc(Cc2ccc(F)cc2)s1;O=S(=O)(Cc1ccc(F)cc1)N1CCN(c2ncccn2)CC1;Cc1ccc(C(=O)N2CCN(c3nc(C)c(F)c(=O)[nH]3)CC2)s1;O=S(=O)(c1cccc(F)c1)N1CCC(Nc2cccnn2)CC1;O=S(=O)(NC1CCCN(c2cnccn2)C1)c1cccc(F)c1;O=S(=O)(Cc1ccccc1F)Nc1ccc(C2CCCN2)nn1;CCCn1c(O)nnc1SC1CCN(c2ccccc2F)C1=O;CCCN(Cc1cnn(C)c1)S(=O)(=O)c1cccc(F)c1C#N;O=S(=O)(Cc1cccc(F)c1)Nc1ccc(C2CCCN2)nn1;Cc1nnc(N2CC(NC(=O)C(C)Oc3ccccc3F)C2)s1;Cn1cc(S(=O)(=O)N2CC3(CCCC3)c3cccc(F)c32)nn1;CCOC(=O)C(C)Sc1nnc2n1CCN2c1ccc(F)cc1;O=C(NCC1CC(F)CN1Cc1nccs1)c1ncccc1O;COC(CC(=O)N1Cc2nnc(C)n2CC1C(=O)O)C(F)(F)F;c1ccc(CCc2nnc(SCc3cnc4ccccn34)o2)cc1;C=CC1OCCC1C(=O)NCCc1c[nH]c2cc(F)c(Cl)cc12;NC(=O)CN1CCC(NCc2cnc(-c3cccs3)s2)CC1;Cc1cc2sc(NC(=O)NC3CCN(C4CC4)CC3)nc2s1
m_517c87,CC1OC(=O)C2=C1OC1C(O)C3(O)CCCCC3C(C)(C2=O)C1C;CN(c1ccccn1)C1CCN(c2ccc(C(F)(F)F)cn2)CC1;CCCCOC(=O)COC(=O)c1ccccc1C(=O)OCCCC;CCc1nsc(N2CCCN(c3ncnc(CC)c3F)CC2)n1;CCCC(CCCCC(=O)O)COC(=O)c1ccccc1C(=O)O;CC(CCCCCCCC(=O)O)OC(=O)c1ccccc1C(=O)O;CN1CCC(CNc2ncccc2C(F)(F)F)C1c1cccnc1;Cc1nnc(N2CCN(c3ncnc(C(C)(C)C)c3F)CC2)s1;CCS(=O)(=O)NCCNc1c(C#N)cnc2c(C)cc(F)cc12;CCS(=O)(=O)NCCNc1c(C#N)cnc2c(C)cc(F)cc12;CCS(=O)(=O)NCCNc1c(C#N)cnc2c(C)cc(F)cc12;CCS(=O)(=O)NCCNc1c(C#N)cnc2c(C)cc(F)cc12;CCS(=O)(=O)NCCNc1c(C#N)cnc2c(C)cc(F)cc12;CCS(=O)(=O)NCCNc1c(C#N)cnc2c(C)cc(F)cc12;CCS(=O)(=O)NCCNc1c(C#N)cnc2c(C)cc(F)cc12;CCS(=O)(=O)NCCNc1c(C#N)cnc2c(C)cc(F)cc12;CCS(=O)(=O)NCCNc1c(C#N)cnc2c(C)cc(F)cc12;CCS(=O)(=O)NCCNc1c(C#N)cnc2c(C)cc(F)cc12;CCS(=O)(=O)NCCNc1c(C#N)cnc2c(C)cc(F)cc12;CCS(=O)(=O)NCCNc1c(C#N)cnc2c(C)cc(F)cc12;CCS(=O)(=O)NCCNc1c(C#N)cnc2c(C)cc(F)cc12;CCS(=O)(=O)NCCNc1c(C#N)cnc2c(C)cc(F)cc12;CCS(=O)(=O)NCCNc1c(C#N)cnc2c(C)cc(F)cc12;CCS(=O)(=O)NCCNc1c(C#N)cnc2c(C)cc(F)cc12;CCS(=O)(=O)NCCNc1c(C#N)cnc2c(C)cc(F)cc12
m_f7002e,CC1(C)C(O)CC1CC(=O)N1Cc2ccc(Br)cc2C1;CCOCCCNCc1ccc(-c2ccc(Br)cc2)o1;O=C(NC1CCC(O)CC1)C1CC1c1cccc(Br)c1;O=C(Cc1ccc(Br)cc1)NC1CCC12CCOCC2;COCCC1(C(=O)NC2CC2c2ccccc2Br)CC1;O=C(NC1CCC(O)CC1)C1CC1c1ccc(Br)cc1;O=C(Cc1csc(N2CCCC2=O)n1)Nc1cc(F)ccc1F;Cn1c(-c2nc(-c3ccccc3OC(F)(F)F)no2)cccc1=O;Cc1cc(=O)n2c(n1)SCC2CC(=O)Nc1ccc(F)c(F)c1;CC1C(=O)NCCN1C(=O)c1csc(-c2ccc(F)c(F)c2)n1;O=C(NCc1nc(-c2cccc(C(F)(F)F)c2)no1)c1ccco1;O=C(CSc1nnc(-c2ccccc2Cl)o1)NC1CCCC1;O=C(CNC(=O)N1CCCC1)Nc1nnc(-c2ccsc2)s1;NC1CN(S(=O)(=O)c2cncc(Cl)c2)CC1c1ccccc1;COc1cc(Cn2nc3ccccn3c2=O)ccc1SC(F)F;NS(=O)(=O)c1cccnc1NCC1(c2ccc(Cl)cc2)CC1;O=C(CCc1cc(Cl)cs1)NCCC(=O)Nc1ccncc1;O=C(Cc1cccs1)N1CCCC(Oc2ncc(Cl)cn2)C1;Cc1cc(=O)[nH]c(CNC(=O)C(C)Sc2ccccc2Cl)n1;Cn1nccc1-c1ccc(CNS(=O)(=O)CCC(F)(F)F)o1;O=S(=O)(NC1CCN(c2ccccn2)C1)c1cccc(Cl)c1;Cc1csc(NC(=O)C2CCCN2C(=O)OCC(F)(F)F)n1;COC(=O)C1CCCC(C(=O)Nc2nnc(C(F)(F)F)s2)C1;CN(C)C(=O)C1CCCN1C(=O)c1cc2c(Cl)cncc2s1;COC1CC(CO)N(C(=O)c2ccc(Cl)c(C(F)(F)F)c2)C1
m_c886af,Fc1ccc(-n2ncc3c(SCc4ccccn4)ncnc32)cc1;O=C(OC1OC(C(=O)O)C(O)C(O)C1O)c1c[nH]c2ccccc12;CC12CC(CN1c1cnn(-c3ccc(F)cc3F)c(=O)c1Cl)C2;CC(=O)NCCNC(=O)NC(c1ccc(Cl)cc1)C(F)(F)F;CS(=O)(=O)C1CCCN(C(=O)c2cc3ccccc3s2)CC1;Cc1oc(C)c(S(=O)(=O)NCC2CCCC2(F)F)c1C(=O)O;O=C(c1cc(Cl)ccn1)N1CCN(c2cccc(F)c2F)CC1;CC(=O)c1ccc(CCNS(=O)(=O)CCc2ccccc2)s1;CN(C)C(=O)NCCNC(=O)c1cc(Cl)cc(C(F)(F)F)c1;CS(=O)(=O)c1cccc(OCCN2CCc3sccc3C2)c1;CC1CCN(C(=O)Cc2csc3ccccc23)CCS1(=O)=O;O=C(CCNc1ncc(C(F)(F)F)cc1Cl)N1CCOCC1;CC(C)NC(=O)NC(=O)CNc1ccc(Cl)c(C(F)(F)F)c1;CCOc1ccc([S+]([O-])CC(=O)NCc2ccc(C)s2)cc1;O=C(NC1CCN(c2ncccc2F)C1)c1c(F)cccc1Cl;CC1(C)CN(S(=O)(=O)c2ccc3ccccc3c2)CC[S+]1[O-];CCOC(=O)c1ccc(NS(=O)(=O)CCC(C)(F)F)c(O)c1;O=C(c1ccncc1Cl)N1CCN(c2cccc(F)c2F)CC1;CN(Cc1ccc([S+](C)[O-])cc1)c1ccccc1S(C)(=O)=O;O=C(c1cc(F)c(Cl)cc1F)N1CCNC(c2cccnc2)C1;CCS(=O)(=O)c1ccccc1NCc1ccc([S+](C)[O-])cc1;Cn1ncc(N2CC3CC4CC(C3)CC2C4)c(Br)c1=O;CC1CN(C(=O)c2ccc(-c3ccccc3F)o2)CCS1(=O)=O;O=C(Cn1nc2ncccn2c1=O)Nc1ccccc1C(F)(F)F;COc1ccc(C(=O)NC2COCC2Oc2cn[nH]c2)cc1Cl
m_b11a90,O=C1NCC(C(=O)NCC2(c3ccc(Cl)cc3)CCOCC2)N1;Cc1ccccc1-c1nnn(CC(=O)Nc2ccc3c(c2)OCO3)n1;CCOc1cccc(Cl)c1CN1CCOCC1c1nnc(C)o1;CC(=O)NCCNC(=O)CCC(=O)N1CCc2c(Cl)cccc21;OC1CCN(CCCNc2ncc(C(F)(F)F)cc2Cl)CC1;COc1ccc(CNC2COCC2Oc2cnn(C)c2)cc1Cl;NC(=O)C(NC(=O)c1ccc(-n2cnc3ccccc32)cc1)C(N)=O;COC(=O)c1ccc(C)c(NC(=O)c2ccc(-n3cnnn3)cc2)c1;COc1ccc(Cl)cc1Cc1noc(C2CN(C)CC(C)O2)n1;CNC(=O)C12CCOCC1CN(C(=O)Cc1ccncc1Cl)C2;COCCN1C(=O)NC2CN(C(=O)c3ccc(Cl)cc3)CCC21;O=C(CCn1cc(Cl)cn1)NC1CCCCC1CC(F)(F)F;CC1CN(C(=O)CN2CCOc3ccc(Cl)cc32)CC1C(N)=O;Nc1c(C(=O)Nc2ccccc2Nc2ccccc2)[nH]c(=O)[nH]c1=O;Cc1nc(NC(=O)N2CCC3(CC2)NC(=O)N(C)C3=O)sc1C;Cc1noc(C)c1S(=O)(=O)N1CCCN(c2ncccn2)CC1;Cc1nc(S(=O)(=O)N2CCCC(Oc3ncccn3)C2)cn1C;CC1CCN(C(=O)c2cc(N3CCNC3=O)ccc2Cl)CC1O;CCOC(=O)c1ccccc1NC(=O)c1ccnc(-n2cncn2)c1;Cn1cc(-c2nccnc2CNC(=O)c2ccc3c(c2)OCO3)cn1;CNS(=O)(=O)N1CCN(C(=O)Cc2c[nH]c3ncccc23)CC1;Cn1cc(NC(=O)c2cc(S(=O)(=O)N3CCCC3)cn2C)cn1;Cn1cc(Cl)cc1C(=O)NCC1CCCN(CC(F)(F)F)C1;O=C1CCC(CC(=O)N2CCC(Oc3cncc(Cl)c3)CC2)N1;N#Cc1cccnc1N1CCN(C(=O)c2ccc(C(=O)O)nc2)CC1
m_ea7270,Cc1ccccc1CN(Cc1cccnc1)C(=O)c1scnc1C;CC1=C(C(=O)Nc2ccccc2)C(c2ccccc2)NC(=S)N1C;N#Cc1ccc(CNc2cccc(C(=O)N3CCSCC3)c2)cc1;Cc1cc2nc(SCC(=O)N3CCc4ccccc43)[nH]c2cc1C;O=C(Cc1cccs1)Nc1ccnn1C1CCCc2ccccc21;Cc1cccc2sc(N(Cc3cccnc3)C(=O)C3CCC3)nc12;CCC(C(=O)NCc1nccnc1-c1cccs1)c1ccccc1;Cc1ccc(C(=O)NC(C)c2nc(-c3cccnc3)cs2)c(C)c1;Cc1ncsc1C(=O)N(CCc1ccccc1)Cc1ccncc1;Cc1ccccc1N(C(=O)c1csc(-c2ccccn2)n1)C(C)C;Cc1ccc(C)c(C(=O)NC(C)c2nc(-c3cccnc3)cs2)c1;Cc1nc(C(=O)N(CCc2ccccc2)Cc2ccncc2)cs1;Cn1ccnc1SCC(=O)NC(c1ccccc1)c1ccccc1;CN(C)c1cccc(C(=O)NCc2cccnc2-c2cccs2)c1;CSCc1nc2ccccc2n1CC(=O)N1Cc2ccccc2C1;CN(Cc1nc2c(s1)CCCC2)C(=O)c1ccc2ncccc2c1;Cc1ccc(CC(=O)NC(C)c2nc(-c3ccccc3)cs2)cn1;Cc1cccc(CN(Cc2ccccn2)C(=O)c2scnc2C)c1;CN(C)c1cccc(C(=O)NCc2cncc(-c3cccs3)c2)c1;O=C(c1cccc2ccccc12)N1CCCN(c2nccs2)CC1;O=C(Cc1cn2ccsc2n1)N(C1CC1)C1CCc2ccccc21;CN(C)c1cccc(C(=O)NCc2ccnc(-c3ccsc3)c2)c1;O=C(NCCc1cccs1)c1cc(C2CC2)nn1-c1ccccc1;Cc1nc(C(=O)N(CCc2ccccc2)Cc2cccnc2)cs1;CC1Cc2ccccc2N1CC(=O)Nc1sc2c(c1C#N)CCC2
m_217b19,CN1CCCC(CNc2ncc(Cl)cc2F)C1c1cncn1C;Cc1nc(C(C)(C)NS(=O)(=O)c2ccc(C(C)(C)C)cc2)no1;COCCN1CCCC(NS(=O)(=O)Cc2cccc(C#N)c2)C1;COC(=O)C(O)C1CCN(Cc2c(C)nc3sc(C)cn23)CC1;CC1CN(CC(=O)Nc2sc3c(c2C(N)=O)CCC3)CC(C)O1;COC(=O)N1CCCC(C(=O)NC(c2ncc(C)s2)C2CC2)C1;NS(=O)(=O)CC1CCN(C(=O)NC2Cc3ccccc3C2)CC1;COC(=O)CC1(CNC2(c3ccc(Cl)cc3)CCOCC2)CC1;O=C(Nc1ncc(C2CCOCC2)s1)N1CCCC12CCOC2;CC(NC(=O)CCN1C(=O)CCC1=O)c1nc(C(C)(C)C)cs1;CCc1cc(C(=O)N(CC(=O)NC)CC2CSC2)cn(C)c1=O;O=C(NC1CCS(=O)(=O)C1)N1CCC(Cc2cccnc2)CC1;COCC1(C(=O)O)CCCN1C(=O)C1CCCC(C(F)(F)F)C1;O=C(C1CCCN1S(=O)(=O)Cc1ccccc1)N1CCNCC1;O=C(CCc1ccncc1)NC1CCN(S(=O)(=O)C2CC2)CC1;CNS(=O)(=O)N1CCN(C(=O)Cc2ccc3c(c2)CCC3)CC1;CCOc1cc(C)c(C)cc1S(=O)(=O)NCCCn1ccnc1;Cc1cc(S(=O)(=O)N(CCN(C)C)Cc2ccccn2)c(C)o1;CCC(C)(CNC(=O)c1sc(-c2c(C)noc2C)nc1C)OC;CCn1cc(C2CS(=O)(=O)CCN2C(=O)C2CC2C2CC2)cn1;CCCC1(O)CCN(C(=O)C2CCOc3ccc(Cl)cc32)CC1;CCOC1CC(O)C12CCN(C(=O)c1cccc(Cl)c1C)CC2;CCNS(=O)(=O)c1ccc(C(=O)N2CC3CN(C)CC3C2)cc1;NS(=O)(=O)c1ccc(C(=O)NCC2CCN(C3CC3)CC2)cc1;Cc1cc(NC(=O)CC2=CCCCC2)n(C2CCS(=O)(=O)C2)n1
m_edaa12,COC1CC(C(=O)N2CCC(Oc3ncccc3F)CC2)N(C)C1;COc1ccc(CN(C)CC(=O)N2CCC(C(N)=O)CC2)cc1F;Cc1ccc(C(=O)NCCNC(=O)NC(C)C2CCCO2)cc1F;COCC1(C(N)=O)CCCN1CC(=O)NCc1ccc(C)c(F)c1;CC(=O)N1CC(O)CC1C(=O)NCc1ccc(F)c(CN(C)C)c1;CCN1CCN(c2ccc(C(=O)N(C)CCC(=O)O)cc2F)CC1;CCC(CO)N1CCN(C(=O)c2cc(NC(C)=O)ccc2F)CC1;COc1ccnc(CNC(=O)N2CCC3(O)CCCCC3C2)c1F;COCCN1CCCC(NC(=O)C(=O)Nc2cc(C)ccc2F)C1;CN(C)Cc1ccc(CNC(=O)N2CC3COCC(C2)O3)cc1F;CCOc1ccc(CNC(=O)N2CCCC(C(=O)NC)C2)cc1F;CNC(=O)C1(COC)CCCN1CC(=O)NCc1ccccc1F;COc1ccnc(CNC(=O)NC2CC3(COC(C)(C)C3)C2)c1F;COCCN1CCC(NC(=O)C(=O)Nc2ccc(C)cc2F)CC1;COc1ccc(F)cc1CN1CCN(C(=O)C2COCCN2)CC1;COCC1(C(N)=O)CCCN1CC(=O)N(C)Cc1ccccc1F;Cc1cccc(C)c1OCCNC(=O)CN1CC(F)CC1C(N)=O;Cc1ccc(F)c(NC(=O)C(=O)NCCCN2CCC(O)CC2)c1;CC(C)NC(=O)NC(=O)C(C)N1CCOC(c2cccc(F)c2)C1;O=C1CCCN1CC(O)CN1CCC(Oc2ncccc2F)CC1;CNC(=O)CN1CCC(NC(=O)Cc2ccc(OC)c(F)c2)CC1;Cc1ccccc1CC(=O)N1CC(Cn2nc(C3CC3)ccc2=O)C1;COc1ccc2ccccc2c1CNc1ccc(N(C)CCO)cn1;CC(C(=O)N(C)C(C)C(=O)O)N1CCN(c2ccc(F)cc2)CC1;NC(=O)c1cccc(CN2CCCN(C(=O)c3ccccc3)CC2)c1
m_b084eb,COC1CC(C(=O)N2CCC(Oc3ncccc3F)CC2)N(C)C1;COc1ccc(CN(C)CC(=O)N2CCC(C(N)=O)CC2)cc1F;Cc1ccc(C(=O)NCCNC(=O)NC(C)C2CCCO2)cc1F;COCC1(C(N)=O)CCCN1CC(=O)NCc1ccc(C)c(F)c1;CC(=O)N1CC(O)CC1C(=O)NCc1ccc(F)c(CN(C)C)c1;CCN1CCN(c2ccc(C(=O)N(C)CCC(=O)O)cc2F)CC1;CCC(CO)N1CCN(C(=O)c2cc(NC(C)=O)ccc2F)CC1;COc1ccnc(CNC(=O)N2CCC3(O)CCCCC3C2)c1F;COCCN1CCCC(NC(=O)C(=O)Nc2cc(C)ccc2F)C1;COc1ccnc(CNC(=O)NC2CC3(COC(C)(C)C3)C2)c1F;CN(C)Cc1ccc(CNC(=O)N2CC3COCC(C2)O3)cc1F;CNC(=O)C1(COC)CCCN1CC(=O)NCc1ccccc1F;CCOc1ccc(CNC(=O)N2CCCC(C(=O)NC)C2)cc1F;COCCN1CCC(NC(=O)C(=O)Nc2ccc(C)cc2F)CC1;COc1ccc(F)cc1CN1CCN(C(=O)C2COCCN2)CC1;COCC1(C(N)=O)CCCN1CC(=O)N(C)Cc1ccccc1F;Cc1ccc(F)c(NC(=O)C(=O)NCCCN2CCC(O)CC2)c1;Cc1cccc(C)c1OCCNC(=O)CN1CC(F)CC1C(N)=O;CC(C)NC(=O)NC(=O)C(C)N1CCOC(c2cccc(F)c2)C1;O=C1CCCN1CC(O)CN1CCC(Oc2ncccc2F)CC1;CNC(=O)CN1CCC(NC(=O)Cc2ccc(OC)c(F)c2)CC1;CC(C(=O)N(C)C(C)C(=O)O)N1CCN(c2ccc(F)cc2)CC1;O=C(CCN1CCN2CCOCC2(CO)C1)Nc1cccc(F)c1;NC(=O)NCC1CCCCN1C(=O)CCCOc1ccccc1F;COC1CCCN(C(=O)NCCNC(=O)Cc2ccc(F)cc2)C1
m_d258c4,CC(=O)NC1(C(=O)NCCC(=O)NC2CCCC2)CCC(C)CC1;CC(=O)NC1CCCN(C(=O)CN2CCC3(CCOCC3)CC2)C1;CC(=O)NC1CCCN(C(=O)CN2CCCC3(CCOCC3)C2)C1;COC1CCCC1NC(=O)N1CCN(C(C)=O)C2(CCCCC2)C1;CC1CN(CC(=O)N2CCC(C(=O)N3CCCC3)CC2)C(C)CO1;CC1CCC(N(CC2CCCO2)C(=O)NC2CCN(C)C2=O)CC1;O=C(CN1CCC(O)(C2CC2)C1)NCCCN1CCCCCC1=O;Cc1noc(C)c1C(C)CNC(=O)NCC(C)(O)C1CCCCC1;CC(C)NCC(O)COc1ccc(CCNC(=O)NC(C)C)cc1;CC1CCN(C(=O)C2CCN(C(=O)NCC3CCCO3)CC2)CC1;CCOC1CC2(CCN(CC(=O)N3CCCC(NC(C)=O)C3)C2)C1;O=C(CC1CCCC1)N1CCCN(C(=O)NCC2CCCO2)CC1;CC(=O)NCC(=O)NCC1CCC(CNC(=O)C2(C)CCC2)CC1;CN(C(=O)CN1CCCC1)C1CCN(C(=O)COC2CCCC2)C1;O=C(C1CCCCC1)N1CCC(NC(=O)N2CCCC2CCO)C1;COC1(C)CC(N(C)C(=O)NC(C)Cc2c(C)noc2C)C1(C)C;CC(=O)NCC(=O)NCC1CCC(NC(=O)CC2CCCC2)CC1;CC(C)COC(C)c1noc(CN(C)C(=O)C2C(C)(C)C2(C)C)n1;CCC1CN(C(=O)c2oc(C)nc2C)C(CC)CN1CC(C)(C)O;Cc1noc(C)c1CN(C)C(=O)NCC1CCCOC1C(C)(C)C;CCC(NC(=O)c1cn(CC)nc1C1CCOCC1)C(O)C(C)C;CCCCCCCCCCCC(=O)NC(Cc1ncc[nH]1)C(=O)O;CCCCCCC(=Cc1ccccc1)CNCCc1ccc(O)cc1;O=C(CCC1CCCCO1)NC1CCN(CC(=O)NC2CC2)CC1;CCCCCCCCCCCC(=O)NC(Cc1c[nH]cn1)C(=O)O
m_edd5cd,O=S(=O)(NCCc1ccc(C(F)(F)F)cc1)N1CCOCC1;CS(=O)(=O)CCNC(=O)NC(Cc1ccccc1)C(F)(F)F;O=S(=O)(NCCc1ccccc1C(F)(F)F)N1CCOCC1;CC1CCCN(S(=O)(=O)c2ccc(C(F)(F)F)nc2)C1CO;CCN(CC1CCCO1)S(=O)(=O)c1ccc(C(F)(F)F)nc1;CC1CN(S(=O)(=O)c2ccc(C(F)(F)F)nc2)C(C)(C)CO1;CCOC1CCCN(S(=O)(=O)c2ccc(C(F)(F)F)nc2)C1;CC(C)CC(=O)Nc1cc(C(F)(F)F)ccc1NS(C)(=O)=O;CNC1CCCN(S(=O)(=O)c2ccc(OC(F)(F)F)cc2)C1;CCCS(=O)(=O)Nc1cc(NC(=O)C(C)(C)F)c(F)cc1F;CC(Nc1ccc(S(N)(=O)=O)c(C(F)(F)F)c1)C1CCCO1;Cc1ccc(S(=O)(=O)NCC(=O)NC(C)C)cc1C(F)(F)F;CCN(CC(=O)NC)S(=O)(=O)c1ccc(C)c(C(F)(F)F)c1;CCC(C)C(NS(=O)(=O)c1cccc(C(F)(F)F)c1)C(N)=O;NCC1CCN(S(=O)(=O)c2ccccc2OC(F)(F)F)CC1;CNCC1CCN(S(=O)(=O)c2ccc(OC(F)(F)F)cc2)C1;CNC1CCCN(S(=O)(=O)c2cccc(OC(F)(F)F)c2)C1;CNC1CCN(S(=O)(=O)c2ccccc2OC(F)(F)F)CC1;CNCC1CCN(S(=O)(=O)c2cccc(OC(F)(F)F)c2)C1;NC1CCCCC1NS(=O)(=O)c1ccc(OC(F)(F)F)cc1;CN(C)S(=O)(=O)N1CCOC(c2ccccc2C(F)(F)F)C1;O=C(COc1ccc(F)cc1F)N1CCCCC1c1nccs1;NS(=O)(=O)c1ccc2c(c1)N(Cc1cc(F)cc(F)c1)CCC2;NS(=O)(=O)c1ccccc1CN1CCCc2cc(F)c(F)cc21;CC1CN(C(=O)c2csc(-c3c(F)cccc3F)n2)CC(C)O1
m_fe6eaa,O=C(c1ccc2c(c1)OCO2)N1CCc2nc3cc[nH]n3c(=O)c2C1;Cc1c(NC(=O)Cc2n[nH]c(=O)c3ccccc23)cccc1[N+](=O)[O-];Cc1[nH]nc(NC(=O)c2cccnc2O)c1-c1ccc2c(c1)OCO2;O=C(O)c1ccc(C(=O)Nc2cccc(-c3nc(C4CC4)n[nH]3)c2)o1;CC(NC(=O)c1cc2c(=O)[nH]cnc2cn1)c1ccc2c(c1)OCO2;O=C(O)CNC(=O)c1cccc(NC(=O)c2n[nH]c3ccccc23)c1;CC(C)CC1COCCN1C(=O)Nc1nnc(C(F)(F)F)s1;CCS(=O)(=O)N1CCC(Nc2ccc(C(F)(F)F)nn2)CC1;O=C(NCc1nc(-c2ccncc2)cs1)N1CCCC1C(F)F;CS(=O)(=O)NC1CCCC1CNc1ccc(C(F)(F)F)nn1;CCS(=O)(=O)NC1CCN(c2ccc(C(F)(F)F)nn2)CC1;Cn1ncc(C(F)(F)F)c1S(=O)(=O)NC1CC(N)C12CCC2;Cn1nc(C(F)(F)F)cc1S(=O)(=O)N1CC(N)C2(CCC2)C1;Cn1ncc(C(F)(F)F)c1S(=O)(=O)N1CC(N)C2(CCC2)C1;COc1ccc(-c2noc(-c3cccc4[nH]c(=O)[nH]c34)n2)cc1OC;Cc1nsc(N2CCN(C(=O)c3cc(F)c(C)cc3F)CC2)n1;Cn1ncc(C(F)(F)F)c1S(=O)(=O)N1CC(N2CCCC2)C1;COc1cnc(NC(=O)NCC2CCN(CC(F)(F)F)C2)s1;O=C(NCC1CCCc2ccccc21)Nc1nnc(C(F)F)s1;O=C(O)C1CCC(C2CCN(C(=O)c3ccncc3Cl)CC2)O1;Cc1ccc(-c2noc(C3CCN(S(C)(=O)=O)CC3)n2)c(=O)[nH]1;N#Cc1cnc2ccc(Cl)cc2c1N1CCC(n2cncn2)CC1;CNCC1CCCN1S(=O)(=O)c1ccc2[nH]c(=O)[nH]c(=O)c2c1;Nc1nc(O)cc(C2CCN(C(=O)c3cc(F)c(F)cc3F)C2)n1;N#CC1CN(C(=O)NCC(F)(F)F)CC12C(=O)Nc1ccccc12
m_57bec0,COc1cc2c(cc1OC)-c1cc3ccc(OC)c(O)c3c[n+]1CC2;COc1cc2c(cc1O)CC[n+]1cc3c(OC)c(OC)ccc3cc1-2;COc1cc2c(cc1OC)-c1cc3ccc(O)c(OC)c3c[n+]1CC2;COc1cc2c(cc1O)-c1cc3ccc(OC)c(OC)c3c[n+]1CC2;C[N+]12CCc3cc4c(cc3C1Cc1ccc3c(c1C2)OCO3)OCO4;COc1cc2c(cc1O)-c1cc3cc(OC)c(OC)cc3c[n+]1CC2;COc1cc2c(cc1O)CC[n+]1cc3cc(OC)c(OC)cc3cc1-2;CNC(=O)C1(C)CCN(C(=O)c2ccc(OC(C)C)cc2Cl)C1;CC(C)(O)CCN1CCCN(c2nnc(C(F)(F)F)s2)CC1;CC(C)C(=O)N1CCCC1C(=O)NCCOc1ccc(Cl)cc1;COc1ccc(Cl)cc1C(=O)N1CCN(CC2CCCO2)CC1;CN(C(=O)Nc1cc(Cl)ccc1OCC1CCOC1)C1CCC1;O=C1CCN(Cc2cc(Cl)ccc2OCC2CCCO2)CCN1;O=C(NCCOc1ccc(Cl)cc1)N1CCC2(CCOCC2)C1;CC(C)c1ccc(C(=O)N2CCCC(O)(CC(N)=O)C2)cc1Cl;CNC(=O)CC1(O)CCCN(C(=O)c2cc(C)c(Cl)cc2C)C1;COc1cc(Cl)ccc1C(=O)N1CCC(CN2CCOCC2)C1;COc1ccc(Cl)c(N2CCN(CC3(CC(=O)O)CC3)CC2)c1;CNC(=O)C1CN(C(=O)C(c2cccc(Cl)c2)C(C)C)CCO1;O=C(CN1CCOCC1)N1CC(CO)C(c2ccc(Cl)cc2)C1;Cc1cc(Cl)c(C(=O)N2CCC(N(C)CC(=O)O)CC2)cc1C;Cn1cc(Cl)cc1C(=O)N1C2CCC1C(C(=O)OC(C)(C)C)C2;COCC(NC(=O)N1CCOC2CCCC21)c1ccc(Cl)cc1;CNC(=O)COC(=O)N1CCC(CCc2ccc(Cl)cc2)CC1;CCOC(=O)C(C)CNC(=O)C1CCN(c2ccccc2Cl)C1
m_a98076,CNC(=O)C1CCCCN1C(=O)c1ccnc(-c2ccccc2)c1N;Cc1ccc2c(c1)CN(C(=O)C1CC(O)CN1c1ccncn1)CC2;COc1ccc2cccc(CC(=O)NC(C)CCn3cncn3)c2c1;COc1ccc(COCc2cccc(NCc3ncnn3C)c2)cc1;Cc1noc(C)c1CC(=O)NC1CCCN(c2ccccc2C#N)C1;Cc1c(NC(=O)c2cnn(CC(C)C)c2C)cccc1-c1ncco1;O=C(NC1CCCC1)c1ccc(NC(=O)c2cc3n(n2)CCC3)cc1;Cc1noc(C)c1C(C)(C)C(=O)Nc1cnn(Cc2ccccc2)c1;COC(=O)Nc1cccc(C)c1CNc1cccn2c(C)c(C)nc12;CC(=O)Nc1cccc(NC(=O)C2CCN(c3ccccn3)CC2)c1;CC(C)(C)c1cc(NC(=O)C2CCOC2)n(-c2ccc(C#N)cc2)n1;CC1CCN(C(=O)c2ccc(N3CCCC3)nn2)c2c(O)cccc21;CN(C(=O)Nc1cccnc1)C1CCN(C(=O)c2ccccc2)CC1;Cn1cc(C(=O)NCc2ncc(-c3ccccc3)o2)c(C(C)(C)C)n1;Cc1ccc(C(=O)N(CCN(C)C)Cc2cccc(C#N)c2)c(=O)[nH]1;Cc1nn(C)c(C)c1CCC(=O)OCc1ccc(-c2c[nH]cn2)cc1;Cc1c(C(=O)NCc2ncc(-c3ccccc3)o2)cnn1C(C)(C)C;Cc1noc(C)c1CCC(=O)NC(Cc1ncc[nH]1)c1ccccc1;Cc1nn(C)c(C)c1C1OCCC1CNC(=O)c1cccc(C#N)c1;CCC(NC(=O)NCc1ccc2ncccc2c1)c1c(C)noc1C;O=C(O)c1cccc2c1CCCN2Cc1nnc(C2CC2)n1C1CC1;Cc1cc(C(=O)N2CCCC(N3CCNC3=O)C2)c2ccccc2n1;Cc1cnc2c(C)cccc2c1N1CC(O)C(Oc2cnn(C)c2)C1;CN1C(=O)CC(CNCc2ccc(C(N)=O)cc2)C1c1ccncc1;COc1ccc(CN(C)Cc2c(O)nnn2-c2ccccc2)cc1C
m_895051,NC(=O)NC(CC(=O)NCCN1CCOCC1)c1ccccc1F;COc1ccnc(N2CCC(C(=O)N3CC(F)CC3CO)CC2)n1;Cn1nc(C2CC(O)C(CNC(=O)C(F)=C3CCC3)C2)n(C)c1=O;CC(C)c1nc(N2CCN(C(=O)C3CCOC3)CC2)[nH]c(=O)c1F;CC1CCC(O)C(C2CCCCN2C(=O)c2cc(Cl)cn2C)C1;CC(O)C1CCN(C(=O)NCC(C)(C)Cc2cccc(Cl)c2)C1;COCCN1CCCC(NC(=O)C(C)(C)c2ccccc2Cl)C1;CC(C)(C(=O)NCC1CCCCN1CCO)c1cccc(Cl)c1;CNCC1CCCN(C(=O)CCCOc2ccc(Cl)c(C)c2)C1;Cc1ccc2c(c1)CN(C(=O)C1CC(O)CN1c1ccncn1)CC2;CC(C)(C)c1cc(NC(=O)C2CCOC2)n(-c2ccc(C#N)cc2)n1;CC1CCN(C(=O)c2ccc(N3CCCC3)nn2)c2c(O)cccc21;CNC(=O)C1CCCCN1C(=O)c1ccnc(-c2ccccc2)c1N;CC(=O)Nc1cccc(NC(=O)C2CCN(c3ccccn3)CC2)c1;CN(C(=O)Nc1cccnc1)C1CCN(C(=O)c2ccccc2)CC1;COC(=O)Nc1cccc(C)c1CNc1cccn2c(C)c(C)nc12;CCCOc1c(Cl)cc(CN2CC3CCC(N)C3C2)cc1OC;CN(C)C1CCCN(C(=O)C(C)(C)Oc2cccc(Cl)c2)CC1;Cc1cnc2c(C)cccc2c1N1CC(O)C(Oc2cnn(C)c2)C1;O=C(O)c1cccc2c1CCCN2Cc1nnc(C2CC2)n1C1CC1;CN1C(=O)CC(CNCc2ccc(C(N)=O)cc2)C1c1ccncc1;Cc1cc(C(=O)N2CCCC(N3CCNC3=O)C2)c2ccccc2n1;Cc1noc(C)c1CC(=O)NC1CCCN(c2ccccc2C#N)C1;COc1ccc2cccc(CC(=O)NC(C)CCn3cncn3)c2c1;Cc1c(NC(=O)c2cnn(CC(C)C)c2C)cccc1-c1ncco1
m_baccbd,CCN1CCOCC1C(=O)N1CC(OCc2nnc(C(C)C)o2)C1;COc1cccc(F)c1C(C)NC(=O)NCC1CCOC1C(C)C;CNC(=O)c1ccc(CN2CC(c3ccccc3)OCC2(C)C)cc1;CC1CC(N)CCN1C(=O)CCOc1ccccc1-c1ccccc1;CCNc1cc(C)nc(N2CCN(c3ncnc4[nH]ccc34)CC2)n1;Cc1noc(C)c1C(C)(C)C(=O)N1Cc2ccccc2C2(CCC2)C1;CC=C1CN2C3CC1C(CO)C2Cc1c3n(C)c2ccc(OC)cc12;COc1ccccc1C1CC(C)CCN1Cc1cccc(C(N)=O)c1;CC(=O)N1CCC(C(=O)NC(C)Cc2ccc3ccccc3c2)CC1;OC(CN1CCOCC1)CN1CCC(Oc2ccc(F)cc2)CC1;Cc1ccc(CO)cc1NC(=O)CC1CCN(Cc2ccccc2)C1;CN(C(=O)CN1CCCC(O)C1)C(c1ccccc1)c1ccccc1;CCC1CC2CN3CCc4c([nH]c5ccccc45)C(C(=O)OC)(C2)C13;Cc1nc(C)n(CC2CCCN2Cc2nnnn2-c2ccccc2)n1;CCCN(C(=O)NCc1ccccc1OC)C1CCc2ccccc21;CC1CN(Cc2cccc(C(=O)N(C)C)c2)CC(c2ccccc2)O1;CC(NCC1CC(=O)N(C)C1c1ccccc1)c1cccc(CO)c1;CN(CC1CC(O)C1)C(=O)NCC(c1ccccc1)c1ccccc1;COC(C)(C)CC(=O)N1CCN(CC(=O)Nc2cc(C)on2)CC1;COc1ccccc1NC(=O)CN(Cc1ccccc1)C(C)C1CC1;CC(C)COc1ccc(CNC(=O)C2CCCc3cccnc32)cc1;CCCc1noc(CCCC(=O)N2CCOC(CNC(C)=O)C2)n1;COc1ccccc1CN(C)CC(=O)NC1CCCc2ccccc21;O=C(Cc1ccc2ccccc2c1)N1CCN(CC2CCCO2)CC1;CCCOc1ccc(CNc2cc(C(=O)NC3CC3)ccc2C)cc1
m_88505f,Cc1ccc(C(CNC(=O)c2ccc(Cl)s2)OCCO)cc1;CC1COC(CO)CN1C(=O)Cc1csc2ccc(Cl)cc12;CC(NC(=O)C1(O)CCSCC1)c1cc2cc(Cl)ccc2o1;Cc1noc(C2CN(Cc3cc(Br)c[nH]3)CCN2C)n1;O=C(CN1CCN(c2ncc(Br)cn2)CC1)NC1CC1;CCn1cc(Br)cc1C(=O)NCC(C)c1nncn1C;COc1cc(C)c(C)cc1S(=O)(=O)NCc1ccccc1Cl;Cc1nc(C(C)C)nc(Nc2cnn(CCO)c2)c1Br;CCCCn1nnc(NCc2cc(Br)ccc2OC)n1;CC(C)c1nnc(CNC(=O)c2cc(Br)cn2C)n1C;CC(C)c1noc(CN2CC(Cn3cc(Br)cn3)C2)n1;COc1cc(C(=O)N(C)Cc2sccc2C)cc(Cl)c1OC;CCn1ncc(Br)c1C(=O)N(C)Cc1cnn(C)c1C;Cn1c(NC(=O)c2ccn(CC(F)F)n2)nc2cccc(Cl)c21;Cc1cnc(CNS(=O)(=O)c2cc3c(cc2F)NC(=O)CC3)o1;O=C(O)C1OC(n2ncc3cccc([N+](=O)[O-])c32)C(O)C(O)C1O;Cc1ccc(S(=O)(=O)N2CC(c3cc(C(=O)O)[nH]n3)C2)cc1F;COC(=O)c1c(NS(=O)(=O)c2cccc(F)c2)nc2n1CCC2;COC(=O)c1cc(C2CN(S(=O)(=O)c3cccc(F)c3)C2)n[nH]1;CCOC(=O)c1cn[nH]c1S(=O)(=O)N1CCc2c(F)cccc21;CSc1nnc(C)c(=O)n1COC(=O)COc1ccccc1F;O=C(O)c1ccc(F)c(S(=O)(=O)N2CCC(n3cccn3)C2)c1;CCC(CC)c1nnc(NC(=O)c2ccc(C(=O)OC)s2)s1;Cn1ccnc1S(=O)(=O)C1CCN(C(=O)c2ccsc2)CC1;O=S(=O)(c1ncc[nH]1)N1CCC2(CC1)OCCc1ccsc12
m_43e809,O=c1c2ccccc2nc(C=Cc2cccnc2)n1Cc1ccccc1;O=C(c1ccc(-n2cnc3ccccc32)cc1)N1CCc2ccccc21;Cn1nccc1CN1CC(F)CC1CNc1ncnc(N)c1Cl;Cc1cccc(NC(=O)c2cc(-c3ccncc3)nc3ccccc23)c1;CC(=O)Nc1ccc2nc(-c3ccccc3)c(-c3ccccc3)nc2c1;CCn1cc(S(=O)(=O)NC2CCOC2c2cnn(C)c2C)cn1;O=C(Nc1cnc2ccccc2c1)N(c1ccccc1)c1ccccc1;N#Cc1nc(-c2cccc3ccccc23)oc1NCCc1ccccc1;COC1CC(c2ncc[nH]2)N(S(=O)(=O)c2cn(C(C)C)cn2)C1;CC(C)CSCC1OC(n2cnc3c(N)ncnc32)C(O)C1O;COC1CC(c2nc(C)c(C)[nH]2)N(S(=O)(=O)c2cnn(C)c2)C1;COC1CC(c2ncc[nH]2)N(S(=O)(=O)c2cnn(C(C)C)c2)C1;Cc1noc(C)c1S(=O)(=O)NC1CCCn2nc(C(C)C)nc21;COC1CC(c2nc(C)c(C)[nH]2)N(S(=O)(=O)c2cn(C)cn2)C1;CCn1ccnc1CN1CCN(S(=O)(=O)Cc2ccon2)CC1;CN(C)C1C2CN(C(=O)c3cc4n(n3)CCN(C)S4(=O)=O)CC21;CCN(CC(=O)N(C)C)S(=O)(=O)c1cnc2c(c1)c(C)nn2C;Cc1nc(S(=O)(=O)NC2CCCOC2c2cnn(C)c2)cn1C;C#CCNC(=O)CN1CCN(S(=O)(=O)c2cnn(CC)c2)CC1;CCn1cc(C2OCCC2NS(=O)(=O)c2cn(C)c(C)n2)cn1;CN1CCN(C(=O)Nc2ccc3c(c2)N(C)S(=O)(=O)N3C)CC1;CC1CN(Cc2cc(-c3cnn(C)c3)no2)CCN1S(C)(=O)=O;Cn1cc(-c2cc(CN3CCCN(S(C)(=O)=O)CC3)on2)cn1;CCN(C(=O)c1n[nH]c2ccccc2c1=O)C(C)c1ccc(F)cc1;Cc1cc(CCC(=O)NCc2nccnc2-c2ccoc2)ccc1F
m_fea652,CNC(=O)NC(=O)C(C)Nc1cc(F)ccc1OCC1CCCO1;COc1cc(C(=O)N(C)C)ccc1NC(=O)N1CCC(F)(CO)C1;CNC(=O)CC1CN(C(=O)NCc2c(F)cccc2OC)CC1O;CCNC(=O)NC(=O)CNc1cc(F)ccc1OCC1CCCO1;N#CCn1c(C(=O)NC2CC(O)C23CCOCC3)cc2ccccc21;CC1CN(C(=O)c2ccc(OCc3ccccc3)cn2)CC(=O)N1C;O=C(O)C1CCN(C(=O)NCc2cccc(-c3ccccn3)c2)CC1;Cc1ccc(N2CCCC(NC(=O)c3conc3C3CC3)C2=O)cc1;CCc1noc(C)c1C(=O)NC1(c2cccc(C#N)c2)CCOCC1;O=C(NCC(=O)N1CCCCc2ccccc21)c1conc1C1CC1;O=C(O)c1ccccc1C1CCN(C(=O)c2n[nH]c3c2CCC3)CC1;NC(=O)c1ccccc1N1CCC(NC(=O)Cc2ccccc2O)C1;CCN1CC(C(=O)NCC(=O)Nc2cccc3ccccc23)CC1=O;O=C(O)c1cnc(C(=O)N(CCc2ccccc2)C2CCCC2)cn1;COc1ccc(Cl)c(CN2CCC(OC3CCOCC3)CC2)c1;CC1CCn2ncc(C(=O)N3CCc4c(cccc4C(=O)O)C3)c2C1;Cc1nc(O)ccc1C(=O)N1CCC(C(=O)Nc2ccccc2)CC1;O=C(NCc1ncc(-c2ccccc2)o1)C1CC(=O)N(CC2CC2)C1;CC1(C)COC(c2ccccc2)CN1Cc1nnc(-c2ccco2)o1;O=C(NCCc1ccccn1)C1COCC(=O)N1Cc1ccccc1;CN1C(=O)CCc2cc(NC(=O)NCC(O)c3ccccc3)ccc21;Cc1ccc(C(=O)N2CCOCC2)cc1NC(=O)c1cnccc1C;COc1ccc(C(=O)N2CC(C)C(C(N)=O)C2)cc1-c1ccccn1;CC(NC(=O)COc1cccc(N2CCCC2=O)c1)c1cccnc1;COc1ccnc(NC(=O)C(c2ccccc2)N2CCCCC2=O)c1
m_0259d4,Cc1nc2ccccc2n1CC(=O)NC1CCOC1c1ccnn1C;Cn1nccc1C1OCCC1NC(=O)CCn1cnc2ccccc21;Cn1cc(C2(C)CN(C(=O)NCc3cccc(C#N)c3)CCO2)cn1;NC(=O)c1cc(N2CCN(CC(=O)Nc3ccccc3)CC2)ccn1;CC(C)c1nnc2n1CCN(C(=O)CN1Cc3ccccc3C1=O)C2;Cn1c(=O)c2[nH]c(N3CCCC(c4ccccc4)C3)nc2n(C)c1=O;O=C1CC2(NC(=O)Nc3cnn(-c4ccccc4)c3)CCCCC2N1;Cc1cc(-n2cncn2)ccc1C(=O)NC1CCC(=O)NC1C1CC1;Cn1nccc1C1OCCCC1CNC(=O)c1cccc2[nH]cnc12;O=C(Cc1ccc2cn[nH]c2c1)NC1CC(Cn2cccn2)CC1O;COc1c(C(=O)NC(C)CNc2ccccc2)cnc2c1cnn2C;O=C(Cc1ccc2[nH]ncc2c1)NC1CC(Cn2cccn2)CC1O;CCOc1ccc2nnc(CNC(=O)CCc3cccc(C)c3)n2n1;Cc1noc2ncnc(NCc3ccnc(OC4CCCCC4)c3)c12;Cc1nc(C(=O)NCC2CCCOC2c2cnn(C)c2)ccc1C#N;Cc1noc(C)c1CN1CCCC(c2nc(-c3ccncc3)no2)C1;Cc1noc(C2COCCN2Cc2cn(-c3ccccc3)nc2C)n1;COC1CN(C(=O)CCc2ccc(C#N)cc2)CC1c1cn(C)nn1;Cc1noc2ncnc(NCC(c3ccccc3)N3CCOCC3)c12;OCCOC1CCCN(c2ncnc3c2ncn3-c2ccccc2)C1;Cc1cnccc1CNC(=O)N1CCN(C(=O)c2ccccn2)CC1;COc1ccc2cc(Cn3nnnc3N3CCCOCC3)ccc2c1;CCOc1ccc2nc(Nc3nc(=O)c(CC)c(C)[nH]3)nc(C)c2c1;Cc1cccc(CNC(=O)CCc2c(C)nc3cc(O)nn3c2C)n1;Cn1ccnc1C1CCCN1CC(=O)N1CC(=O)Nc2ccccc21
m_916daf,Cc1c(C(=O)NCc2cc3ccccc3o2)nnn1C1CCNCC1;Cn1c(=O)cc(N2CCCC(N)C2)n(Cc2ccccc2C#N)c1=O;Cc1ccccc1-c1nc(CNC(=O)c2cn(C)nc2C(C)C)no1;Cn1c(=O)c2[nH]c(N3CCCC(c4ccccc4)C3)nc2n(C)c1=O;Cc1cc(C)c(-c2cc(NC(=O)c3cnn(CCO)c3)[nH]n2)cc1C;Cc1c(C2OCCC2NC(=O)Cc2n[nH]c3ccccc23)cnn1C;Cc1nn(C)cc1C1OCCC1NC(=O)Cc1n[nH]c2ccccc12;CCn1nccc1C1OCCCC1CNC(=O)c1cc(C#N)ccn1;Cc1cc(C)n(-c2ccc(C(=O)NCc3cnn(CCO)c3)cc2)n1;CCCn1nccc1C=Cc1cc(C(=O)O)c2cnn(C(C)C)c2n1;Cn1ncnc1C1COCCN1C(=O)CCc1ccc2[nH]ccc2c1;CC(=NNC(=O)c1ccn(C)n1)c1ccc(NC(=O)C2CCC2)cc1;O=C(Nc1cc(C23CC4CC(CC(C4)C2)C3)[nH]n1)c1ccc(=O)[nH]n1;Cc1nn(C)cc1C1OCCC1NC(=O)Cc1ccc2cn[nH]c2c1;Cc1c(C2OCCC2NC(=O)Cc2ccc3cn[nH]c3c2)cnn1C;CCc1nn(C)cc1CNC(=O)N1CC(Oc2ccc(C#N)cc2)C1;Cc1c(C2OCCC2NC(=O)Cc2ccc3[nH]ncc3c2)cnn1C;Cc1nn(C)cc1C1OCCC1NC(=O)Cc1ccc2[nH]ncc2c1;Cc1noc(C)c1CN(C)C(=O)Nc1cnn(Cc2ccccc2)c1;COc1ccc(C(CO)CNc2ncnc3c2ncn3C2CC2)cc1;COC1CC(c2nncn2C)N(C(=O)c2cc3ccc(C)cc3[nH]2)C1;Cn1ncc(NC(=O)N2CCC3(CNC(=O)C3)C2)c1-c1ccccc1;COC1CC(c2ncn[nH]2)N(C(=O)CCc2c[nH]c3ccccc23)C1;COCc1nc2n(n1)CC(NC(=O)c1c[nH]c3cc(C)ccc13)CC2;CCc1nnc(C23CCCC2CN(C(=O)c2ccc(C#N)n2C)C3)o1
m_38941f,O=C(Nc1ccc2c(c1)C(=O)NCC2)NC1CC2CC1C1CCCC21;CCc1c(C(=O)N2CC(C(C)C)c3ccccc32)[nH]c(C)c1C(N)=O;Cn1ccc(C(=O)NC2CCN(CCc3ccccc3)CC2)cc1=O;Cc1ccc2nc3c(c(C(=O)N(C)CC(=O)N(C)C)c2c1)CCCC3;Cc1ccc2c(c1)CCN(C(=O)NCc1ccnc(OC(C)C)c1)C2;COc1ccccc1C(=O)Nc1ccc(CN2CCN(C)CC2)cc1;Cc1cc(C)c2c(c1)CN(C(=O)C1CCOC1c1nccn1C)CC2;Cn1ccnc1C1OCCC1C(=O)N1Cc2ccccc2C(C)(C)C1;CCc1ncncc1C(=O)N1CCC(Oc2ccc(C)c(C)c2)CC1;Cc1cn(CC(=O)N2CCCC(C(=O)NC3CC3)C2)c2ccccc12;CN1CCOC(C(=O)N2CCC(c3cccc4cnccc34)CC2)C1;Cn1ccc(CN2CCC(NC(=O)Cc3ccccc3)CC2)cc1=O;O=C(NCC1CCCN(Cc2cccnc2)C1)c1cccc(CO)c1;Cc1ccn(C)c(=O)c1NC(=O)N1CCc2c(cccc2C(C)C)C1;Cc1ccccc1-n1nccc1C1OCCC1C(=O)NC(C)C1CC1;CCNC(=O)C1CCCN(C(=O)c2ccc(-c3ccccc3)n2C)C1;CCN(C(=O)c1cc(N2CCOCC2)ccn1)c1cccc(C)c1C;COC(C(=O)NC1CCN(Cc2cccnc2)CC1)c1ccccc1;Cc1cc(C)nc(OC2CCCN(C(=O)CCc3ccccc3)C2)n1;CCC(C(=O)N1CCC(c2nnc(C3CC3)o2)CC1)c1ccccc1;CCOc1ccccc1C(=O)N1CCN(C(C)c2cccnc2)CC1;CCC(Cc1ccccc1)=NNC(=O)C(C)Nc1ccccc1OC;Cc1ccc(C(=O)NC(C)C2CN(Cc3ccccc3)CCO2)cn1;COc1ccc(CNC(=O)N2CCC(c3ccccc3C)CC2)cn1;CNC(=O)c1cccc(CN2CCC(Oc3ccncc3C)CC2)c1
m_c2313f,CC(=O)NCC(=O)N1CCC(=Cc2cc(Cl)ccc2Cl)CC1;CC(C)CC(=O)OC(Cn1ccnc1)c1ccc(Cl)cc1Cl;CCCc1ccc(Cl)c(S(=O)(=O)N2CCCn3ncnc32)c1;CC(C)(NC(=O)Cn1cc(C(=O)O)nn1)c1cccc(Cl)c1F;Cc1cccc(Cl)c1S(=O)(=O)N1CCCC1c1nncn1C;C=CCN(Cc1nnc(C)n1C)S(=O)(=O)c1cccc(Cl)c1;CC(CC#N)NS(=O)(=O)c1cnc(N2CC=CCC2)c(Cl)c1;CC1Oc2ccc(Nc3ncnc4cc(Cl)ccc34)cc2NC1=O;O=C(Cn1cnc(-c2ccc(Cl)cc2)cc1=O)Nc1ccncc1;COc1ccc(-c2ccc(NC(=O)c3ccnnc3)nc2)cc1Cl;Cn1nccc1S(=O)(=O)NC1CCN(c2ccc(Cl)cc2)C1;Cc1cc(Cl)ccc1S(=O)(=O)N1CCCC1c1nncn1C;Cc1nc(-c2ccco2)nc2sc(C(=O)Nc3nnc[nH]3)c(C)c12;NS(=O)(=O)c1cnc(NC2CCN(c3ncccn3)CC2)s1;COC(C)c1noc(-c2ccc(-c3noc(C(F)(F)F)n3)cc2)n1;CC1CC1C(NS(=O)(=O)c1cnnn1C)c1ccc(Cl)cc1;Cc1ccc(S(=O)(=O)N2CCCC2c2nncn2C)cc1Cl;N#Cc1ccc(C(=O)N2CCNC(=O)C2c2ccccc2Cl)nc1;O=S(=O)(c1ccc(OCc2ccccc2)cc1)c1ccccc1O;C=CCCS(=O)(=O)NCCc1nc(-c2ccc(Cl)cc2)n[nH]1;O=C(NCc1ccc2[nH]c(=O)[nH]c2c1)c1cc2ccc(Cl)cc2[nH]1;NC(=O)Nc1cccc(NC(=O)c2cc(Cl)cc3cccnc23)c1;CC(C)C(NC(CSSCC(N)C(=O)O)C(=O)O)C(=O)O;Cc1nc(C2CCN(S(=O)(=O)c3ccc(Cl)cc3)CC2)n[nH]1;O=S(=O)(c1cccc(Cl)c1)N1CCN(Cc2cnc[nH]2)CC1
m_f858ee,Cc1csc(-c2ccc(CNC(=O)Cc3cccc(F)c3)cc2)n1;Cc1cc(F)cc(C(=O)NCCc2csc(-c3ccccc3)n2)c1;Cc1c(F)cccc1C(=O)NCCc1csc(-c2ccccc2)n1;Cc1cccc(C(=O)NCCc2csc(-c3ccccc3)n2)c1F;CC1Oc2c(cccc2C(=O)NCc2cccc(C(=O)O)c2)NC1=O;COc1ccc(C(=O)Cn2nc(-c3ccccc3)oc2=O)cc1OC;COc1cc(C2C(C#N)C(=N)OC3=CCCC(=O)C32)cc2c1OCO2;COc1cc(CN(C)C(=O)c2ccc(F)cn2)ccc1OC(F)F;O=C1COc2ccc(C(=O)NCCc3cccc(C(=O)O)c3)cc2N1;Cc1csc2ncnc(N3CCN(CCS(C)(=O)=O)CC3)c12;O=C(NCC1(O)CCSC1)NCC1(c2ccc(Cl)cc2)CC1;O=C(C1CN(c2nnc(C3CC3)s2)CCO1)N1CCSCC1;CCCOc1cc(CNC(=O)c2cc(F)c(F)c(O)c2F)ccn1;CCOC(C(=O)Nc1cc(C(F)(F)F)c[nH]c1=O)c1ccccc1;CN(Cc1cccc(O)c1)C(=O)c1cccc(OCC(F)(F)F)n1;COC(=O)C(c1cc(F)c(F)c(F)c1)N(C)C(=O)c1cccn1C;Cc1ccc(CN(C)C)cc1NS(=O)(=O)c1cccc(F)c1F;O=C(NCc1ccccc1CO)c1cccc(OCC(F)(F)F)n1;CCCN(CCc1ccccn1)S(=O)(=O)c1ccc(F)cc1F;COC(Cc1ccccc1)C(=O)Nc1cc(C(F)(F)F)c[nH]c1=O;CCC(C(=O)Nc1ccc(SC(F)F)cc1)c1c(C)noc1C;CC(C(=O)c1ccc(F)cc1)n1cnc(-c2ccc(F)cc2)cc1=O;Cc1cc(=O)c(OCC(=O)Nc2ccc3c(C)cc(=O)[nH]c3c2)co1;CC(Oc1ccccc1C(F)(F)F)C(=O)NCc1ccnc(O)c1;COCc1ccc(CNC(=O)c2ccc(C(F)(F)F)c(=O)[nH]2)cc1
m_cc95e9,CC1Oc2c(cccc2C(=O)NCc2cccc(C(=O)O)c2)NC1=O;O=C1COc2ccc(C(=O)NCCc3cccc(C(=O)O)c3)cc2N1;Cc1cc(=O)c(OCC(=O)Nc2ccc3c(C)cc(=O)[nH]c3c2)co1;COc1cc(C2C(C#N)C(=N)OC3=CCCC(=O)C32)cc2c1OCO2;COc1ccc(C(=O)Cn2nc(-c3ccccc3)oc2=O)cc1OC;Cc1c(F)cccc1C(=O)NCCc1csc(-c2ccccc2)n1;Cc1cc(F)cc(C(=O)NCCc2csc(-c3ccccc3)n2)c1;Cc1ccc(CN(C)C)cc1NS(=O)(=O)c1cccc(F)c1F;Cc1csc(-c2ccc(CNC(=O)Cc3cccc(F)c3)cc2)n1;CCCN(CCc1ccccn1)S(=O)(=O)c1ccc(F)cc1F;CCC(C(=O)Nc1ccc(SC(F)F)cc1)c1c(C)noc1C;O=C(O)c1ccc(O)c(NC(Cc2c[nH]c3ccccc23)C(=O)O)c1;CCC(NCc1cc(F)ccc1F)c1cccc(S(N)(=O)=O)c1;CCS(=O)(=O)Nc1ccc(C(C)Nc2cc(F)cc(F)c2)cc1;O=C(O)C1CC1C(=O)Nc1cccc(-c2ccc3c(c2)OCCO3)n1;CCOc1ccccc1-c1nnc(COc2ccc3c(c2)OCO3)o1;CNS(=O)(=O)c1cccc(C(C)NCc2ccc(F)c(F)c2)c1;CC(c1ccc(S(N)(=O)=O)cc1)N(C)Cc1cc(F)ccc1F;O=C(C1CCCN1C(=O)c1cc(F)ccc1F)N1CCSCC1;COc1cc(C2C(C#N)=C(N)OC3=C2C(=O)CCC3)cc2c1OCO2;CN(C)C(=O)C1CSCN1C(=O)C1CC1c1c(F)cccc1F;Cc1noc(C)c1CSCC(=O)NC(C)c1ccc(F)c(F)c1;O=C(O)COc1cccc(NC(=O)CN2Cc3ccccc3C2=O)c1;CS(=O)(=O)CCN1CCC(Nc2ncnc3ccsc23)CC1;CCOc1nc2cccc(C(=O)O)c2n1Cc1ccc(C(=O)O)cc1
m_c8934f,c1cn2cnnc2c(N2CCCC(c3nc4c(s3)CCCC4)C2)n1;Nc1ncnc2c1ncn2CC(=O)NC(CCO)C1CC(F)(F)C1;c1ccc2sc(C3CCCCN3Cc3nnnn3C3CC3)nc2c1;COCc1nc2n(n1)CC(NC(=O)Cn1ccc(C(F)F)n1)CC2;Cc1nc(Cn2cc(C(=O)NCC3CCC(F)(F)CC3)nn2)no1;CC(C)(C)N1CCC(NS(=O)(=O)c2ccc3c(c2)OCO3)CC1;Clc1cccc(CNC2=Nc3ccccc3NC23CCNCC3)c1;Cn1ccc(CS(=O)(=O)CC(=O)NCC2CCCCC2)cc1=O;CC1(C)C2CCC1(C)C(NC(=O)c1coc(CS(C)(=O)=O)n1)C2;COCc1ncsc1C(=O)N1CCCCC1C(=O)OC(C)(C)C;CCS(=O)(=O)N1CCC(NC(=O)c2ccc(C)c(OC)c2)CC1;Cc1ccoc1C(=O)N1CCC(S(=O)(=O)N2CCCCC2)CC1;CCN(C(=O)N1CCS(=O)(=O)CC1)C(C)c1cccc(OC)c1;CC(c1ccc(S(C)(=O)=O)cc1)N(C)C(=O)NCC1CCCO1;COc1ccc(CCCNC(=O)N2CCC(S(C)(=O)=O)C2)cc1;CCOc1cc(C)c(C)cc1S(=O)(=O)N1CCN(C(C)=O)CC1;COC(=O)c1ccccc1CN(C)C1CCN(S(C)(=O)=O)CC1;CCOc1ccccc1CNC(=O)CC1CS(=O)(=O)CCN1C;CCOc1ccc(S(=O)(=O)N2CCC(C(N)=O)CC2)c(C)c1C;CN(C1CCCCC1)S(=O)(=O)Nc1cccc(CCC(=O)O)c1;COc1ccc(C)cc1S(=O)(=O)N1CCCC(CC(N)=O)CC1;CCN(C)C(=O)c1cccc(S(=O)(=O)NC2CCC2COC)c1;COc1ccc(CN(C)C(=O)CC2CS(=O)(=O)CCN2)cc1C;CCOc1cccc(S(=O)(=O)N(C)CC2CCN(C(C)=O)C2)c1;Cc1cccc(OCCNC(=O)N2CCC(C)S(=O)(=O)CC2)c1
m_dbd5d0,COc1ccc(Cc2noc(C3CCn4ccnc4C3)n2)cc1OC;Cc1noc(C(NC(=O)c2ccc(C#N)cc2C)C2CCOCC2)n1;Cc1nnc(C2CN(C(=O)CCc3c[nH]c4ccccc34)CCO2)o1;COC(=O)C(Cc1c[nH]c2ccccc12)NC(=O)c1cc(C)nn1C;Cn1nc(C2CC2)nc1CC(=O)N1CCc2ccccc2C1C(=O)O;Cc1ccc2[nH]cc(CCC(=O)N3CCN4C(=O)NC(=O)C4C3)c2c1;CCOc1ccc(Cl)cc1CCNC(=O)NC1CCC(O)CC1;CCn1cc(C(=O)NC2COCC2Oc2cn[nH]c2)c2ccccc21;O=C(O)C1CC2CCCCC2N1C(=O)c1ccc(-c2ncn[nH]2)cc1;Cn1cc(-c2ccc(CCNC(=O)CN3C(=O)CCC3=O)cc2)cn1;Cc1noc(C)c1C(C)NC(=O)N1CC(Oc2ccc(C#N)cc2)C1;O=C(O)C1CC2CCCCC2N1C(=O)c1ccc(-n2ccnn2)cc1;O=C(O)C1CC2CCCCC2N1C(=O)c1ccc(-n2cncn2)cc1;Cc1c(C(=O)N(C)CC2OCCC2c2ncn[nH]2)oc2ccccc12;O=C(CN1Cc2c(cnn2-c2ccccc2)C1=O)N1CCCC(O)C1;CCc1ccc2occ(C(=O)N3CCC(n4cn[nH]c4=O)CC3)c2c1;O=C(NC1CCOCC1Nc1ccncn1)c1ccc2c(c1)COC2;Cn1nc(CNC(=O)Cn2c(=O)oc3ccccc32)c2c1CCCC2;COc1ccccc1-c1nc(C2CCN(Cc3ccon3)CC2)no1;O=C(NCc1ccc2c(c1)OCO2)N1CCN(c2ccncc2)CC1;O=C(NCC(=O)N1CC2CNCC2C1)c1cnc2ccccc2c1O;Cc1ccc(NC(=O)CN(C)S(=O)(=O)N2CCCCC2C)nc1;CCN(CC)C(=O)N1CCN(c2ccccc2S(N)(=O)=O)CC1;O=C(NCCC(=O)N1CCOCC1)c1cnc(-c2ccccc2)nc1;CCc1ccccc1OCC(=O)NCCc1nnc(-c2ccco2)[nH]1
m_1d7bdd,COc1ccc(F)c(C(=O)N(C)CC2CC(OC)CN2C)c1OC;COCCN1CCC(NC(=O)c2c(F)ccc(OC)c2OC)CC1;COc1cc(F)c(C(=O)N(C)CC2CC(OC)CN2C)cc1OC;CCOCC(O)CN1CCN(C(=O)c2ccc(OC)cc2F)CC1;COCCC(=O)N1CCN(CC(O)COc2ccc(F)cc2)CC1;COC(C)(C(=O)NC(CO)CN1CCOCC1)c1ccccc1F;COCC(=O)Nc1ccccc1NC(=O)c1ccc(C(C)(C)C)cc1;O=C(NC1CC2CCC1O2)N1CCCC2(C=Cc3ccccc3O2)C1;CC(C)NCC(O)COC1c2ccccc2C(=O)N1c1ccccc1;COc1ccc2cc(CNC(=O)C3CCCN(C(C)=O)C3)ccc2c1;O=C(CCCNC(=O)C1CC1)NC(c1cc2ccccc2o1)C1CC1;CC(CO)C1CCN(C(=O)c2cnccc2Oc2ccccc2)CC1;Cc1cc(C(C)(C)C)cc(C)c1S(=O)(=O)NC(C)(C)CC(N)=O;CC(NC(=O)c1ccoc1)C(=O)N1CC(C(C)(C)C)c2ccccc21;COc1cc(=O)[nH]cc1C(=O)N(Cc1ccccc1)C1CCCCC1;COC1CCN(C(=O)c2cccn(Cc3cccc(C)c3)c2=O)CC1;O=C(NCCCc1ccc(O)cc1)NC1CCOC1c1ccccc1;O=C(COc1ccc(OCc2ccccc2)cc1)N1CCCNCC1;CCN(C)C(=O)c1cccc(OCC(=O)Nc2cc(C)cc(C)c2)c1;Cn1ccc(C(=O)N2CCC(OCCc3ccccc3)CC2)cc1=O;O=C(Cc1ccc(OCCN2CCc3ccccc32)cc1)NCCO;O=C(CCCc1ncc(-c2ccccc2)o1)N1CCOC2CCCC21;Cc1cc(C2CCCN2C(=O)C(C)Oc2ccc3c(c2)CCC3)no1;Cc1cc(C2CCCN2C(=O)C(C)Oc2ccc3c(c2)CCC3)on1;CN1CCOC(C(=O)NCc2ccccc2OCc2ccccc2)C1
m_6ebcf9,CC(=O)N1CCC(NC(=O)CCc2cn(C)nc2C)c2ccccc21;COC1CC(c2nncn2C)N(C(=O)c2ccc(C3CCC3)cc2)C1;COC1CC(c2ncn[nH]2)N(C(=O)Cc2ccc3c(c2)CCCC3)C1;COc1cccc2cc(CNCCc3nnc4n3CCCCC4)oc12;CCN(Cc1cnn(CC)c1)C(=O)c1ccc2c(c1)C(C)(C)C(=O)N2;CC(C)(C)NC(=O)c1cccc(NC(=O)C2CCn3cncc3C2)c1;CCC(C)NC(=O)c1ccc(NC(=O)C2CCn3cncc3C2)cc1;CN1CCN(CC(NC(=O)c2cccnc2O)c2ccccc2)CC1;O=C(NCCc1ccc(-n2cccn2)cc1)N1CCC2(CCOC2)C1;O=C(NCc1coc(-c2ccccc2)n1)N1CCN(CC2CC2)CC1;CNC(=O)c1ccc(NC(=O)c2cc(C3CC3)n(C(C)(C)C)n2)cc1;O=C(NCc1cccc(-n2ccnc2)c1)N1CC2CCCC(C1)C2O;COc1cccc2c1CCN(C1CCCN(c3cnn(C)c3)C1=O)C2;CCOc1ncnc2c1CN(C(C(=O)N(C)C)c1ccccc1)CC2;CN(C)C(=O)COc1ccccc1CNc1ccnc(C2(C)CC2)n1;CN1CCCN(C(=O)Nc2ccnc(OCc3ccccc3)c2)CC1;COc1cccc(CC(=O)N2CCN(c3ncc(C)c(C)n3)CC2)c1;Cc1cc(C)n(-c2ccc(C(=O)N3CC(NC4CCOC4)C3)cc2)n1;Cc1cccc(OCC(=O)N2CCCN(c3cccnn3)CC2)c1C;COc1cncc(N2CCC(C(=O)NCc3ccc(C)cc3)CC2)n1;CC(C)Oc1ccc(C(=O)N2CCC(n3cc(C4CC4)nn3)C2)cc1;C=CCNC(=O)C1(NC(=O)CNc2ccc(C#N)cc2)CCCCC1;O=C(NC1CC1)C(c1ccccc1)n1cc(C2(O)CCCCC2)nn1;CNc1ncnc2cc(C(=O)N3CCCC4(CCCOC4)C3)ccc12;O=C(N1CCOC(Cn2cccn2)C1)C1(c2cccnc2)CCCC1
m_6f414f,Cc1cccc(S(=O)(=O)Nc2cccc(-c3ccc(=O)[nH]n3)c2)c1;Cc1ccc(S(=O)(=O)Nc2cccc(-c3ccc(=O)[nH]n3)c2)cc1;COc1ccc2c(c1)CCN2C(=O)c1cc(C#N)c(SC)[nH]c1=O;Cc1ccn2c(=O)nc(SCC(=O)OCc3ccccc3)nc2c1;CC(NS(=O)(=O)Cc1noc2ccccc12)c1ccc(C#N)cc1;O=C(NCC(C(=O)O)c1ccccc1)c1cc(-c2cccs2)[nH]n1;CNC(=O)c1ccc(C)c(NC(=O)c2csc(-c3ccoc3)n2)c1;CN(C(=O)COc1ccc(C(N)=O)cc1)c1nc2ccccc2s1;NS(=O)(=O)c1ccc2c(c1)N(C(=O)c1cc3ccccn3c1)CC2;Cn1nc(-c2ccccc2NS(=O)(=O)c2ccccc2)ccc1=O;O=C(c1cnc2sc(Cc3ccccc3)cn2c1=O)N1CC(O)C1;CS(=O)(=O)c1ccc2ncnc(Nc3ccc4c(c3)COC4)c2c1;COC(=O)c1sc(-c2ccccc2)cc1NC(=O)c1ccn(C)n1;CC(C)OC(=O)c1ccc2nc(NC(=O)c3cccnc3)sc2c1;N#Cc1ccc(C(=O)Nc2cccc(C(=O)N3CCOCC3)c2)s1;O=C(Cc1cccs1)NCc1cccc(-n2ccc(C(=O)O)n2)c1;COC(=O)c1ccc(CSc2nc(=O)n3cccc(C)c3n2)cc1;CN(c1ccccc1C(N)=O)S(=O)(=O)c1cccc2ncccc12;COC(=O)NCC(=O)Nc1nc(-c2ccc3ccccc3c2)cs1;CNC(=O)c1ccccc1NC(=O)c1nc(-c2cccs2)oc1C;CC1Oc2ccccc2N(CCc2nc(-c3ccsc3)no2)C1=O;CNC(=O)c1ccc(NC(=O)c2ncoc2-c2cccs2)c(C)c1;CNC(=O)c1cc(C)ccc1NC(=O)c1csc(-c2ccoc2)n1;CNC(=O)Cc1ccccc1NC(=O)c1ncoc1-c1cccs1;CC(C)Cn1cnc(S(=O)(=O)Nc2ccc(C(=O)O)cc2F)c1
m_2f1128,NC(=O)C1Cc2ccccc2N1C(=O)COc1ccc([N+](=O)[O-])cc1;CCn1nc(C)c(S(=O)(=O)N2CCc3c(F)cc(F)cc32)c1C;Cc1cnn(C2CCN(S(=O)(=O)c3cc(F)c(C)cc3F)C2)c1;Cc1nn(C)c(C)c1S(=O)(=O)N1CCCc2cc(F)c(F)cc21;Cc1c(S(=O)(=O)N2CCCC(O)(C(F)(F)F)CC2)cnn1C;CCn1cc(S(=O)(=O)N2CCC(C(O)C(F)(F)F)CC2)cn1;CCn1nc(C)c(S(=O)(=O)N2CCC(O)(C(F)(F)F)C2)c1C;COC(=O)c1ccc(-c2noc(C(C)NC(=O)c3ccoc3)n2)cc1;Cn1cc(C(F)F)c(CNS(=O)(=O)C2Cc3ccccc3C2)n1;Cc1nc(C)c(CNC(=O)NCc2cccc(OC(F)F)c2)s1;COCCS(=O)(=O)NCC1CCc2nc(C(F)(F)F)cn2C1;O=S(=O)(NC1CCC(F)(F)CC1)c1cnn(-c2ccccc2)c1;Cc1cc(S(=O)(=O)NCC2CCn3ccnc3C2)c(F)cc1F;O=S(=O)(CC1CCC(F)(F)C1)Nc1cccc(-n2ccnc2)c1;CS(=O)(=O)N1CCC(c2ncc(-c3ccc(F)c(F)c3)[nH]2)CC1;CCNc1ncc(S(=O)(=O)NC(CC)CO)cc1C(F)(F)F;CCNc1ncc(S(=O)(=O)N(C)CCOC)cc1C(F)(F)F;Cc1nc(C2CC2)sc1C(=O)NC(C)(C)c1cc(C(F)F)on1;Cc1nc(NC(=O)N(CCC(F)(F)F)CC(O)CO)sc1C;Cc1nc(CNC(=O)NCCOc2ccc(F)cc2F)sc1C;CN1C(=O)NC2CN(C(=O)c3ccc(SC(F)F)cc3)CCC21;O=C(O)CN(C(=O)CCOc1ccccc1Cl)C1CCOCC1;CCCOc1c(Cl)cc(C(=O)N2CCCC2C(=O)O)cc1OC;Cc1cc(Cl)ccc1OCC(=O)N(CC(=O)O)C1CCOCC1;O=C(O)CN(C(=O)CCOc1ccc(Cl)cc1)C1CCOCC1
m_006153,C=CCn1c(NCc2ccc(OC)cc2)nc2c1c(=O)[nH]c(=O)n2C;COCc1ncc(-c2noc(CC(O)Cc3ccccc3)n2)c(N)n1;O=C(NCCCO)c1ccc(NCCN2CCOCC2)c(Cl)c1;CCCc1cc(NC(=O)CCn2c(=O)[nH]c(=O)c3ccccc32)n[nH]1;CC(CO)NC(=O)c1ccc(NCCN2CCOCC2)c(Cl)c1;Cc1nnc(C2CC(O)C(CNc3cccc(C(F)(F)F)n3)C2)[nH]1;Cc1cc(=O)nc(-n2nc(-c3ccco3)cc2NC(=O)C(C)(C)C)[nH]1;Cc1nc(C(=O)N2CCCC(c3nc(C(F)(F)F)cn3C)C2)c[nH]1;CC(C)c1nnc2n1CCN(C(=O)Cn1c(=O)oc3ccccc31)C2;O=C(CN1C(=O)COc2ccccc21)NCCc1nnc2n1CCC2;Cc1noc(CCNC(=O)CCCc2nc(=O)c3ccccc3[nH]2)n1;CN(C)S(=O)(=O)N1CCN(C(=O)c2cc3n(n2)CCCC3)CC1;O=c1n(CCCNc2ncccc2C(F)(F)F)nc2n1CCCC2;CC(NC(=O)Cn1cnc2c1c(=O)n(C)c(=O)n2C)c1ccccc1;CCN(CC(=O)O)C1CCN(C(=O)c2cc(Cl)cn2CC)CC1;Cc1nnc2n1CCN(C(=O)CCCn1c(=O)oc3ccccc31)C2;Cc1nnc(CN(C)CC(=O)Nc2cccc(C(F)(F)F)c2)n1C;Cn1ccc(-c2cc(C(=O)N3CCN(Cc4ccco4)CC3)no2)n1;Cc1cc(C(=O)N2CCCC(c3ncc(C(F)(F)F)[nH]3)C2)n(C)n1;COc1ccnc(N2CCN(C(=O)c3ccc(C(N)=O)cc3)CC2)n1;COc1cc(Cl)ccc1CNC(=O)NC(C)C(=O)NC(C)(C)C;Cc1cc(C(=O)Nc2cccc(-c3noc(=O)[nH]3)c2)nn1C(C)(C)C;Cc1nc(CN2CCN(C(=O)Cc3noc4ccccc34)CC2)no1;CC(NC(=O)NCCc1ccc(C(F)(F)F)cc1)c1nncn1C;COc1cccc(-c2cc(-c3nc(C(C)(C)NC(C)=O)no3)[nH]n2)c1
m_5bfac3,COc1ccc(C)cc1CC(=O)NC1c2ccccc2OCC1CO;CCOCc1ccccc1CNC(=O)c1ccc2c(c1)OCCCO2;Cc1c(C(=O)N2CCC(C3CCOC3)CC2)oc(=O)c2ccccc12;CCc1cccc(CC)c1NC(=O)COc1ccc2c(c1)OCCO2;COc1cc(CNCC2CCOC2c2ccccc2)cc2c1OCO2;COc1cccc(C(=O)N2CCC(Oc3ccccc3)CC2)c1OC;O=C1CCC2(O)C3Cc4ccc(O)c5c4C2(CCN3CC2CC2)C1O5;COc1cc(OC)cc(C(=O)NCC2(O)CCc3ccccc3C2)c1;CC1c2ccccc2CCN1CC(O)COc1ccc(C(=O)O)cc1;COc1ccc2c3c1OC1C(OC(C)=O)C=CC4C(C2)N(C)CCC341;COc1cc2c(cc1O)CC1c3cc(OC)c(OC)cc3CCN1C2;COc1cc2c(cc1O)CN1CCc3cc(OC)c(OC)cc3C1C2;COc1cc(CN2CCc3ccccc3C2CO)cc2c1OCCO2;COc1cc2c(cc1OC)CN1CCc3ccc(OC)c(O)c3C1C2;CC(C)(C)OC(=O)c1cc2cc3c4c(c2oc1=O)CCCN4CCC3;COc1cc2c(cc1O)C1Cc3cc(OC)c(OC)cc3CN1CC2;COc1ccc(CC(=O)N2CC(O)CC2c2cccc(OC)c2)cc1;CC(OC(=O)c1nc(-c2ccccc2)oc1C1CC1)C1CCOCC1;COc1cc2c(cc1O)CCN1Cc3cc(OC)c(OC)cc3CC21;Cc1cc(C)cc(NC(=O)Cc2ccc(OC(C)(C)C(=O)O)cc2)c1;COc1cc2c(cc1OC)C1Cc3ccc(O)c(OC)c3CN1CC2;COC1=CC2(C=CC1=O)CC1c3c(cc(OC)c(OC)c32)CCN1C;COc1cc2c(cc1O)CCN1Cc3c(ccc(OC)c3OC)CC21;CC1(C)CN(C(=O)c2cc3ccccc3c(=O)o2)CC2(CCCC2)O1;CCc1cccc(OCC(O)COc2ccc3c(c2)NC(=O)CC3)c1
m_f0bee0,Cc1ccc(-c2cc(C(=O)N3CCC(C)(C(=O)O)CC3)n[nH]2)c(C)c1;O=C(NCCNC(=O)c1ccco1)NC(c1ccccc1)C1CCC1;CCCn1nc(C(=O)N2CC(C)OC(c3ccccc3)C2)ccc1=O;Cc1cc(C)n(Cc2cccc(C(=O)N3CCC(C(=O)O)CC3)c2)n1;CCCn1nc(C(=O)NC(c2ccc(OC)cc2)C2CC2)ccc1=O;Cc1cccc2c(C(=O)N3CCC(CN4CCNC4=O)CC3)coc12;COC(=O)C1(C)CCN(C(=O)c2cc(C)n(-c3ccc(C)cc3)n2)C1;CC1CCN(C(=O)NCc2cccc(C(=O)NCc3ccco3)c2)C1;COC(=O)CCN(C(=O)c1cnn2c1CCCC2)c1ccccc1C;O=C(NC1CCCNC1=O)C1CC(=O)N(c2ccc3c(c2)CCC3)C1;O=CN(Cc1ccco1)C(C(=O)NC1CCCCC1)c1cccnc1;Cc1[nH]ncc1CCCNC(=O)C1CC1c1ccc2c(c1)OCCO2;Cc1c(OCC(=O)N2CCN(c3ccccc3)CC2)c(=O)ccn1C;Cc1cc(C)n(CC2CCCN2C(=O)c2ccc3c(c2)OCCO3)n1;COc1ccccc1Nc1ncccc1C(=O)NC(C)C1CCCO1;O=C(O)CC1CN(Cc2cc(-c3ccccc3)n[nH]2)C2(CCC2)CO1;COC1(c2ccccc2)CN(C(=O)c2n[nH]c3c2CC(C)OC3C)C1;CCc1ccnc(C(=O)N2CC(OC)CC2COc2cccnc2)c1;Cn1nc(CC(=O)N(CC2CCOC2)C2CC2)c2ccccc2c1=O;Cc1onc(-c2ccccc2)c1C(=O)NCCN1CCCCCC1=O;COc1cc(C(=O)N2CCN(C(=O)c3ccn(C)c3)CC2)ccc1C;O=C(c1ccc2c(c1)[nH]c(=O)n2C1CCCC1)N1CC(O)(C2CC2)C1;O=C(O)Cn1ccc(NC(=O)CC2CCC(c3ccccc3)CC2)n1;CC1CN(C(=O)c2c[nH]nc2C2CCOCC2)Cc2ccccc2O1;Cc1cc(C)n(CC2CCCCN2C(=O)c2ccc3c(c2)OCO3)n1
m_108fdb,COc1cccc2c1OCC(C(=O)N(Cc1cnn(C)c1)C(C)C)=C2;COc1ccc(CN(C)CC(=O)Nc2ccc(NC(C)=O)cc2)cc1;CCCOc1ccc2c(c1)OCC(C(=O)NC(C)Cn1cccn1)=C2;O=C(c1ccc(-n2cccn2)cc1)N1CCOCC1C1CCCC1O;COc1cc(C(=O)N2CCCC(CO)(Cc3ccccc3)C2)ncn1;Cc1n[nH]c(C)c1CCC(=O)N1CCCC1c1ccc2c(c1)OCO2;Cc1cc(C)n(C(C)CC(=O)N2CCc3cccc(C(=O)O)c3C2)n1;COc1cccc2c1OCC(NC(=O)N(C)CCc1ccccn1)C2;COC1CC(COc2cccnc2)N(C(=O)CCc2ccccn2)C1;CCc1ccnc(C(=O)N2CCN(C(=O)c3cc(C)oc3C)CC2)c1;COC1CC(COc2cccnc2)N(C(=O)Cc2ccncc2C)C1;CC(C)Cn1ncc(C(=O)NCc2ccc(C(=O)O)cc2)c1C1CC1;COc1ccccc1C1CC1C(=O)N1CCCC(c2nc(C)no2)C1;CCOC(=O)C1CCN(C(=O)Cc2cnn(-c3ccccc3)c2)CC1;O=C1CCN(C(=O)Cc2cc(-c3ccccc3)on2)CCCCCN1;CCC(=O)NC1CCCN(C(=O)Cc2cc(-c3ccccc3)on2)C1;Cc1ccc(C(CN2CCOCC2)NC(=O)c2cccnc2O)cc1;Cc1noc(CCNC(=O)C2CC23CC(C)(C)Oc2ccccc23)n1;O=C1CCCCN1CC(=O)N1CCCCC1c1nc2ccccc2o1;Cc1ccc(Cn2cccc(NC(=O)NC3CCOC3C)c2=O)cc1;CC1CN(C(=O)Nc2ccnc(OCc3ccccc3)c2)CC1CO;Cc1cc(CN2CC(C(=O)N3CCCCC3)Oc3ccccc32)no1;COc1ncnc(OC)c1C(=O)N1CCC(Cc2ccccc2)CC1;COC1CC(C(N)=O)N(Cc2ccccc2OCc2ccccn2)C1;c1cc(N2CCOCC2)ncc1CNCc1ccc2c(c1)OCCO2
m_f22bed,COC(=O)C1C2CCC(C2)C1NC(=O)CCn1cnc2ccccc21;CC1(C)CCC(C(=O)N2CCC3(C2)NC(=O)NC3=O)c2ccccc21;CCNC(=O)c1cc(NC(=O)C2(COC)CCC2)nc2ccccc12;O=C1CCCCCN1CC(=O)N(Cc1cccnc1)Cc1ccco1;CC(C)C(=O)NC1CCCN(C(=O)c2cc(O)nc3ccccc23)C1;Cc1noc(C)c1CCN1C(=O)NC(C)(CCc2ccccc2)C1=O;Cc1cccc2c1CCN(C(=O)C1CCC3(CC1)NC(=O)NC3=O)C2;Cc1cc(C)n(Cc2cccc(C(=O)N3CCCCC3C(=O)O)c2)n1;CCc1nc2ccccc2c(C(=O)NCC(=O)N2CCOCC2)c1C;O=C(O)Cn1ccc(NC(=O)CC2CCC(c3ccccc3)CC2)n1;Cc1ncc(C(=O)Nc2ccc(CC(C)C(=O)O)cc2)c(C(C)C)n1;Cc1cc(C)n(CC2CCCCN2C(=O)c2ccc3c(c2)OCO3)n1;CCC(=O)NC1CCCN(C(=O)c2ccc(-c3ccco3)nc2C)C1;Cc1nnc(C2CN(C(=O)C3(Cc4ccccc4)CCC3)CCO2)o1;CC1CN(C(=O)c2c[nH]nc2C2CCOCC2)Cc2ccccc2O1;O=CN(Cc1ccco1)C(C(=O)NC1CCCCC1)c1cccnc1;Cc1[nH]ncc1CCCNC(=O)C1CC1c1ccc2c(c1)OCCO2;COc1ccccc1Nc1ncccc1C(=O)NC(C)C1CCCO1;Cc1cc(C)n(CC2CCCN2C(=O)c2ccc3c(c2)OCCO3)n1;Cc1c(OCC(=O)N2CCN(c3ccccc3)CC2)c(=O)ccn1C;O=C(O)CCCN1CC2CCCC2(c2nc(-c3ccccc3)no2)C1;CC1(C)CCC(CC(=O)Nc2ccn(CC(=O)O)n2)c2ccccc21;COc1ccc2c(c1)CCN(C(=O)c1c[nH]nc1C1CCOC1)CC2;CN(CC1OCCN(C)C1c1ccccc1)C(=O)c1cc[nH]c(=O)c1;CCN1CCC2OCCN(C(=O)c3ocnc3-c3ccccc3)C2C1
m_b8a6f4,CCCCCCC(=Cc1ccccc1)CNCCOP(=O)(O)O;Cc1cc(C)n(CC2CCCCN2C(=O)c2ccc3c(c2)OCO3)n1;O=C(O)Cn1ccc(NC(=O)CC2CCC(c3ccccc3)CC2)n1;CCC(=O)NC1CCCN(C(=O)c2ccc(-c3ccco3)nc2C)C1;Cc1ncc(C(=O)Nc2ccc(CC(C)C(=O)O)cc2)c(C(C)C)n1;CC1CN(C(=O)c2c[nH]nc2C2CCOCC2)Cc2ccccc2O1;Cc1cc(C)n(CC2CCCN2C(=O)c2ccc3c(c2)OCCO3)n1;CC1(C)CCC(C(=O)N2CCC3(C2)NC(=O)NC3=O)c2ccccc21;COC(=O)C1C2CCC(C2)C1NC(=O)CCn1cnc2ccccc21;CCNC(=O)c1cc(NC(=O)C2(COC)CCC2)nc2ccccc12;Cc1noc(C)c1CCN1C(=O)NC(C)(CCc2ccccc2)C1=O;O=C1CCCCCN1CC(=O)N(Cc1cccnc1)Cc1ccco1;CC(C)C(=O)NC1CCCN(C(=O)c2cc(O)nc3ccccc23)C1;CCc1ccnc(C(=O)N2CCN(C(=O)c3cc(C)oc3C)CC2)c1;Cc1cccc2c1CCN(C(=O)C1CCC3(CC1)NC(=O)NC3=O)C2;CCc1nc2ccccc2c(C(=O)NCC(=O)N2CCOCC2)c1C;Cc1cc(C)n(Cc2cccc(C(=O)N3CCCCC3C(=O)O)c2)n1;COc1cc2c(cc1OC)CN(C(=O)NCc1ccc(C)nc1)CC2;Cc1ccc(NC(=O)N2CCC(NC(=O)c3occc3C)CC2)cc1;CC(C)(CNC(=O)N1CCOc2cc(O)ccc2C1)c1ccncc1;CN(CC1OCCN(C)C1c1ccccc1)C(=O)c1cc[nH]c(=O)c1;CCN1CCC2OCCN(C(=O)c3ocnc3-c3ccccc3)C2C1;Cc1n[nH]c(C)c1CCC(=O)N1CCCC1c1ccc2c(c1)OCO2;CC1(C)CCC(CC(=O)Nc2ccn(CC(=O)O)n2)c2ccccc21;Cc1cc(C)n(C(C)CC(=O)N2CCc3ccccc3C2C(=O)O)n1
m_34c315,CC(C)N(CCO)CC1CCN(C(=O)c2cc(Cl)cn2C)CC1;O=C(NC1CCC(O)CC1)N1CCn2c(nnc2-c2ccccc2)C1;CC(C)c1noc(CN2CCCC(COc3cc(C#N)ccn3)C2)n1;Cn1cnnc1CC1(O)CCCN(CCOc2ccc(C#N)cc2)C1;CC(C)C(=O)Nc1cc(C(=O)N2CCC(c3ncc[nH]3)CC2)ccn1;CCN(Cc1ccc(OC)cc1OC)c1nc(C)nc2c1cnn2C;CC1CN(C(=O)NCc2ccc(Cn3ccnc3)cc2)CC(=O)N1C;CCCN1CCN(C(=O)c2ccc(-n3cnnc3)cc2)C(C)(C)C1=O;COC(=O)C1CC2CCCCC2N1Cc1nnnn1-c1ccccc1;Cc1ccc2c(c1)OCCN2C(=O)c1nnn(C2CCNCC2)c1C;Cn1ccnc(NC(=O)NC(CN2CCCC2)c2ccccc2)c1=O;CC1C(=O)NCCCN1C(=O)NCc1ccc(Cn2ccnc2)cc1;CC(C)Cc1ccc(CC(=O)N2CC(n3cc(C(N)=O)nn3)C2)cc1;Cc1nccc(NC2COCCC2NC(=O)c2cccn2C2CC2)n1;Cn1cnnc1CC1(O)CCCN(C(=O)c2cccnc2C2CC2)C1;Cc1c(NC(=O)N2CCN3CCOCC3C2)cnn1-c1ccccc1;CNC(=O)c1ccc(NCC2OCCN(C)C2c2ccccc2)nn1;CCOc1ccc(C(=O)N2CCCN(c3ccc(C)nn3)CC2)cn1;Cc1c[nH]cc1C(=O)N1CCC(c2cc(O)nc(N3CCCC3)n2)C1;Cc1ccccc1C(=O)NC1CCN(C(=O)Nc2cnn(C)c2)CC1;CN(CC1OCCN(C)C1c1ccccc1)c1ccc(C(N)=O)nn1;O=C(Cn1cnc(NC(=O)C2CCCCC2)n1)NCc1ccccc1;CCCc1c(NC(=O)NC2CNC(=O)C2)cnn1-c1ccc(C)cc1;CCOc1ncccc1C(=O)N1CCC(N(C)c2cccnn2)CC1;CC(C)C(=O)Nc1cc(C(=O)N2CCC(n3cccn3)CC2)ccn1
m_acdfec,CC(C)N(CCO)CC1CCN(C(=O)c2cc(Cl)cn2C)CC1;COC(=O)C1CC2CCCCC2N1Cc1nnnn1-c1ccccc1;CCCN1CCN(C(=O)c2ccc(-n3cnnc3)cc2)C(C)(C)C1=O;CC1CN(C(=O)NCc2ccc(Cn3ccnc3)cc2)CC(=O)N1C;CC1C(=O)NCCCN1C(=O)NCc1ccc(Cn2ccnc2)cc1;O=C(NC1CCC(O)CC1)N1CCn2c(nnc2-c2ccccc2)C1;CCN(Cc1ccc(OC)cc1OC)c1nc(C)nc2c1cnn2C;Cn1cnnc1CC1(O)CCCN(CCOc2ccc(C#N)cc2)C1;CC(C)c1noc(CN2CCCC(COc3cc(C#N)ccn3)C2)n1;CC(C)C(=O)Nc1cc(C(=O)N2CCC(c3ncc[nH]3)CC2)ccn1;Cn1ccnc(NC(=O)NC(CN2CCCC2)c2ccccc2)c1=O;Cc1ccc2c(c1)OCCN2C(=O)c1nnn(C2CCNCC2)c1C;Cc1c(NC(=O)N2CCN3CCOCC3C2)cnn1-c1ccccc1;Cn1cnnc1CC1(O)CCCN(C(=O)c2cccnc2C2CC2)C1;CNC(=O)c1ccc(NCC2OCCN(C)C2c2ccccc2)nn1;Cc1nccc(NC2COCCC2NC(=O)c2cccn2C2CC2)n1;CC(C)Cc1ccc(CC(=O)N2CC(n3cc(C(N)=O)nn3)C2)cc1;CCOc1ncccc1C(=O)N1CCC(N(C)c2cccnn2)CC1;CN(CC1OCCN(C)C1c1ccccc1)c1ccc(C(N)=O)nn1;CCCc1c(NC(=O)NC2CNC(=O)C2)cnn1-c1ccc(C)cc1;Cc1c[nH]cc1C(=O)N1CCC(c2cc(O)nc(N3CCCC3)n2)C1;CCOc1ccc(C(=O)N2CCCN(c3ccc(C)nn3)CC2)cn1;Cc1ccccc1C(=O)NC1CCN(C(=O)Nc2cnn(C)c2)CC1;O=C(Cn1cnc(NC(=O)C2CCCCC2)n1)NCc1ccccc1;CC(C)C(=O)Nc1cc(C(=O)N2CCC(n3cccn3)CC2)ccn1
m_44cb82,COc1ccc(CCCC(=O)N2CCCC(n3ccnc3C)C2)cc1;CCc1ccc(C2CCCCN2C(=O)C2CCc3cnn(C)c3C2)o1;Cc1cc(C)n(-c2ccc(C(=O)NCC3CC(C)OC(C)C3)cc2)n1;COc1ccccc1C(NC(=O)N(C)Cc1ccncc1)C(C)(C)C;CC(C)c1nnc(CCC(=O)N2C(C)CC(c3ccccc3)C2C)o1;COc1ccc(C2(C(=O)NCCCn3ccnc3C)CCCC2)cc1;Cc1ccc2cc(C(=O)N3CCC(OCCCN)CC3)c(C)nc2c1;NC(=O)C1CCOC1CC1CCN(Cc2cccc3[nH]ccc23)CC1;CC1CN(CC2CCCO2)CCC1NC(=O)c1ccc2cc[nH]c2c1;CCc1nc2ccc(C(=O)NC3CCC(CO)CC3)cc2nc1CC;CC1(CNC(=O)N2CC(NC(=O)C3CCC3)C2)Cc2ccccc2C1;CCOc1ccc(CC(=O)NC2CCCc3cn(C(C)C)nc32)cc1;O=C(NCCc1cccc2[nH]ccc12)N1CCC(C2CCCO2)CC1;O=C(CN1CCN(C(=O)C2CC2)CC1)NCC1(c2ccccc2)CC1;CN(C)C(=O)c1ccc(CN2CCC(c3ccccc3)C(CO)C2)[nH]1;CCC(CC)n1nc(C(=O)NC2CCOc3c(C)cccc32)cc1C;CCN1CCOC(CNCc2cccc(OCc3ccccn3)c2)C1;O=C(NCc1cccc(NC(=O)C2CCC2)c1)NCC1CC=CCC1;Cc1nc2ccccc2n1C1CCN(C(=O)CC(C)(O)C2CC2)CC1;CC(C)(CCC#N)CN1CCC2(CC1)CNC(=O)c1ccccc1O2;COc1ccc(C(NC(=O)C2CCCCCC2)c2nccn2C)cc1;O=C(NC1CCCN(CC2CCNCC2)C1)c1cc2ccccc2o1;CCC(c1ccncc1)N(C)C(=O)NCc1cccc(OC(C)C)c1;Cn1c(CNC(=O)C2CCCCC2(C)C)cc(=O)n1-c1ccccc1;CCN(CC)C(=O)C1CCN(Cc2cc(-c3ccccc3)on2)CC1
m_aec773,CNC(=O)C1CCCN(C(=O)c2cc(F)cc(Br)c2)C1;O=C(c1cc(Br)cnc1C1CC1)N1CCC(F)(CO)C1;NC(=O)C1CCCCC1NC(=O)c1cccc(Br)c1F;Cc1c(Br)cc(F)cc1C(=O)NC1(CC(N)=O)CCC1;CN1CC(C(=O)NCCc2ccc(F)c(Br)c2)CC1=O;NC(=O)C1(CNC(=O)c2cc(F)cc(Br)c2)CCCC1;CC1CN(C(=O)Cc2cc(F)ccc2Br)CC1C(N)=O;CC1CN(C(=O)Cc2ccc(F)cc2Br)CC1C(N)=O;COc1cc(C(=O)O)c2c(=O)c3c(O)c4c(cc3oc2c1)COC4=O;CCC(NC(=O)C1CCC(=O)N1)c1cc(F)cc(Br)c1;CC(C)NC(=O)CSc1nnc(Nc2ccccc2Cl)s1;Cc1cc(C)c(Nc2nnc(SCCC(N)=O)s2)c(Cl)c1;CN(C1CCNC1)S(=O)(=O)c1ccc(Cl)c(C(F)(F)F)c1;NC1CCN(S(=O)(=O)c2c(Cl)cccc2C(F)(F)F)CC1;Fc1ccc(-c2csc3ncnc(NCc4nccs4)c23)cc1;CC(C)(C)Nc1ccccc1NC(=O)c1cc(Cl)sc1Cl;NC1CCN(S(=O)(=O)c2ccc(C(F)(F)F)cc2Cl)CC1;Cc1csc2nc(-c3cnc(OCC(F)(F)F)cn3)[nH]c(=O)c12;O=S(=O)(NC1CCNCC1)c1ccc(Cl)c(C(F)(F)F)c1;Cc1cc2c(=O)[nH]c(-c3cnc(OCC(F)(F)F)cn3)nc2s1;CC(Nc1ncc(C(F)(F)F)cc1Cl)C1(S(C)(=O)=O)CC1;O=C(C1CCNCC1)N(Cc1csc(Br)c1)C1CC1;Cc1cc2cc(CNC(=O)c3ccc(Br)cc3)ccc2[nH]1;O=S(=O)(NC1CCCNC1)c1c(Cl)cccc1C(F)(F)F;NC1CCN(S(=O)(=O)c2ccc(Cl)cc2C(F)(F)F)CC1
m_163da0,c1cc2c(cc1CN1CCN(c3nnc(C4CC4)s3)CC1)CCO2;Cc1cccc(C(=O)N(Cc2nccs2)C2CC23CCNCC3)n1;CCC(CC)NC(=O)CSc1nnc2cc(C)c3ccccc3n12;O=C(c1sccc1C1CC1)N1CCC(c2nnc3n2CCC3)CC1;Cc1ccc(NC2CCN(C(=O)c3sccc3C3CC3)CC2)nn1;CN(c1cccnn1)C1CCN(C(=O)c2sccc2C2CC2)CC1;CCOCCSc1nnc(C)c2cnn(-c3ccc(C)c(C)c3)c12;NC1(C(=O)N2CCC(c3nc(-c4ccncc4)cs3)CC2)CCC1;O=C(Nc1cc(-c2ccccc2)ns1)N1CCC(N2CCCC2)C1;Cc1nn(Cc2nc3ccccc3s2)c(C)c1C1COCCN1C;Cc1c(CN(C)CCc2nccs2)c(=O)n(-c2ccccc2)n1C;Cc1nc(CCNCc2c(C)n(C)n(-c3ccccc3)c2=O)cs1;CCNc1cc2c(nn1)CCN(C(=O)c1cccc(CSC)c1)C2;Cc1nsc(NC2CCCN(C(=O)C3(c4ccccc4)CC3)C2)n1;Cc1nsc(N2CCCN(C(=O)C3(c4ccccc4)CC3)CC2)n1;CCc1nn(CCC(=O)Nc2ccc(F)cc2)c(=O)c(C#N)c1CC;CC(=O)NC(C)(C(=O)NC(C)C1CC1)c1cccc(C(F)(F)F)c1;CN1C2CCC1CN(C(=O)Nc1cc(-c3ccccc3)ns1)CC2;CSc1cncc(N2CCCC(CNC(=O)c3ccccc3)C2)n1;Cc1ccc(N2CCC(NC(=O)c3scnc3C3CC3)CC2)nc1;Cc1cn2nc(N3CCC(Oc4c(C)cccc4C)CC3)sc2n1;CN1CCC2OCCN(C(=O)Cc3ccccc3C(F)(F)F)C2C1;Cc1ccc(-c2nnc(SCCCC3(C#N)CCOCC3)[nH]2)cc1;Cc1c(C2CC2)nn(-c2ccccc2)c1NC(=O)N1CCSCC1;CC(C)CC(CNC(=O)c1cc(Cl)ccc1F)N1CCOCC1
m_d1ecad,COc1ccc2c(c1O)-c1c(O)c(OC)cc3c1C(C2)[N+](C)(C)CC3;COc1ccc(CC2c3cc4c(cc3CC[N+]2(C)C)OCO4)cc1O;COc1cc2c(cc1O)CC1c3c(cc(OC)c(O)c3-2)CC[N+]1(C)C;COc1cc2c(cc1O)CC[N+]1(C)Cc3c(ccc(OC)c3O)CC21;COc1cc2c(cc1O)[N+]1(C)CCc3cc(OC)c(OC)cc3C1C2;COc1cc2c(cc1O)CC1c3cc(O)c(OC)cc3CC[N+]1(C)C2;COC1CC(COc2cccnc2)N(C(=O)CCc2ccncn2)C1;Cc1ccc(-n2nnc(CC(=O)N3CCCCC3C(=O)O)c2C)cc1;CN(CC(N)=O)CC1CN(C(=O)c2cncc3ccccc23)CCO1;COc1ccc2[nH]cc(CC(=O)N3CCC4C(C3)NC(=O)N4C)c2c1;Cc1cc(C(=O)NC2CCC(=O)N(C3CC3)C2c2ccnn2C)co1;CN1C(=O)CCC(NC(=O)c2ccoc2C2CC2)C1c1ccnn1C;Cn1nccc1CN1CC(C(=O)N2CCOCC2)Oc2ccccc21;COc1cccc(-c2nc(C(=O)N3CCCNC(=O)C3C)c(C)[nH]2)c1;COC(=O)c1ncn(CC(=O)N2CCC(Cc3ccccc3)CC2)n1;Cc1noc(C)c1CCC(=O)NC1CC(=O)N(C)C1c1cccnc1;Cc1cc(C2CCCN2C(=O)c2ccc(N3CCOCC3)nc2)on1;CC(C)N(Cc1ccc([N+](=O)[O-])cc1)C(=O)c1cnn2c1CCCC2;Cc1occc1C(=O)NC1CCC(=O)N(C2CC2)C1c1ccnn1C;O=C1OCCN1Cc1nc(-c2cccc(CN3CCCCC3)c2)no1;Cc1nnc(-c2cccc(C(=O)NCC3CN(C4CC4)CCO3)c2)o1;Cn1cnnc1C1CCN(C(=O)Cc2ccc3c(c2)OCCO3)CC1;Cc1cc(C(=O)N2CCC(Oc3cccnc3N(C)C)C2)cc(O)n1;Cc1cc(C(=O)OC(C)(C)C)cc(C(=O)N2CCn3cnnc3C2)c1;Cn1c(=O)c2ccc(C(=O)NCCC3=CCCCC3)nc2n(C)c1=O
m_153108,O=S(=O)(Nc1ccc2c(c1)OCCO2)c1ccc(Cl)cc1F;O=S(=O)(NCc1ccc2c(c1)OCO2)c1ccc(Cl)cc1F;O=C(O)Cc1cccc(NS(=O)(=O)c2cc(Cl)ccc2F)c1;Cc1ccc(NS(=O)(=O)c2ccc(C(=O)O)cc2Cl)c(F)c1;O=C(O)Cc1ccc(NS(=O)(=O)c2cc(F)cc(Cl)c2)cc1;CC(NC(=O)c1sccc1Cl)c1ccc(S(C)(=O)=O)cc1;CC(NC(=O)c1ccc(Cl)s1)c1ccc(S(C)(=O)=O)cc1;O=C(O)C1COCCN1C(=O)COc1ccc(Br)cc1;Cc1c(NC(=O)C2COCCO2)cc(Br)cc1C(=O)O;Cn1cc(Cl)c(C(=O)NNC(=S)Nc2cccc(Cl)c2)n1;CN(CCC(=O)O)S(=O)(=O)c1cc(Cl)ccc1OC(F)F;COc1ccc(Br)c(C(=O)N2CCOC(C(=O)O)C2)c1;O=C(Nc1cccc(Br)c1)c1ccc(-n2ccnc2)nn1;COc1c(C(=O)O)cc(Cl)cc1S(=O)(=O)N(C)CC(F)F;O=C(O)C1COCCN1C(=O)COc1cccc(Br)c1;COc1cc(C(=O)NC2(C(=O)O)CC2)cc(OC)c1Br;O=C(O)c1cc(Br)cc(C(=O)NCC2COCCO2)c1;CS(=O)(=O)c1cccc(Cl)c1C(=O)NCCc1cccs1;COc1ccc2c(c1O)-c1c(O)c(OC)cc3c1C(C2)[N+](C)(C)CC3;COc1ccc2c(c1O)-c1c(O)c(OC)cc3c1C(C2)[N+](C)(C)CC3;COc1ccc2c(c1O)-c1c(O)c(OC)cc3c1C(C2)[N+](C)(C)CC3;COc1ccc2c(c1O)-c1c(O)c(OC)cc3c1C(C2)[N+](C)(C)CC3;COc1ccc2c(c1O)-c1c(O)c(OC)cc3c1C(C2)[N+](C)(C)CC3;COc1ccc2c(c1O)-c1c(O)c(OC)cc3c1C(C2)[N+](C)(C)CC3;COc1ccc2c(c1O)-c1c(O)c(OC)cc3c1C(C2)[N+](C)(C)CC3
m_05b52e,COc1ccc(Cl)cc1C(=O)Nc1ccc(-n2cnnn2)c(C)c1;COc1ccc(Cl)cc1CNC(=O)c1ccnc(-n2cncn2)c1;COc1ccc(Cl)cc1CC(=O)Nc1cccc(-n2cnnn2)c1;CN(C)c1nccc(NC(=O)c2cc(-c3cccc(Cl)c3)no2)n1;O=C(COc1ccc(Cl)cc1)NCc1nnnn1-c1ccccc1;COC(C)(C(=O)O)C(=O)Nc1ccc2c(c1)N(S(N)(=O)=O)CC2;O=C(NCCNC(=O)c1nccn2ccnc12)c1ccc(Cl)cc1;O=C(Cn1cccn1)N1CCc2nc3ccc(Cl)cn3c(=O)c2C1;COc1ccc(Cl)cc1-c1cc(NC(=O)c2ccnc(C)n2)[nH]n1;Cc1ccc(C(=O)Nc2ccc(-c3n[nH]c(C)n3)c(Cl)c2)c(=O)[nH]1;O=C(O)C1(C(=O)N2CCN(S(=O)(=O)Cc3ccon3)CC2)CC1;CCc1c(NC(=O)c2ccc(=O)[nH]n2)cnn1-c1cccc(Cl)c1;Cc1nc(-c2ccc(NC(=O)c3ccc(=O)n(C)c3)cc2Cl)n[nH]1;O=C(Nc1nc2ccc(Cl)cn2n1)NC1c2ccccc2CC1O;CC(C)N1CCN(C(=O)NCc2ccc(Cl)c(Cl)c2)CC1=O;COc1ccc(CNC(=O)c2ccccc2OC(F)(F)F)c(F)c1;CN(C)c1ncc(NC(=O)c2cc(-c3cccc(Cl)c3)on2)cn1;CN(Cc1cc2c(cc1OC(F)F)OCO2)C(=O)C1(C(=O)O)CC1;CSc1ccc(-c2csc(Cn3c(C)cc(C)nc3=O)n2)cc1;NC(=O)CN1CCCN(C(=O)Cc2ccc(Cl)c(Cl)c2)CC1;Cc1cc(C)c(S(=O)(=O)Nc2cccc(C(F)(F)F)c2)c(C)c1;CNC(=O)C1CCCN1C(=O)NCCc1cc(Cl)cc(Cl)c1;O=C(N1CCCC1)C1(O)CCCN(c2ncc(Cl)cc2Cl)C1;O=C(N1CCOCC1)N1CCN(c2cc(Cl)ccc2Cl)CC1;CC(CN1CCCC1=O)NC(=O)NCc1cccc(Cl)c1Cl
m_3db789,CNS(=O)(=O)c1cc(NC(=O)c2ccc3[nH]ccc3c2)ccc1C;COC1CC(c2nc(C)no2)N(C(=O)c2cc3ccccc3s2)C1;COc1ccc2c(-c3ccc(CNS(N)(=O)=O)cc3)ccnc2c1;O=C(NCCS(=O)(=O)Nc1ccccc1)c1cccc2cc[nH]c12;COC1CC(c2nnc(C)o2)N(C(=O)c2cc3ccccc3s2)C1;Cc1nnc(C2COCCN2C(=O)c2sc3ccccc3c2C)o1;CC(c1ccccc1)c1nc(-c2ccc(NS(C)(=O)=O)cc2)no1;Cc1ccc(S(=O)(=O)N(C)Cc2nc(-c3ccccc3)no2)cc1;Cc1ccccc1CN(C)C(=O)Cn1nc(-c2cccs2)oc1=O;O=c1[nH]c(O)c(Cc2ccc(OCCNc3ccccn3)cc2)s1;Cc1ccc(CCc2nc(-c3cc4c([nH]c3=O)CCOC4)no2)s1;COC1CC(c2nnc(C)o2)N(C(=O)c2csc3ccccc23)C1;CS(=O)(=O)CCn1ccc(NC(=O)c2ccc3ccccc3c2)n1;COc1ccc(NC(=O)C2CSCN2C(=O)c2ccncc2)cc1;CCc1cc2c(Oc3cccc(C(=O)NCCO)c3)ncnc2s1;COc1ccccc1C(NC(=O)c1sccc1C)c1noc(C)n1;CCOC(=O)c1c(NC(=O)c2c(C)cnn2C)sc2ccccc12;CCOc1ncccc1CNC(=O)Cc1csc(-c2ccoc2)n1;CN(C)C(=O)OCCn1nc(-c2cccs2)c2ccccc2c1=O;Cc1cccn2cc(CC(=O)Nc3ccccc3S(C)(=O)=O)nc12;COC1CC(c2nc(C)no2)N(C(=O)c2ccc3sccc3c2)C1;CC(SCc1ccccc1)C(=O)NCc1noc(-c2ccco2)n1;O=c1c2cnn(-c3ccccc3)c2nnn1Cc1nccn1C(F)F;CS(=O)(=O)CC(=O)NCc1ccc(-n2cnc3ccccc32)cc1;CC(=O)Nc1ccc(S(=O)(=O)n2cnc3cc(C)c(C)cc32)cc1
m_13152b,O=C(NCc1cn(CCO)c(=O)[nH]c1=O)c1ccc2c(c1)CCCC2;Cc1noc(C2CC(O)C(CNC(=O)c3ccc4c(c3)COC4)C2)n1;Cc1nn(C)c(=O)c(C(=O)Nc2ccc(CC(C)C(=O)O)cc2)c1C;CC(C)Oc1ccc(C(=O)O)cc1NC(=O)c1n[nH]c2c1CCCC2;O=C(CCC(=O)N1CCOCC1)Nc1ccc2oc(C3CC3)nc2c1;O=C(c1c[nH]nc1C1CCOC1)N1CCOC(c2cccc(O)c2)C1;CNC(=O)c1cc(OC)ccc1NC(=O)c1ccc(OC(C)C)nc1;Cc1c(C(=O)N2CCOC(CC(=O)O)C2)cnn1Cc1ccccc1;Cc1ccccc1-n1ncc(C(=O)N2CCOC(CC(=O)O)C2)c1C;CCOc1ccc(C2CCCN2C(=O)Cn2ccc(C(=O)O)n2)cc1;COc1cc(OC)cc(N2CCC(NC(=O)c3cc[nH]c3C)C2=O)c1;COC1CCOCC1NC(=O)Nc1ccnc(Oc2ccccc2)c1;COc1nc(C(=O)NCC2(C(N)=O)CCOCC2)cc2ccccc12;O=C(NCc1ccoc1)N1CCN(Cc2ccc3c(c2)OCO3)CC1;CNC(=O)C1(COC)CCCN1C(=O)c1cc2ccccc2c(=O)[nH]1;COC(=O)c1ccc(C(=O)Nc2cnn(CC3CCCCO3)c2)cc1;Cc1cc(C2CCCN2C(=O)C2CC(=O)N(Cc3ccco3)C2)on1;COc1ccc(-c2noc(C3CN4CC5CC4(CO3)C5)n2)cc1OC;COCCN1CC(C(=O)NCc2coc(-c3ccccc3)n2)CC1=O;O=C(O)c1nc(O)nc(O)c1CN1CCC(Cc2ccccc2)CC1;Cc1nc(C(C)(C)C)[nH]c(=O)c1C(=O)NCc1ccc(C(=O)O)cc1;O=C(CCCc1nc2ccccc2c(=O)[nH]1)NC1CCC(C(=O)O)C1;Cn1ccnc1C1OCCC1CNC(=O)c1ccc2c(c1)OCCO2;CC(C)c1cc(C(=O)NC(C(=O)O)c2ccc3c(c2)CCO3)nn1C;CN(Cc1ccc2c(c1)OCO2)C(=O)C1CCOC1c1nccn1C
m_daf5f1,CCN1C(=O)CCC(CNC(=O)c2[nH]ccc2C)C1c1cnn(C)c1;Cc1nc2cc(NC(=O)C3CCCN3C(=O)NC(C)C)ccc2n1C;CC(C)CNC(=O)N1CCCC(C(=O)Nc2cccc3[nH]cnc23)C1;CCn1ccnc1C1OCCC1C(=O)NCc1ccc(N(C)C)nc1;Cc1nn(C)c(C)c1C(=O)N1CCC(Oc2cccnc2N(C)C)C1;CN(C)C1CCCN(C(=O)NCCc2nnc(-c3ccccc3)o2)C1;CCC(O)CN1CCN(C(=O)c2cn(C)nc2-c2cccnc2)CC1;CN(C)C(=O)CC1(O)CCCN(Cc2c[nH]nc2-c2cccnc2)C1;CN(C)CCn1ccc(NC(=O)NC2CCOC2c2ccccc2)n1;CN(C)C(=O)N1CCN(C(=O)Cc2[nH]nc3ccccc23)C(C)(C)C1;O=C(NCCc1nnc2c(=O)[nH]ccn12)C1CCC2CCCCC2C1;CCC(C)NC(=O)CCNC(=O)NCc1ccc(-n2cccn2)cc1;COC1(Cc2nc(-c3cccc(N4CCN(C)CC4)n3)no2)CCC1;O=C(Cc1noc(-c2ccnn2C2CCCC2)n1)NC1CCCCC1;O=C(CCCn1nnc(-c2ccccc2)n1)N1CCCC(CO)CC1;Cc1cc(C)n2nc(C)c(C(=O)NCC3CN(C4CC4)CCO3)c2n1;Cn1nccc1C1CCN(C(=O)C2CCCOC2c2ncc[nH]2)CC1;COC1CC(c2nnc3n2CCC3)N(Cc2noc3c2CCCC3)C1;COC1CCC(NC(C)C(=O)Nc2ccc(-n3cncn3)cc2)CC1;CC(C)(C)C1CCC(c2cc(NC(=O)c3ccc(=O)[nH]n3)[nH]n2)CC1;Cc1ccc(N2CCCN(C(=O)c3c(C)noc3C(C)C)CC2)nn1;COC1CC(CNC(=O)c2cccn2C(C)C)N(c2ccncn2)C1;CCc1cc(=O)[nH]c(-c2ccc(NCCNC(=O)C(C)(C)C)nc2)n1;CNC(=O)NC1CN(C(=O)NCCc2cn(C)c3cc(C)ccc23)C1;COCCC1(C(=O)Nc2ccc(C)c(-n3nnnc3C)c2)CCCC1
m_89a6f2,Cc1c(NC(=O)C2Cn3c(C)nnc3CN2C)cnn1C1CCCC1;O=C(NC1CCCCC1)NC1CCN(c2ncnc3nc[nH]c23)CC1;Cc1nc(C(=O)NCc2cc[nH]n2)nc(N2CCC(N(C)C)C2)c1C;CN(C)CCn1ccc(NC(=O)C2CCN(c3cnccn3)CC2)n1;Cc1cc(N2CCCC(NC(=O)c3cnc(N(C)C)cn3)C2)n(C)n1;Cc1nnnn1-c1cccc(NC(=O)NCCN2CCC(C)CC2)c1;Cc1cc(N2CCC(NC(=O)Nc3cc(C)nn3C)CC2)nc(C)n1;CCC(Nc1nnnn1-c1ccccc1)C(=O)N1CCCC(NC)C1;Cc1nnc(CN2CCN(C)C(c3nc(C4CC4)no3)C2)n1C1CC1;CC(C)C(C(=O)N1CCC(N(C)c2cccnn2)CC1)n1cncn1;CC1CCCCN1C(=O)CN1CCN(c2ncnc3nc[nH]c23)CC1;CNc1cc(N2CCCC2CNC(=O)c2cc(C(C)C)[nH]n2)ncn1;Cc1ccc(NC(=O)C(C)N2CCN(C)CC2)cc1-n1nnnc1C;CCc1nc2n(n1)CC(NCc1cnc(N3CCOCC3)nc1)CC2;CCCC1CC1NC(=O)Nc1cnn(Cc2nnc3n2CCCC3)c1;CCc1nc2n(n1)CCCC2NC(=O)Nc1cnc(C(C)(C)C)nc1;Cc1nccc(N2CCN(C(=O)Nc3cnn(CC(C)C)c3)CC2)n1;Cn1cnnc1CC1(O)CCCN(c2cc(NCC3CC3)ncn2)C1;CN(C)c1cccc(CNC(=O)N2CCC(Cn3cncn3)CC2)n1;COC1CC(CNc2nccc(C)n2)N(c2cc(N(C)C)ncn2)C1;CC(C)n1cnnc1C1CCCN(C(=O)c2cnc(N(C)C)cn2)C1;Cc1nc(N2CCN(C(=O)C3CCCC3N)CC2)c2cnn(C)c2n1;Cc1nc2n(n1)CCCC2NC(=O)Nc1ccnn1C1CCCCC1;Cc1c(C(=O)N2CCCC2c2ccc(N(C)C)nn2)nnn1C(C)C;CC(CN1CCCCC1)NC(=O)NCc1cccnc1-n1cncn1
m_5fef1c,Cc1ccc(C(=O)NC2CCN(C(=O)NC3CCCCC3)CC2)cc1;CC(C)(C)NC(=O)N1CCC(NC(=O)c2ccc3c(c2)CCC3)CC1;CN(CC12CC3CC(CC(C3)C1)C2)C(=O)c1cn[nH]c1C1CCOC1;CCC(=O)N1CCCC(C(=O)N2Cc3ccccc3N(C)CC2C)C1;N#Cc1ccc(OCCCN2CCC(CN3CCOCC3)CC2)cc1;O=C1CCN(C(=O)NCCc2ccc(C3CCCCC3)cc2)CCN1;CC1CCN(CC(=O)Nc2ccccc2C(=O)NC2CCCC2)CC1;O=C1NCCN1C1CCN(Cc2ccccc2OC2CCCC2)CC1;Cc1ccc(C2CCCCCN2C(=O)CCc2c(C)nn(C)c2C)o1;CC(=O)N1CCN(C(=O)CN2CCC(c3ccccc3C)CC2)CC1;CCOC1CC(N(C)C(=O)c2cnc(C3CC3)nc2)C12CCCCC2;Cc1ccc(C(=O)N2CCN(C(=O)CC3CCCCC3)CC2)nc1C;CN(C)C(=O)CC1CCN(C(=O)NCc2ccc3c(c2)CCC3)CC1;Cc1ccc(CCC(=O)NCC(=O)N2CCC3(CCNC3)CC2)cc1;CC(=O)Nc1cccc2c1CCN(C(=O)NC1CCCCCCC1)C2;CC1CCCN(CC(=O)Nc2ccccc2C(=O)NC2CCCC2)C1;CN(C)c1ccc(C(=O)NC2CCN(C(=O)C3CCCCC3)C2)cc1;CNc1ccccc1C(=O)N1CCC(NC(=O)CC2CCCC2)CC1;O=C1NCCN1C1CCCN(Cc2ccccc2OC2CCCC2)C1;Cc1cc(C)cc(C(=O)N2CCCC(C(=O)N3CCCC(N)C3)C2)c1;COc1c(CN2CCC(OCc3ccccc3C)CC2)c(C)nn1C;CC(C)(C)c1ccc(CNC(=O)NCC2CC(=O)N(C3CC3)C2)cc1;CC1(C)CC1C(=O)N1CCC(c2nccc(C3CCOCC3)n2)CC1;CCc1ccc(C2CC(C)CCN2C(=O)CCc2cn(C)nc2C)o1;CCNC(=O)C1CCN(C(=O)C2(N(C)C)CCc3ccccc32)CC1
m_ff5db9,COC1CC(c2ncn[nH]2)N(S(=O)(=O)c2cccc(F)c2F)C1;O=S(=O)(NCC1CCC(c2ncn[nH]2)O1)c1ccc(F)cc1F;COC1CN(S(=O)(=O)c2cccc(F)c2F)CC1c1c[nH]nn1;O=S(=O)(NCC1CCC(c2ncn[nH]2)O1)c1cccc(F)c1F;Cc1n[nH]c(C2OCCC2NS(=O)(=O)c2ccc(F)cc2F)n1;Cc1ncsc1C(=O)Nc1nnc(C(C)(C)c2ccccc2)s1;Cc1cn2c(n1)CCC(NC(=O)c1csc(-c3ccsc3)n1)C2;Cc1c(-c2nn3c(CSC(C)C)nnc3s2)oc2ccccc12;CN(C)c1ncccc1CNC(=O)c1cnc(-c2ccsc2)s1;O=C(c1csc(-c2cccs2)n1)N1CCCC1Cn1cccn1;Cc1cc(NC(=O)C2CCCN2c2ncnc3sccc23)cs1;O=C(Cc1csc(-c2ccsc2)n1)NC1CCc2nccn2C1;CC(NC(=O)CCc1cscn1)c1nc(-c2ccncc2)cs1;O=C(OC1CC(O)(C(=O)O)CC(O)C1O)c1cc(O)c(O)c(O)c1;Cc1cc(C(=O)NC2(CCO)CCN(C)CC2)oc1Br;c1ccc(-c2ccc(-c3nn4c(-c5ccccc5)nnc4s3)o2)cc1;Cc1ccc(F)c(NC(=O)c2c(-c3ccccc3Cl)noc2C)c1;COCC1CN(C(=O)c2cc(Br)cn2C)CC(C)(C)O1;Cc1onc(-c2c(F)cccc2Cl)c1C(=O)NCc1ccccc1;Cc1c(Cl)cccc1NC(=O)Cc1cc(-c2ccc(F)cc2)on1;CC1CCc2c(sc3ncn(Cc4ccc(Cl)cc4)c(=O)c23)C1;O=C(NCCc1coc(-c2ccccc2)n1)c1cccc(Cl)c1F;COc1ccc(C(=O)Nc2ccc(-c3n[nH]c(C)n3)c(Cl)c2)nn1;O=C(CN1CCCC1)N1c2ccccc2Sc2ccc(Cl)cc21;COCCN1CCC(CNC(=O)c2coc(Br)c2)CC1
m_fb2bcc,Cc1oc2ccccc2c1CNC(=O)N1CCOC2(CCCOC2)C1;COc1ccc(OCC(=O)NCC(c2ccco2)N2CCCC2)cc1;COc1cccc(C(O)CNC(=O)NC(C)c2cccc(OC)c2)c1;COc1cc2c(c(OC)c1)N(C(=O)c1oc(C(C)C)nc1C)CCC2;CN1CCN(c2nc3ccccc3c3nc(-c4ccccc4)nn23)CC1;COc1ccccc1CC(C)(C)NC(=O)C(C)NC(=O)c1ccoc1;O=C(CCc1ccccc1)N1CCCN(C(=O)C2(C(=O)O)CC2)CC1;O=C(COc1ccc2ccccc2c1)NCC(O)CN1CCOCC1;CC1(C)CN(C(=O)NCc2coc3ccccc23)CC2(CCOC2)O1;O=C1CC2CCC(CN1)N2C(=O)c1cccc(OCC2CCCO2)c1;COC(=O)C1CCN(C(=O)C2CC(=O)N(C(C)c3ccccc3)C2)C1;CCC(NC(=O)CCc1c(C)noc1C)(C(=O)OC)c1ccccc1;CC(CCc1ccc(C(N)=O)cc1)NCC(O)c1ccc(O)c(O)c1;CC(NC(=O)C1CCCC1)C(=O)N1CCc2c(cccc2C(=O)O)C1;COc1ccc(C2(C(=O)N3CC(N4CCCC4=O)C3)CC(O)C2)cc1;O=C(O)c1cccc(CCNC(=O)C2CC(=O)N(C3CCCC3)C2)c1;O=C(O)c1ccc(CCNC(=O)C2CC(=O)N(C3CCCC3)C2)cc1;Cc1ccccc1OCC(O)CNCCOc1ccc(C(N)=O)cc1;CCOC(=O)c1nc(-c2ccccc2)oc1CN(C)C1CCCC1O;Cc1c(CNC(=O)NC2CCOC3(CCOC3)C2)oc2ccccc12;CCOC(=O)N1CCC(NC(=O)CCc2cc3ccccc3o2)CC1;O=C1NCCOc2ccc(C(=O)N3CCC4(CCOCC4)CC3)cc21;CCCNC(=O)CNC(=O)COc1ccc2oc3c(c2c1)CCCC3;Cc1ccc(N2CCC(NC(=O)C3CCC(C(=O)O)CC3)C2=O)cc1;COC(=O)C1CCN(C(=O)NCc2oc3ccccc3c2C)CC1C
m_02d188,Cc1ccc(OC2CCN(C(=O)NCc3ccc(Cl)cc3)C2)nc1;Cn1nc2c(cc1=O)CN(C(=O)CCCc1ccccc1Cl)CC2;CC(Cc1cccc(Cl)c1)C(=O)N1CCc2nn(C)c(=O)cc2C1;Cn1ccnc1C1OCCCC1C(=O)N1Cc2ccc(Cl)cc2C1;Cn1nc(C(=O)N2CCC(Oc3ccccc3Cl)C2)cc1C1CC1;COc1ccc(Cl)cc1CC(=O)N1CCc2nc[nH]c2C12CCC2;O=C(Cn1nc(-c2ccc(Cl)cc2)ccc1=O)N1CCCCCC1;COc1cc(C)c(S(=O)(=O)NC(C(=O)O)C(C)(C)C)cc1OC;CN(C(=O)c1ccc(=O)n(Cc2ccccc2Cl)c1)C1CCNC1;O=C(CCCc1nc(C2CC2)no1)N1CCC1c1ccc(Cl)cc1;CCn1cc(NC(=O)N2CC(Cc3ccccc3Cl)C2)ccc1=O;Cn1cc(C2CCCN2C(=O)C2COc3ccc(Cl)cc3C2)cn1;CCOc1ccc(C2=CCN(c3cnn(C)c(=O)c3Cl)CC2)cc1;Cn1nc2c(cc1=O)CC(NC(=O)CCc1cccc(Cl)c1)CC2;Cc1c(NC(=O)c2cc(Cl)cn2C)cccc1C(=O)N1CCCC1;O=C(c1ccn(-c2ccc(Cl)cc2)n1)N1CCC(O)C12CCCC2;CC1(Cc2cccc(Cl)c2)CCCN1C(=O)c1ccc(C(N)=O)[nH]1;NC(=O)CCC1CCCN(C(=O)c2cc(Cl)cc3cccnc23)C1;NC(Cc1ccncc1)C(=O)NC1CCCOc2cc(Cl)ccc21;O=C(CCc1cccnc1)Nc1cccc(Cl)c1N1CCOCC1;CC1Cc2c(C(=O)N3CCc4cccc(Cl)c4C3)n[nH]c2C(C)O1;Cc1cccc(NC(=O)N2CCC(Oc3ccc(Cl)cn3)CC2)c1;CC(NC(=O)N1CCOC(c2ccccc2Cl)C1)c1cccnc1;C#CCCC1(CCC(=O)NC2CCCOc3c(Cl)cccc32)N=N1;CC(=O)Nc1ccc(NCC(=O)NC(C)c2ccccc2)c(Cl)c1
m_dc7be7,O=C(c1ccc2c(c1)CCC2)N1CCn2c(nnc2-c2cccnc2)C1;N#Cc1c[nH]c(C(=O)N2CCc3c(ncn3CCc3ccccc3)C2)c1;O=C(CCn1cccn1)NCc1ccc(-c2nc3ccccc3[nH]2)cc1;CCn1c(CCNC(=O)c2ccc3ccccc3n2)nc2cccnc21;Oc1nc(C2CC2)nc2c1CN(c1ccnc(Cc3ccccc3)n1)C2;CC(CNC(=O)c1ccc(-n2ncc(C#N)c2N)cc1)c1ccccc1;CC(NC(=O)CNc1ccc(C#N)cc1)c1cccc(-n2cccn2)c1;O=C(c1ccncc1)N1CCN(c2ccnc(-c3ccccc3)n2)CC1;Cc1nc(-c2cc3cccc(C)c3nc2NCCc2ccccn2)no1;N#Cc1cc(C(=O)N2CCCCC2c2nc(-c3ccccc3)c[nH]2)c[nH]1;N#Cc1c[nH]c(C(=O)N2CCCCC2c2nc(-c3ccccc3)c[nH]2)c1;Cn1nccc1-c1ccc(CNC(=O)Cn2ccc3ccccc32)cn1;Cc1cccc(CCNC(=O)c2ccc(-n3ncc(C#N)c3N)cc2)c1;Cc1ccc2c(Nc3cccc(C)c3C)c(-c3nc(C)no3)cnc2n1;CC(=O)N(C)c1ccc(Nc2cc(C)[nH]c3ccc4ncnc4c23)cc1;CN(C)c1ccc(N=Nc2ccc(NC(=O)c3ccccn3)cc2)cc1;CC(C)(C#N)c1ccc(NC(=O)c2cn(Cc3ccccc3)nn2)cc1;N#Cc1ccccc1N1CCCN(C(=O)c2cccc3cn[nH]c23)CC1;CC1CC(=O)NN=C1c1ccc2c(NCc3ccccc3)ncnc2c1;O=C(c1cccc2c1CCC2)N1CCn2c(nnc2-c2cccnc2)C1;Cc1cc(C)c2nc(C3CC3)cc(C(=O)Nc3nn(C)cc3C#N)c2c1;COc1nc2ccccc2cc1CNc1cccc(Cn2cnnc2)c1;COc1ccccc1C(Nc1ncnc2c1ncn2C)c1ccccc1;O=C(c1ccc(-n2cncn2)nc1)N1CC2(CCCC2)c2ccccc21;N#Cc1cccnc1N1CCCN(C(=O)c2c[nH]c3ccccc23)CC1
m_fe9649,CCOC1CC(NC(=O)C(C)S(=O)(=O)C(C)C)C12CCCCC2;Cc1ccc(C(C)NC(=O)N2CCC(c3nncn3C)CC2)cc1F;CC1CN(CCN(C)C(=O)NCc2nccn2C(F)F)CC(C)O1;CCCCC1CCC(C(=O)NCC2(O)CCS(=O)(=O)CC2)CC1;CCc1ncnc(N2CCC(Oc3ccnc(CN(C)C)c3)C2)c1F;Cc1n[nH]c(C)c1CNC(=O)NC1CCCN(c2ccccc2F)C1;CN(CC1CCCN(C)C1c1ccnn1C)C(=O)c1ccncc1F;CCN1CCN(c2ccc(C(=O)NCCn3ccnc3)cc2F)CC1;CN(C)C(CNC(=O)NC1CC1c1cccc(F)c1)c1cnn(C)c1;Cc1c(NC(=O)NCCN2CCC(C)C2)cnn1-c1ccc(F)cc1;CN(CC1CC(F)CN1Cc1cncnc1)C(=O)C1(C#N)CCCC1;CCc1ncnc(N2CCCN(Cc3ccn(C)c(=O)c3)CC2)c1F;CCN1CCN(c2ccc(C(=O)NCc3nccn3C)cc2F)CC1;O=C(CN1CCCC(Cn2cncn2)C1)NCCc1ccc(F)cc1;CN(C)C(CNC(=O)NC1CC1c1ccc(F)cc1)c1cnn(C)c1;Cc1nc(C)n(CC2CCCCN2C(C(N)=O)c2ccc(F)cc2)n1;CCN(C(=O)c1nc(C)n(-c2ccc(F)cc2)n1)C1CCN(C)CC1;CN(C)C(CNc1cc(N2CCOCC2)ncn1)c1ccc(F)cc1;CCCc1nc(C(=O)NC2CCN(C)CC2)nn1-c1ccccc1F;CC(c1ccccc1F)N1CCN(C(=O)CCCn2cncn2)CC1;CCN1CCN(c2ccc(F)cc2C(C)NC(=O)c2cc[nH]n2)CC1;Cn1nccc1CN1CC(F)CC1CNC(=O)c1cc[nH]c1C1CC1;CN(Cc1cn(C(C)(C)C)nn1)C1CCN(c2ccccc2F)C1=O;Fc1cccc(C2CCCN2Cc2nnnn2CC2CCOCC2)c1;CC(C)c1n[nH]c(C2CN(c3cc(CO)c(F)cn3)CC2C2CC2)n1
m_7b993b,COc1nc(C)ccc1CNC(=O)C1CCCCN1C(=O)C1CC1C;COc1cc(C#N)ccc1OCC(=O)NCC(C)N1CCC(C)CC1;CCc1ccc(C(=O)NC(C)CNC(=O)C2CCCC(=O)N2C)cc1;COCc1c(C(=O)NC(C)CN2CCN(C)CC2)oc2ccccc12;CNC(=O)c1ccc(CNC(=O)N2CCC(C3CCOCC3)C2)cc1;CC(=O)NCC(=O)NCC(=O)NC1CC(C)(C)CCc2ccccc21;CC(C)CC(=O)N1CCN(CC(=O)N2CCOc3ccccc32)CC1;COc1ccc(C)nc1NC(=O)N1CC2(CCC2)C1C1CCOCC1;COc1ccc(COCC(O)CN2CCC(c3cn[nH]c3)CC2)cc1;CCOc1cc(C)ccc1CNC(=O)N1CC2CCCC2(C(N)=O)C1;COc1cc(C(C)NC(=O)Cn2cc(C)cn2)ccc1OCC(C)C;CC(=O)N1Cc2ccccc2CC1C(=O)NCC(C)N1CCOCC1;COCC(=O)Nc1cccc(CNC(=O)N2CCCC3CCCC32)c1;CCc1nnc(C2CCCN(Cc3ccc(OC)c(OC)c3)C2C)o1;Cc1ccccc1CNC(=O)C1CC(=O)N(CCN2CCOCC2)C1;Cc1ccc(OCCNC(=O)N2CCN(C(=O)C3CC3C)CC2)cc1;COc1ccc(C(=O)N(C)C)cc1NC(=O)N1CCCC1C1CCC1;CCc1cccc(C(=O)N2CCC(CC3OCCC3C(N)=O)CC2)n1;COCC(=O)NC1CN(C(=O)c2ccc(N3CCCCCC3)cc2)C1;CC(Oc1cccnc1)C(=O)NC1CCC(C(=O)N2CCCCC2)C1;CCN(CC)C(=O)CN(C)C(=O)C1CCCN1C(=O)c1ccccc1;CCN1CCOC(C(=O)N2CCN(C(=O)c3ccc(C)cc3)CC2)C1;CC(C)c1cccc(C(=O)N2CCC(C3CCC(C(N)=O)O3)CC2)n1;COc1cc(C#N)ccc1OCCCC(=O)N1CC(C)C(N(C)C)C1;Cc1ccc(OCC(O)CN2CCN(Cc3cc(C)no3)CC2)cc1
m_ec2936,CN(C)c1cc(N(C2CC2)C2CCN(C(=O)C(C)(C)C)CC2)ncn1;CCCN1CCC(N2CCN(c3cccc(C(=O)NC)n3)CC2)CC1;CCN1CCN(c2cc(CNC(=O)NC3CCCC3C)ccn2)CC1;CN(C)CC1CCN(C(=O)NC2CCN(Cc3ccncc3)CC2)C1;CCN1CCN(c2cc(CNC(=O)NCCC3CCC3)ccn2)CC1;CC(C)(C)n1ncnc1CNC1CCN(C(=O)C2CC23CCC3)CC1;CC1CCCN(c2cc(NCCC(=O)N3CCCCCC3)ncn2)C1;CC(=O)N1CCC(CN(C)Cc2cc(C)nc(N3CCCCC3)n2)C1;CN1CCN(CC2CCN(C(=O)NCCc3cccnc3)CC2)CC1;CC(C)(C)C(=O)N1CCCN(Cc2nnc(C3CC3)n2C2CC2)CC1;O=C(Cn1cc(C2CC2)nn1)N1CCCN(CC2CCCCC2)CC1;CC(C)c1nccc(N2CCC(NC(=O)NC3CCCCC3)CC2)n1;Cc1cc(NC(=O)NCC2CCCNC2)cnc1N1CCCCC1C;CCCCCCCCCCCC(O)CC(=O)NC(C(=O)O)C(C)O;CN1CCC(NC(=O)NC2CCN(CCc3ccncc3)CC2)CC1;c1cc(NC2CCN(CC3CCCC3)CC2)nc(N2CCOCC2)n1;Cc1cnc(C)c(N2CCN(CC(=O)N3CC(C)CC(C)C3)CC2)n1;CCN1CCCCC1CNC(=O)N1CCN(Cc2cccnc2)CC1;CCCCCCCCCCCC(O)CC(=O)NC(CCO)C(=O)O;CN(CC1CCCN(C)C1c1cnn(C)c1)C(=O)NC1C=CCCC1;Cc1nc(C(=O)N2CCC(C)CC2)nc(N2CCC(N(C)C)C2)c1C;Cn1cnnc1C1CCCN1C(=O)NC1CCC2(CCCCC2)CC1;Cn1ncc(CN2CCN(C(=O)NC3CCCCC3)CC2)c1C1CC1;Cc1nn(C)c(C)c1CC(=O)Nc1cc(C(C)(C)C)nn1C(C)(C)C;CC(CNC(=O)N1CCN(Cc2ccccn2)CC1)CN1CCCC1
m_0d463f,O=C(Nc1nnc(-c2ccsc2)s1)N1CCCc2occc2C1;COc1cccc(Cc2nnc(NC(=O)c3scnc3C)s2)c1;O=C(CNC(=O)c1ccsc1)Nc1ccnn1Cc1ccsc1;O=C(Nc1nnc(-c2ccsc2)s1)N(Cc1ccoc1)C1CC1;C=CC1OCCC1NC(=O)Nc1nc2ccc3scnc3c2s1;CN(C)C(CNS(=O)(=O)c1ccc(Cl)cc1F)c1ccco1;O=C(COc1ccccc1Cl)NC(=S)N1CCc2ccccc21;Cn1cnnc1C1CCCN(c2ncc(Br)cc2C#N)C1;CC(c1cccc(O)c1)N(C)C(=O)c1sc2ncccc2c1Cl;Cc1cc(Nc2cc(Cl)nc(Oc3ccc([N+](=O)[O-])cc3)n2)n[nH]1;CC1COC(c2ccccc2Cl)CN1C(=O)c1cc(C#N)cs1;O=C(NC1CC1)C1CCCN1S(=O)(=O)c1cc(Cl)ccc1F;O=C1CCC=C2N=C3SCCC(=O)N3C(c3ccc(Cl)cc3)C12;O=C1CCCC2=C1C(c1ccc(Cl)cc1)N1C(=O)CCSC1=N2;O=C(Nc1ccccc1Cl)C1CSCN1C(=O)c1ccccc1;CN(C(=O)CC1Sc2ccccc2NC1=O)c1ccc(Cl)cc1;Cc1cc2c(=O)n(CC(=O)Nc3cc(Cl)ccc3C)ccc2s1;O=C(NCC(CO)c1ccc(Cl)cc1)c1snc2ccccc12;CN1CCC(c2nc(-c3ccc(OC(F)F)cn3)no2)S1(=O)=O;Cc1ccc([S+]([O-])Cc2noc(-c3ccc(Cl)cc3)n2)cc1C;CN1CCC(c2nc(-c3ccnc(OC(F)F)c3)no2)S1(=O)=O;COc1ccc(C(=O)Nc2scnc2-c2ccc(F)cc2)c(F)c1;Cc1ccccc1-c1noc(C[S+]([O-])Cc2cccc(Cl)c2)n1;O=C(NCc1ccc(Cl)cc1)NCc1cc(-c2ccoc2)cs1;Cc1cccc(-c2noc(C[S+]([O-])Cc3ccccc3Cl)n2)c1
m_5dda21,Oc1cccc(N2CCN(c3ccc4nnc(C(F)F)n4n3)CC2)c1;Cn1cnnc1C1CCCN1C(=O)c1cccc2[nH]c(C(F)F)nc12;Cc1cnn(Cc2cc(F)ccc2F)c1NC(=O)CCn1cncn1;FC(F)Oc1cccc(N2CCN(c3ccc4nncn4n3)CC2)c1;CCOC1CCCN(S(=O)(=O)c2cc(F)ccc2NCCO)C1;CNS(=O)(=O)c1ccc(N2CC(COC)OC(C)(C)C2)c(F)c1;COC(=O)C1CCN(C(=O)NCCc2csc3ccccc23)CC1;CN(Cc1ccccc1)C(=O)CN(Cc1ccccc1)S(C)(=O)=O;CCC1(O)CN(C(=O)Cc2csc(COc3ccc(C)cc3)n2)C1;CCCN(CC(=O)Nc1ccccc1OC)C(=O)c1ccc(C)s1;COc1ccc(S(=O)(=O)N2CC(c3ccc(C)cc3)CC2C)cn1;CCS(=O)(=O)N1CCC(NC(=O)c2cccc3ccccc23)CC1;Cc1ccc2cc(C(=O)N3CCS(=O)(=O)C(C)(C)C3)c(C)nc2c1;CCS(=O)(=O)c1ccc(N2CCN(c3ccc(O)cc3)CC2)cc1;Cc1nc(S(=O)(=O)N(C)C(C2CC2)C2CC2)c(-c2ccccc2)o1;Cc1ccc2cc(C(=O)N3CCS(=O)(=O)C(C)C3C)c(C)nc2c1;CC(c1ccccn1)N(C)S(=O)(=O)c1cccc2c1OC(C)(C)C2;CS(=O)(=O)NCC1CCCN(C(=O)c2cccc3ccccc23)C1;CN(CCc1cccc2ccccc12)C(=O)NC1CCS(=O)(=O)C1;CCc1ccc(C(=O)N(CC)CC(=O)Nc2ccc(OC)cc2)s1;CC(C)(C)c1nc(CNC(=O)CCc2ccc(C(=O)O)cc2)cs1;CCNS(=O)(=O)c1ccc(CC(=O)NCc2cccc(C)c2)cc1;COc1ccc(C)cc1S(=O)(=O)N1CCC(c2ccncc2)CC1;CS(=O)(=O)NCC1CCCCN1C(=O)c1ccc2ccccc2c1;Cc1ccc2cc(C(=O)N3CCCCC3CS(C)(=O)=O)ccc2n1
m_8d374f,CS(=O)(=O)C1CCCN(c2cc(Nc3ccccc3)ncn2)CC1;Cc1nn(CC(C)C)c(C)c1S(=O)(=O)N(C)c1cccc(C#N)c1;CC(=O)NCc1cc(OC2CCN(Cc3cnc(C)s3)C2)ccn1;COc1nc(C)ccc1CNC(=O)NC(c1ncc(C)s1)C1CC1;CN(C)c1nccnc1OC1CCCN(C(=O)Cc2cccs2)C1;CNC(=O)C(NC(=O)CCc1ccccc1C)c1ccc(F)c(F)c1;Cc1ccccc1S(=O)(=O)N1CCCC1c1ccc(N(C)C)nn1;Cc1csc(N(C)C(=O)c2cc(N3CC(C)OC(C)C3)ccn2)n1;Cc1nc2c(c(NCc3ccc(S(N)(=O)=O)c(C)c3)n1)CCCC2;CS(=O)(=O)CC1CCN(c2cc(Nc3ccccc3)ncn2)CC1;CC(C)n1nccc1C(=O)N1CCC(NC(=O)c2ccsc2)CC1;NS(=O)(=O)c1ccccc1N1CCN(CCc2ccncc2)CC1;CC(c1ccccc1)N(C)C(=O)CN(C)Cc1cc(O)ccc1Cl;COc1ccc(C(NC(=O)N2CCC(C(C)O)C2)C(F)(F)F)cc1;COC(C(O)CO)C1OC(C(=O)O)=CC(N=C(N)N)C1NC(C)=O;Cc1cccnc1OCC1CCN(C(=O)c2c(F)cccc2F)CC1;Cc1ccc(S(=O)(=O)Nc2c(C)nc(N3CCCC3)nc2C)cc1;COc1nc(C)cc(N2CCC(NC(=O)c3ccc(C)s3)CC2)n1;Cc1nc(-c2c(C)c(C)nn(C)c2=O)sc1C(=O)NC(C)C1CC1;NC(=O)C(Cc1ccc(F)cc1)N1CCOC(c2cccc(F)c2)C1;Cc1ccc(NC(=O)c2nnc(CN3CCC(C)C(O)C3)s2)cc1;Cc1ccc(NC(=O)c2nnc(CNC(C)C3CCCO3)s2)cc1;COC(=O)C1(NCc2csc(-c3ncccn3)n2)CCC(C)CC1;CCS(=O)(=O)c1ccccc1N1CCCN(c2cccnn2)CC1;COC1CCCN(Cc2nnc(C(=O)Nc3ccc(C)cc3)s2)C1
m_c63e89,CNC(=O)C(NC(=O)CCc1ccccc1C)c1ccc(F)c(F)c1;O=C(c1ccc(NCc2cc(F)ccc2F)cc1)N1CCC(O)CC1;NC(=O)C(Cc1ccc(F)cc1)N1CCOC(c2cccc(F)c2)C1;O=C(NC1CCOCC1)c1ccc(NCc2cccc(F)c2F)cc1;NCC1CCN(C(=O)C(Oc2ccc(F)c(F)c2)c2ccccc2)C1;O=C(c1cc(OCC(F)F)ccn1)N1CCC(Cc2ccccc2)C1;Cc1cccnc1OCC1CCN(C(=O)c2c(F)cccc2F)CC1;Cc1cc(C(=O)N2CCC(Cc3ccc(F)c(F)c3)CC2)cc(O)n1;COc1ccc(C(NC(=O)N2CCC(C(C)O)C2)C(F)(F)F)cc1;CCN1CCN(C(C)CNS(=O)(=O)c2sc(C)nc2C)CC1;O=C(C1CCCN(CC(F)(F)F)C1)N1CCOC(c2ccco2)C1;NC(C(=O)N1CCC(Oc2ccc(F)cc2F)CC1)c1ccccc1;CC(O)C1CCN(C(=O)NCCOc2ccc(C(F)(F)F)cc2)C1;CC1(CO)CCCN1C(=O)NCc1ccc(OCC(F)(F)F)cc1;COC(C(O)CO)C1OC(C(=O)O)=CC(N=C(N)N)C1NC(C)=O;CCCc1occc1C(=O)N1CC(NC(C)=O)CCC1C(F)(F)F;CCC1OCCCC1C(=O)NCc1ccncc1OCC(F)(F)F;CCOc1cccc(CNC(=O)C2COCCN2CC(F)(F)F)c1;COCC1CN(C(=O)NC(C)c2ccccc2C(F)(F)F)CCO1;CC(Cc1ccccc1C(F)(F)F)NC(=O)NCC1(O)CCOC1;CC(NC(=O)NC1COCC1O)C(C)c1ccccc1C(F)(F)F;CC(=O)NCCC(=O)NCc1ccc(OC(C)C)cc1C(F)(F)F;CC1CN(C(=O)NCCc2ccc(OC(F)(F)F)cc2)CC1CO;Cc1ccccc1OCC(=O)N1CCN(CC(O)C(F)(F)F)CC1;CC1OCCC1NCC(=O)NCc1cccc(OCC(F)(F)F)c1
m_e5050e,CC(Nc1ncnc2c1cnn2C)c1ccc(Oc2cccnc2)cc1;c1cnc2[nH]cc(Cc3nc(-c4ccnc(N5CCCC5)c4)no3)c2c1;CCn1nnc2cc(C(=O)Nc3cccc(Cn4ccnc4)c3)ccc21;COC1CC(c2nc(-c3cccnc3)c[nH]2)N(c2ncccc2C#N)C1;CN(CC(=O)NCc1ccc2ccccc2c1)c1ncnc2nc[nH]c12;Cc1nn2cccnc2c1C(=O)NCCNc1ccc2ccccc2n1;c1ccc2sc(SN(C3CCCCC3)C3CCCCC3)nc2c1;Cn1c(CCNC(=O)c2cc(-c3ccccn3)n[nH]2)nc2ccccc21;O=C(CCn1ccnn1)NCc1ccc(-c2nc3ccccc3[nH]2)cc1;Cc1cc(C)n(Cc2cccc(C(=O)Nc3cn4cccnc4n3)c2)n1;O=C(CCn1cncn1)NCc1ccc(-c2nc3ccccc3[nH]2)cc1;Cc1cnc(-c2nc(-c3cccc(Cn4nc(C)cc4C)c3)no2)cn1;CCc1c(NC(=O)c2ccc3[nH]nnc3c2)cnn1-c1ccccc1C;Cc1ccc(Cc2nc(-c3ccc(-n4nc(C)cc4C)nc3)no2)cn1;Cc1n[nH]nc1C(=O)NC(c1ccccc1)c1nc2ccccc2n1C;Cc1cc(C)n(-c2ccc(CNC(=O)c3n[nH]c4ccccc34)cn2)n1;Cn1ncc2cc(C(=O)NCc3cnn(Cc4ccccc4)c3)cnc21;O=C(c1cnccn1)N1CCN(c2ccnc(-c3ccccc3)n2)CC1;N#Cc1ccc(C(=O)N2CCN(Cc3nc4ccccc4[nH]3)CC2)nc1;Cn1cc(-c2ccc(CNC(=O)Cn3cnc4ccccc43)cn2)cn1;Cc1cc(CNC(=O)N2CCC(c3ccnn3C)CC2)ccc1Cl;Cc1c(Cl)c(CN2CCC(NC(=O)c3ccccc3)CC2)nn1C;CC(c1ccc(Cl)cc1)N(C(=O)c1cnn(C(C)C)c1N)C1CC1;O=C(NCCc1c[nH]c2ccccc12)C(c1ccccc1)n1cnnn1;CC1=C(C(=O)Nc2ccccc2C)C(c2cccnc2)n2ncnc2N1
m_ced31c,CC(C)c1nc(=O)cc(CN2CCN(c3ccccc3Cl)CC2)[nH]1;CC1CCC(NS(=O)(=O)CC(=O)N2CCCCC2C(=O)O)CC1;Cc1nn(-c2ccc(Cl)cc2)cc1C(=O)N1CCCC(C(C)N)C1;CC(C)(CNC(=O)C1CCc2[nH]nnc2C1)Cc1cccc(Cl)c1;Cc1cc(CNC(=O)N2CCC(c3ccnn3C)CC2)ccc1Cl;Cc1c(Cl)c(CN2CCC(NC(=O)c3ccccc3)CC2)nn1C;CC(c1ccc(Cl)cc1)N(C(=O)c1cnn(C(C)C)c1N)C1CC1;Cn1nccc1C(=O)NCC1CCN(Cc2ccccc2Cl)CC1;CC(NC(=O)N1CCC(c2cncn2C)CC1)c1ccc(Cl)cc1;Cn1cc(CCC(=O)N2CCCN(c3ccccc3Cl)CC2)cn1;CC1CN(c2cccc(Cl)c2)CCN1C(=O)CCc1cnn(C)c1;Clc1ccc(C2CN(Cc3nnc4n3CCCCC4)CCO2)cc1;Cc1nn(C)c(N)c1C(=O)N(CCc1ccc(Cl)cc1)CC1CC1;CNCC1CCN(C(=O)c2ccc(-n3nc(C)c(Cl)c3C)cc2)C1;Cc1n[nH]c(C)c1CC(=O)N1CCCN(c2ccccc2Cl)CC1;CC(C)(C)c1ccc(=O)n(C2CCN(c3ccncc3Cl)CC2)n1;O=C(Cc1ccccc1Cl)N1CCN(CCCc2cn[nH]c2)CC1;N#Cc1cnc(N2CCCN(C(=O)CC3CCCC3)CC2)c(Cl)c1;Cc1nn(C)c(N)c1C(=O)N(Cc1ccccc1Cl)C1CCCC1;CCc1ccc(C2CCN(C(=O)NCc3nn(C)cc3Cl)C2)cc1;CN(CCO)C1CCN(c2ccc(-c3ccccc3Cl)nn2)CC1;CCn1cnnc1C1CCCN(C(=O)CCc2cccc(Cl)c2)C1;CC1COC(c2cccc(Cl)c2)CN1Cc1nnc2n1CCCC2;Cc1nn(C)cc1CN1CCN(C(=O)Cc2cccc(Cl)c2)CC1;CC(C)n1ccc(NC(=O)N2CCC(c3cccc(Cl)c3)CC2)n1
m_5667e2,CC(NCc1ccc(C(=O)N2CCCCC2)cc1)C1(O)CCOCC1;COc1ccc(CN2CCCN(C(=O)C3CCOC(C)C3)CC2)cc1;CN(C)C(C(=O)N1CCC(C(=O)OC(C)(C)C)CC1)c1ccccc1;CCC1C(CO)CCN1C(=O)CNC(=O)c1ccc(C(C)(C)C)cc1;CCOC(=O)C1(c2ccccc2)CCN(CCN2CCOCC2)CC1;CC1CCCCN1CCOc1ccccc1C(=O)NCC1CCOC1;O=C(COc1ccccc1CNCC1(O)CCCCC1)N1CCCC1;COc1ccc(C(C)(C)CNC(=O)C2(N3CCOCC3)CCC2)cc1;CC(C)Oc1ccc(C(=O)N2CCCC2C2CCCCC2(C)O)nc1;COC1(C(=O)Nc2ccc(CN3CCCC(C)C3)cc2)CCOCC1;CN(Cc1ccccc1)C(=O)CN1CCCC1C1COCCC1(C)O;COC1CC(C(=O)N2CCCC2)N(Cc2ccccc2OC(C)C)C1;COc1ccc(CNC2(C(=O)N3CCOCC3)CCCCC2)c(C)c1;Cc1cccc(C)c1OCCNC(=O)C1CCCN(C(=O)C(C)C)C1;COc1cccc(CC(=O)N2CCCC(CNC(=O)C(C)(C)C)C2)c1;COc1cc(OC)cc(C(=O)NCC2CCN(C3CCCC3)CC2)c1;COc1ccc(C2CCCCCN2C(=O)CNC(=O)C(C)(C)C)cc1;COCC1(CNC(=O)NCC2(c3ccccc3)CCOCC2)CCC1;CCCCCCC(=Cc1ccccc1)CNC(CCC(N)=O)C(=O)O;COc1ccc(C2CCCCCN2CC(=O)NC2CCOCC2)cc1;Cc1cccc(C)c1OC1CCN(C(=O)NC2CCC(O)CC2)CC1;CC1CN(C(=O)c2ccc(CN3CCC(CO)CC3)cc2)CCCO1;CCNC(=O)C1(NC(=O)CCOc2ccc(C(C)C)cc2)CCCC1;CCOCC1CCN(C(=O)NCC2CCCc3cc(OC)ccc32)C1;COc1ccc(C(C)CN2CCCC(C(=O)N3CCOCC3)C2)cc1
m_c50497,COc1c(S(=O)(=O)Nc2cccc(O)c2)ccc(Cl)c1Cl;COc1ccc(Cl)cc1S(=O)(=O)Nc1cc(Cl)ccc1O;Clc1ccc(-c2nn3c(-c4ccncc4)nnc3s2)c(Cl)c1;O=C(O)CC(NS(=O)(=O)c1ccccc1Br)C1CC1;Cc1ccc(S(=O)(=O)NC2CC(C(=O)O)C2)c(Br)c1;O=C(O)CN(CC1CC1)S(=O)(=O)c1ccc(Br)cc1;Cc1ccc(S(=O)(=O)NC2(CC(=O)O)CC2)c(Br)c1;O=C(O)CN(C(=O)c1sccc1Br)C1CCOCC1;O=C(NCC1(C(=O)O)CCOCC1)c1csc(Br)c1;O=C(O)CN(CC1CC1)S(=O)(=O)c1cccc(Br)c1;O=C(O)C1CCCCN1S(=O)(=O)c1ccc(Br)cc1;COC(=O)CSC1CCN(C(=O)c2ccc(Br)o2)C1;C=C(C)CN(C)S(=O)(=O)c1cc(Br)ccc1C(=O)O;CCN(C1CC1)S(=O)(=O)c1ccc(C(=O)O)cc1Br;CC1CCN(S(=O)(=O)c2cc(Br)ccc2C(=O)O)C1;C=CCN(C(=O)c1coc(Br)c1)C1CCS(=O)(=O)C1;CC(C(=O)N1CCOC(C(=O)O)C1)c1ccc(Br)s1;Cc1ccc(Br)cc1S(=O)(=O)N1CCCC1C(=O)O;O=C(O)c1ccc(S(=O)(=O)NC2CCCC2)c(Br)c1;CN(C1CC(C(=O)O)C1)S(=O)(=O)c1ccc(Br)cc1;O=C(O)CN(CC1CC1)S(=O)(=O)c1ccccc1Br;O=C(O)C1(CNS(=O)(=O)c2ccc(Br)cc2)CCC1;O=C(O)C1CCN(S(=O)(=O)c2ccccc2Br)CC1;O=C(O)C1CN(C(=O)CCc2cc(Br)cs2)CCO1;COCC1(C(=O)O)CCCN1C(=O)c1sccc1Br
m_0af51a,Cc1cc(NC(=O)Cn2nc(C)c(C#N)c2N)ccc1Br;O=C(O)C1CC12CCN(S(=O)(=O)c1cc(F)ccc1Cl)CC2;COc1cc(Br)ccc1C(C)Nc1ncnc2nc[nH]c12;COc1ccc(Br)cc1CNc1ccc2nnc(C)n2n1;COc1cc(Nc2nc(C)nc3c2cnn3C)ccc1Br;N#Cc1ccc(N2CCC(O)(Cn3ccnn3)C2)c(Br)c1;O=C(O)C1C2CCCC2CN1S(=O)(=O)c1cccc(Cl)c1F;C#CC(C)(CC)NC(=O)c1ccc(-n2cc(Br)cn2)nn1;Cc1cc(-c2ccc(CNc3nnnn3C)o2)ccc1Br;O=C(O)C1CC2CCC1N2S(=O)(=O)Cc1ccc(Cl)c(F)c1;O=C(c1cnccn1)N1CCN(c2ccc(Br)cn2)CC1;Cc1oc(-c2ccccc2)nc1CS(=O)(=O)c1ccccc1Cl;O=C(O)C1CC2CCC1N2S(=O)(=O)Cc1c(F)cccc1Cl;Cc1oc(-c2ccccc2)nc1CS(=O)(=O)c1cccc(Cl)c1;O=C(O)C1C2CCCC2CN1S(=O)(=O)c1ccc(F)cc1Cl;Cc1nscc1C(=O)Nc1nc2cc3c(cc2s1)OCCCO3;Cc1cc(S(N)(=O)=O)sc1C(=O)Nc1ccc2ncccc2c1;Cn1nnnc1Sc1ccc(Cl)cc1NC(=O)c1cnccn1;COc1cccc(-c2nc(SC)nc3sc(C(=O)O)c(N)c23)c1;O=C(O)CSCC(=O)Nc1ccc(-c2cn3ccsc3n2)cc1;O=C(NCc1ncc[nH]1)c1ccc(S(=O)(=O)c2ccccc2)s1;Cc1ccc(S(=O)(=O)NC(=O)Nc2nc3ccccc3s2)cc1;NC(=O)CN(c1nc2ccccc2s1)S(=O)(=O)c1ccccc1;CCSc1ccc(Cl)cc1NC(=O)CC1CCS(=O)(=O)C1;CCOC(=O)c1cnc(SC)nc1Sc1nc2ccccc2o1
m_25cfa1,CC(O)CN1CCN(C(C)C(=O)NC2CCOc3ccccc32)CC1;CC(CNC(=O)C1CCC(C)(C)CC1)NC(=O)COc1cccnc1;CCN(CC)C(=O)c1ccccc1NCC(=O)N1CC(C)OC(C)C1;COc1ccc(CN2CCCN(C(=O)CN3CCC(O)C3)CC2)cc1;CCNC(=O)C1CCCN(C(=O)NCc2ccccc2OC(C)C)C1;COc1ccccc1C(C)NC(=O)NCCC(=O)N1CCCCCC1;CCN(CC)C(C(=O)NC1CCN(C(=O)OC)CC1)c1ccccc1;Cc1nn(C)c(C)c1CC(C)C(=O)N1C(C(=O)O)CC2CCCCC21;CN(C)CC1CCN(C(=O)C2CCCCN2C(=O)c2ccco2)CC1;CCOC1CC(N(C)C(=O)NCc2ccc(C)n(C)c2=O)C12CCC2;COc1ccc(CCC(C)NC(=O)N2CCC(CC(N)=O)CC2)cc1;COc1ccccc1N1CCC(CNC(=O)NC2CCC(O)CC2)C1;CCc1oc(C(=O)N2CCCC(CNC(=O)C3CCCN3)C2)cc1C;O=C(CCCc1nc(C2CC2)no1)NC1CCOC2(CCCCC2)C1;CCN(Cc1ccc(OC)cc1)C(=O)NCC1CCC(C(N)=O)CC1;CCOc1cccc(CC(=O)N2CCN(C3CCOCC3)CC2C)n1;CC(C)(O)CN1CCN(C(=O)c2ccccc2N2CCOCC2)CC1;CNC(=O)c1cccc(CCNC(=O)N2CCCC(C)(OC)CC2)c1;COCC1(C(=O)N(C)Cc2ccccc2N2CCOCC2)CCCN1;CCOC(=O)C1(C(C)C)CCN(C(=O)C2CCCc3nn(C)cc32)C1;CC1OCCC1CN1CCC(Oc2ccc(C(=O)N(C)C)cn2)CC1;Cc1nc(C2CC2)oc1C(=O)NC1CCN(C2CCCCC2O)CC1;COC1CC(C(N)=O)N(C(=O)c2cc(C)n(C3CCCCC3)c2C)C1;CCN(CC)C(=O)CN1CCCN(C(=O)c2ccccc2OC)CC1;CCC1CC(NC(=O)N2CCC(Oc3ccncc3C)CC2)CCO1
m_0c4e10,CC(C)C1CN(C(=O)Nc2ccc(OC3CCCC3)nc2)CCCO1;C=C(C)C(C)(C)C(=O)N1CC2C(C1)C2NC(=O)CC(=O)NCC1CC1;COc1ccc(CN(C)C(=O)NCCNC(=O)CC2CCCC2)cc1;CCN(Cc1ccc(OC)cc1)C(=O)NCC1CCC(C(N)=O)CC1;CNC(=O)C1CCC(NC(=O)N(C)CCc2ccccc2OC)CC1;COc1cc2c(cc1OC)CN(CCNC(=O)C1CCCC1N)CC2;COc1ccccc1C(C)NC(=O)NCCC(=O)NC1CCCCC1;COc1ccc(CC(=O)NC2CCN(CC(=O)NC(C)C)CC2)cc1;Cc1ccc(CNC(=O)NC2CCC3(CCOCC3)CC2)c(=O)n1C;COc1cc2c(cc1OC)CN(CCNC(=O)C1CCC(N)C1)CC2;CN1CCOC(CNCc2ccccc2OCC(=O)N2CCCC2)C1;CCOC1(C(=O)Nc2ccc(OC3CCN(C)CC3)nc2)CCCC1;COc1ccccc1C(CNC(=O)N1CCOCC1C)N1CCCC1;CC1CN(C(=O)CCNC(=O)N(C)Cc2ccccc2)CC(C)(C)O1;O=C(CCCc1nc(C2CC2)no1)NC1CCOC2(CCCCC2)C1;Cc1noc(C)c1C(C)(C)NC(=O)C1CCC(NC(=O)C2CC2)CC1;CC(C)Cn1cccc(C(=O)N2CC(=O)N(C(C)C)C(C)(C)C2)c1=O;CCOC(=O)c1cnc(N2CCCCC2C2CCCCC2O)nc1C;CCc1ccc(C2CCCN2C(=O)NCC2CN3CCCC3CO2)o1;CCC1CC(NC(=O)N2CCC(Oc3ccncc3C)CC2)CCO1;CC(O)CN1CCN(C(C)C(=O)NC2CCOc3ccccc32)CC1;COC1CC(C(=O)N(Cc2ccnc(OC(C)C)c2)C2CC2)N(C)C1;CCOC(=O)C1(C(C)C)CCN(C(=O)C2CCCc3nn(C)cc32)C1;CC(C)Oc1cncc(C(=O)N2CCCC(CN3CCOCC3)C2)c1;CCC(C)C(OC)C(=O)Nc1ccc(C(=O)N2CCN(C)CC2)cc1
m_ff7740,Cc1nc(CNS(=O)(=O)Cc2ccc(F)c(Cl)c2)sc1C;Cc1cnc(CCNS(=O)(=O)Cc2ccc(F)c(Cl)c2)s1;Cc1cnc(CCNS(=O)(=O)Cc2cc(Cl)ccc2F)s1;Cc1nc(C)c(S(=O)(=O)N(C)Cc2ccc(F)cc2Cl)s1;CCC(NS(=O)(=O)Cc1ccc(F)c(Cl)c1)c1nccs1;COc1ccc(S(=O)(=O)N2CCCC(N)C2)cc1Br;COc1nsc(C(=O)NC2CCC(OC)CC2)c1Br;Cc1noc(C2CC2)c1NS(=O)(=O)c1c(Cl)ccc(F)c1F;COc1cc(S(=O)(=O)N2CCCNCC2)ccc1Br;COc1ccc(Br)cc1S(=O)(=O)N1CCC(CN)C1;COc1ccc(S(=O)(=O)NC2CCCNC2)cc1Br;COc1ccc(Br)cc1S(=O)(=O)NC1CCCNC1;CCS(=O)(=O)Nc1cc(N2CCOCC2)ccc1Br;COc1ccc(Br)cc1S(=O)(=O)N1CCN(C)CC1;Cc1ccc(CC(=O)NCCNS(C)(=O)=O)cc1Br;CNS(=O)(=O)CC(=O)NC(C)Cc1ccc(Br)cc1;COc1ccc(Br)cc1S(=O)(=O)NCC1CCCN1;CC(C)(CNc1c(Br)cccc1S(C)(=O)=O)C(N)=O;CNS(=O)(=O)CC(=O)NC(C)Cc1ccccc1Br;Cc1ccc(S(=O)(=O)NC(C)(C)CC(N)=O)c(Br)c1;O=C(NCc1nc(-c2ccccn2)no1)c1ccc(Cl)c(Cl)c1;O=C(Nc1cc(-c2cc(Cl)cc(Cl)c2)[nH]n1)c1cccc(=O)[nH]1;COc1ccc(S(=O)(=O)N2CCCC(N)C2)c(Br)c1;COc1ccc(Br)c(S(=O)(=O)NC2CCCNC2)c1;COc1ccc(Br)c(S(=O)(=O)N2CCNCC2C)c1
m_ff4ed5,N#CC1(C(=O)N2CCOc3ccc(Br)cc3C2)CCCC1;Cn1cc(Br)c(=O)c(NC(=O)CCCc2ccccc2)c1;Cn1cc(NC(=O)C(C)(C)c2ccccc2)cc(Br)c1=O;CN(Cc1cccc(O)c1)C(C(N)=O)c1cccc(Br)c1;Cc1cc(CC(=O)NC2(c3ccc(Br)cc3)CCC2)no1;Cc1cc(Br)ccc1N(C)C(=O)c1coc(CC2CC2)n1;CCCCC(=NNC(=O)c1ccc(Br)o1)c1ccccc1;CN(CCc1ccc(Br)cc1)C(=O)c1cc(C2CC2)no1;Cc1cc(Br)ccc1NC(=O)c1coc(C2CCCC2)n1;O=C(CC1CCOCC1)Nc1nccc2cc(Br)ccc12;Cc1cc(=O)c(C(=O)NC(C)(C)c2ccccc2Br)c[nH]1;Cc1c(Br)cccc1CCNC(=O)c1ncoc1C1CC1;CC(Cc1ccccc1Br)NC(=O)c1conc1C1CC1;CCc1nc(C(=O)NC2CC(c3ccc(Br)cc3)C2)co1;CCc1onc(C)c1C(=O)Nc1cc2c(cc1Br)CCC2;CCN(C(=O)c1ccc(COC)cc1)c1ccc(Br)cn1;Cc1[nH]ccc1C(=O)N1CCOC(c2cccc(Br)c2)C1;Cc1c(Br)cccc1CCNC(=O)c1ocnc1C1CC1;Cn1cc(NC(=O)CCCc2ccccc2)cc(Br)c1=O;Cc1[nH]ccc1C(=O)N1CCOC(c2ccccc2Br)C1;O=C(NCc1nc2cc(Br)ccc2o1)C(C1CC1)C1CC1;CN1CC2(CCN(C(=O)c3cc4cccc(Br)c4o3)C2)C1;Cc1cc(C2(C(=O)NC(C)c3ccc(Br)cc3)CC2)on1;O=C(NC1CC2CCC(C1)N2)c1cc2cc(Br)ccc2o1;CCc1ncoc1C(=O)NC1(c2ccccc2Br)CCC1
m_70fe91,O=C1OCCN1c1ccc(S(=O)(=O)N2CC(OC(F)F)C2)cc1;O=C(NCc1ccn(-c2c(F)cccc2F)n1)c1ccncc1Cl;Cc1n[nH]c(-c2ccccc2NC(=O)c2cc(F)c(F)cc2Cl)n1;Cc1nc(NC(=O)N(C)C(C)c2ccccn2)ccc1Br;Cc1ccc(Br)cc1C(=O)N1CCCC1c1nncn1C;Cc1c(C(=O)NC2CC(c3ccc(Br)cc3)C2)nnn1C;O=C(NCc1ccccc1)N1CC(Cn2cc(Br)cn2)C1;O=C(NC1CN2CCC1CC2)c1cc(Br)cc2[nH]cnc12;O=C(c1cn(-c2ccccc2Br)nn1)N1CCCCCC1;COCc1cc(N2CCCC2c2cncc(Br)c2)ncn1;CCc1ccc(Br)cc1C(=O)N1CCCn2nncc2C1;Cn1ccnc(NC2CCN(c3ccccc3Br)C2)c1=O;O=C(Cn1ccnn1)N1CCC(c2ccccc2Br)CC1;COc1nc(C)cc(N2CCCC2c2cncc(Br)c2)n1;Cc1ccc(C(=O)N2CCCCC2c2nc[nH]n2)cc1Br;O=C(NCCN1CCCC1)c1cc(Br)c2nccnc2c1;CCn1ncc(Br)c1C(=O)NC(c1cccnc1)C1CC1;Cn1cnc(C(=O)NC2CCN(c3ccccc3Br)C2)c1;Cn1cncc1CCNC(=O)c1cc(Br)cnc1C1CC1;Cc1c(Br)cccc1C(=O)NCCc1nncn1C1CC1;Cc1ncnc(N2CCC(Oc3ccncc3Br)C2)c1C;CCN(C(=O)c1cc(C2CC2)nn1C)c1ccc(Br)cn1;CCc1cnc(N2CCC(Oc3ccncc3Br)C2)nc1;CN1CCC(CNc2ccnc3cc(Br)cnc23)CC1=O;O=C(Cn1ccnn1)N1CCC(c2cccc(Br)c2)CC1
m_9dc5c4,O=C(NCc1cccs1)N1CCCCC(c2ccc(Cl)cc2)C1;FC(F)(F)c1nc2ccccc2n1CCNc1ccc2nnnn2n1;CNCC1CCN(C(=O)c2cc(C)c(-c3cccc(Cl)c3)s2)C1;Cc1nc(C)c(C(=O)N2CCCCC(c3ccc(Cl)cc3)C2)s1;CC(C)c1nc(C(C)NC(=O)C2CC2c2cccc(Cl)c2)cs1;Nc1cnn(C2OC(COC(=O)c3ccccc3)C(O)C2O)c(=O)n1;CCc1nnsc1C(=O)NC1CCCN(c2ccccc2F)C1=O;Cc1cc(C(=O)NC(=O)CC(NC(=O)c2ccco2)C(=O)O)nn1C;CN(C)CCCN(C(=O)c1ccno1)c1nc2ccc(F)cc2s1;NC(=O)c1csc(NC2CCN(C(=O)c3ccccc3F)CC2)n1;O=C(Nc1nnc(C2CC2)s1)N1CCOC(c2ccc(F)cc2)C1;COCC1(C(=O)O)CCN(C(=O)c2n[nH]c3ccc([N+](=O)[O-])cc23)C1;N#CCN(C1CCCC1)S(=O)(=O)c1cnn(-c2ccccc2F)c1;Cc1nn(C)c2ncc(S(=O)(=O)NC(C)c3ccc(F)cc3)cc12;NC(=O)CC1CCCCN1C(=O)c1c(F)cc(OC(F)F)cc1F;CCN(C1CCN(Cc2cc(F)ccc2Cl)CC1)S(C)(=O)=O;CCCS(=O)(=O)NC1CCN(Cc2cccc(Cl)c2F)CC1;O=C(CO)N1CCC(c2ccc(F)cc2)C(NC(=O)C(F)(F)F)C1;CC(c1ccc(F)c(Cl)c1)N1CCC(CNS(C)(=O)=O)CC1;Cn1cc(-c2ccc(CNC(=O)c3cc4ccccc4s3)cn2)cn1;Cc1cnn(CC(=O)Nc2nc(-c3ccc4ccccc4c3)cs2)c1;CCN(CCc1nccs1)Cc1nc2sc(C)c(C)c2c(=O)[nH]1;Cc1cc(C(=O)N2CCC(=O)N(C)c3cc(F)ccc32)c(F)cc1F;COc1ccc(-c2nc(C(F)(F)F)[nH]c2-c2ccc(OC)cc2)cc1;CN(C)c1cccc(C2CCCN2C(=O)CSc2nncs2)c1
m_ec755b,NC(=O)c1ccnc(N2CCN(Cc3ccc(F)cc3Cl)CC2)c1;Cc1cc(CNC(=O)c2ccc(F)cc2Cl)nc(N2CCCC2)n1;Cc1nc2n(n1)CC(C(=O)N1CCCc3c(Cl)ccc(F)c31)CC2;Cc1nc2n(n1)CC(C(=O)N1CCCc3cc(Cl)cc(F)c31)CC2;CCCn1nccc1C(=O)NCCc1c[nH]c2cc(F)c(Cl)cc12;O=C(CCc1ncccn1)N1CCN(c2ccc(F)cc2Cl)CC1;O=C(c1ccc(F)cc1Cl)N1CCC(c2n[nH]c(C3CC3)n2)CC1;O=C(Cc1ccc(F)cc1Cl)NCC1CCCN1c1cccnn1;CN(C(=O)c1ccc(Cl)c(F)c1)C1CCCN(c2cccnn2)C1;CNC(=O)Cn1cc(NC(=O)Cn2cnc3cc(F)c(F)cc32)cn1;NC(=O)c1ccnc(N2CCN(Cc3c(F)cccc3Cl)CC2)c1;COc1ccc(C2CCCN2Cc2nc(C(=O)O)cs2)cc1OC;Cc1c(C(=O)N2CCC(C)S(=O)(=O)CC2)c(O)nc2ccccc12;Cc1c(C(=O)NCC2(C3CC3)CC2)nnn1-c1ccc(Cl)cc1F;COc1ccc2cc(S(=O)(=O)N3CCC(C(N)=O)CC3)ccc2c1;Cc1csc(=O)n1CCC(=O)NC(C)c1ccc2c(c1)OCCO2;CCOc1ccc(CN(C)S(=O)(=O)c2ccc(C(N)=O)cc2)cc1;O=C(CC1(C(=O)O)CCSC1)Nc1ccccc1C(=O)NC1CC1;COc1cc(NC(=O)CNC(=O)c2cc(C)c(C)s2)cc(OC)c1;CC1CCN(S(=O)(=O)c2ccc(NC(=O)c3ccco3)cc2)CC1;CNS(=O)(=O)c1cc(C(=O)N2CCC(c3ccccc3C)C2)co1;CN(CC(=O)NCc1ccc(Oc2ccccc2)cc1)S(C)(=O)=O;COc1ccc(CC(=O)NC(C)c2cccc(S(N)(=O)=O)c2)cc1;COc1ccccc1NS(=O)(=O)c1c(C)cc(NC(C)=O)cc1C;CCOc1ccc(CNS(=O)(=O)c2ccc(C(N)=O)cc2)cc1C
m_b7d932,CC(N)C1CCCN(C(=O)c2ccc(CSc3nccn3C)o2)C1;CCc1nn(C)c(CC)c1S(=O)(=O)Nc1ccc2c(c1)CN(C)C2;CCCc1ccc(S(=O)(=O)N2CCC(c3nncn3C)CC2)cc1;CC(C)n1cc(S(=O)(=O)N2CCN(C)CC2c2ccccc2)cn1;Cc1ccc(CN2CCCN(S(=O)(=O)c3cnn(C)c3)CC2)cc1;Cc1nnc(C(NS(=O)(=O)c2ccc3c(c2)CCCC3)C(C)C)[nH]1;CCn1cc(S(=O)(=O)N(C)C2CCCN(c3ccccc3)C2)cn1;CC(C)(C)S(=O)(=O)c1ccc(N2CCC(n3ccnc3)CC2)cn1;CCNC(=O)CN1CCN(Cc2nc(-c3ccsc3)oc2C)CC1;CC(C)c1cccc(S(=O)(=O)N2CCC(c3nncn3C)CC2)c1;CC1CC1C(=O)N1CCN(C(=O)NCc2csc(C3CC3)n2)CC1;Cn1cc(S(=O)(=O)N(Cc2ccncc2)CC2CCCCC2)cn1;CC(C)(C)c1ccc(S(=O)(=O)N2CCCC(n3cncn3)C2)cc1;Cn1nccc1CNCC1CCN(S(=O)(=O)c2ccccc2)CC1;NCC1CCOC1c1nc(-c2ccc(N3CCOCC3)c(F)c2)no1;CCN(C)S(=O)(=O)N1CCCC(c2nc(-c3ccccc3)c[nH]2)C1;COCC1CC(OC)CN1C(=O)c1cn(-c2cc(C)cc(F)c2)nn1;Cc1cnn(C)c1S(=O)(=O)N1CCCC1c1cccc(N(C)C)c1;CCN(CC)Cc1cccc(CNc2ncccc2S(N)(=O)=O)c1;CN(C)C1(CNC(=O)c2cnc3sccn3c2=O)CCCCCC1;Cc1nn(C)c(=O)c(C(=O)NC(C)c2nc(C(C)(C)C)cs2)c1C;CCc1nc(C2CC(O)CN2CCOc2ccc(SC)cc2)n[nH]1;CCCCS(=O)(=O)NCCn1nc(-c2ccccn2)cc1C1CC1;CCS(=O)(=O)c1ccc(NC2CCc3nc(C(C)C)nn3C2)cc1;Cc1ncsc1CN(C)CC1CCN(C(=O)c2c(C)noc2C)C1
m_3883ef,Cc1csc(N2CCN(C(=O)Nc3cnn(CC(C)C)c3)CC2)n1;Cc1csc(N2CCN(C(=O)Nc3cnn(C(C)(C)C)c3)CC2)n1;CCc1nc(CN2CCC(CNC(=O)Nc3cn[nH]c3)CC2)cs1;Cc1nc(N2CCN(C(=O)NCCCn3cccn3)CC2)sc1C;Cc1nc(CN2CCN(C(=O)C(C(C)C)n3cncn3)CC2)cs1;Cc1nc(N2CCN(C(=O)Nc3cnn(C(C)C)c3)CC2)sc1C;CCn1nc(C)c(NC(=O)N2CCN(Cc3cscn3)CC2)c1C;CC(C)(C)n1cc(NC(=O)N2CCN(Cc3cscn3)CC2)cn1;CC(C)(C)c1nc(CN2CCN(C(=O)Nc3cn[nH]c3)CC2)cs1;Cc1nc(NCC2(N3CCOCC3)CCSC2)c2cnn(C)c2n1;Cc1nc(N2CCN(C(=O)NCCCn3ccnc3)CC2)sc1C;Cc1nc2n(n1)CCCC2NC(=O)NCc1csc(C(C)(C)C)n1;Cn1ncnc1C1(O)CCN(c2nc(C3CCCCC3)ns2)CC1;CCc1nnc(CNC2CC(=O)N(C)C2c2c(C)nn(C)c2C)s1;Cc1noc(C(C)N2CCN(c3nc(C4CCCC4)ns3)CC2)n1;CCc1nc2n(n1)CC(NCc1csc(N(CC)C(C)=O)n1)CC2;Cc1nn(C)c(C)c1NC(=O)C(C)N1CCN(c2nccs2)CC1;Cc1ncsc1CN(C)CC1CCN(C(=O)Nc2cnn(C)c2)C1;Cn1cnnc1C1CCN(C(=O)Nc2ncc(C(C)(C)C)s2)CC1;CCc1nc(C2CCN(C(=O)Nc3ncc(C(C)C)s3)CC2)n[nH]1;CC(C)c1nn(C)cc1NC(=O)N1CCCN(c2nccs2)CC1;Cc1csc(CCNC(=O)CC2(Cn3cnnn3)CCCCC2)n1;Cc1csc(NC(=O)CN2CCCC(Cn3nc(C)nc3C)C2)n1;CCc1nc2n(n1)CCCC2NC(=O)NC(CC)c1ncc(C)s1;CCc1nc(NC(=O)CN2CCCC(Cn3cncn3)C2)sc1C
m_06f339,Cc1csc(N2CCN(C(=O)Nc3cnn(CC(C)C)c3)CC2)n1;CCn1cnnc1C1CCN(C(=O)CCc2cccc(F)c2F)CC1;CC1(C)CN(S(=O)(=O)N2CCCC(C(C)(C)C(=O)O)C2)CCO1;CC(C)(NC(=O)C1CCCC(F)(F)C1)c1cn(-c2ccccc2)nn1;CCc1nc(CN2CCC(CNC(=O)Nc3cn[nH]c3)CC2)cs1;C=C1CCN(C(C)C(O)(Cn2cncn2)c2ccc(F)cc2F)CC1;CC(C)C(C(=O)N1CCCN(Cc2cscn2)CC1)n1cncn1;Cc1ncsc1CN(C)CC1CCN(C(=O)Nc2cnn(C)c2)C1;Cc1cc(C)cc(C2CCN(C(=O)Nc3cnn(CC(F)F)c3)C2)c1;CC(OCC1CCCCO1)C(=O)N1CCN(S(C)(=O)=O)C(C)C1;CC(CNC(=O)N1CCC(c2ccn[nH]2)CC1)c1ccc(F)cc1F;CC(CNC(=O)N1CCC(c2c[nH]cn2)CC1)c1ccc(F)cc1F;CCn1nc(C)c(NC(=O)N2CCN(Cc3cscn3)CC2)c1C;CCCCCC(C)NC(CCC(=O)NC(CS)C(=O)O)C(=O)O;CN(C(=O)c1ccnn1CC(F)F)C1CCCN(c2ccccc2)C1;CCCCCCCNC(CCC(=O)NC(CS)C(=O)O)C(=O)O;Cn1ccnc1C(NC(=O)NCC1CCCC1)c1ccc(F)c(F)c1;Cc1csc(N2CCN(C(=O)Nc3cnn(C(C)(C)C)c3)CC2)n1;Cc1nn(C)c(C)c1NC(=O)CN1CCN(c2nccs2)C(C)C1;Fc1cc2ncnc(NCC3(N4CCOCC4)CCCC3)c2cc1F;COc1ccc(-c2ccnc(NC3CCN(CC(F)F)CC3)n2)cc1;CNc1cc(C(=O)N(CCN(C)C)Cc2ccc(F)c(F)c2)ccn1;CC(NC1CCCN(Cc2ccc(F)cc2F)C1=O)c1ccnn1C;Cc1noc(C)c1CN1CC(F)CC1CNC(=O)c1nccnc1N;Cc1cc(CNC(=O)NC(c2ccc(F)cc2F)C(C)C)nc(C)n1
m_9b8030,COCC1(CNC(=O)NC2CCC(Oc3cnccn3)CC2)CCC1;CC1CCCC(OCC(=O)N2CCCC(c3cc(C(N)=O)[nH]n3)C2)C1;Cn1cc(C(=O)NC2CCN(C(=O)OCC3CCCCC3)CC2)cn1;CCCCC(=O)NCC1COCCN1C(=O)c1cc(C2CC2)n(C)n1;Cc1nc(CN2CCC(CNC(=O)CN3CCCC3=O)CC2)oc1C;CNC(=O)C1CN(C(=O)C2(CCOC)CCC2)CC1c1cnn(C)c1;O=C(C(O)C1CCOCC1)N1CCC(c2nnc3n2CCCC3)CC1;Cc1ccc(NC(=O)NC(C)C2CC(C(=O)O)C2(C)C)c(N(C)C)n1;Cn1cc(OC2CN(CC(=O)NCCC3=CCCCC3)CC2O)cn1;CC(=O)N1CCN(C(=O)c2cc(C3CCOCC3)nn2C)C(C)(C)C1;Cn1nc(C(=O)N2CCCC2(C)C)c(O)c1C(=O)N1CCCC1(C)C;CC(=O)N1CCOC2CCN(C(=O)c3cn(C(C)(C)C)nc3C)CC21;CCOCC(NC(=O)C1CCN(c2oc(C)nc2C#N)CC1)C(C)C;CCC(C)n1ncc(NC(=O)NC2CCC(C(=O)O)CC2)c1C1CC1;COCCN1CCC(NC(=O)N2CCC(Oc3cccnc3)C2)CC1;Cc1nc(CN2CCN(C(=O)C34CCOCC3CNC4)CC2)oc1C;COCC1(C(N)=O)CCCN1C(=O)c1cc(C2CC2)n(C(C)(C)C)n1;COC1CCCCN(CC(=O)N2CCC(c3cc(C)n[nH]3)CC2)C1=O;Cc1noc(C2CCN(C(=O)CC(C)NC(=O)C3CCCC3)CC2)n1;CC(C)(C)c1cn(C2CC(C(=O)O)CC2NC(=O)C2CCCC2)nn1;CC1CCC(CCC(=O)NC2CCCN(c3nccn(C)c3=O)C2)O1;Cn1nc(C(=O)N2CCC(C)(C)C2)c(O)c1C(=O)N1CCC(C)(C)C1;CC1CCC(CCC(=O)NC2CCN(c3nccn(C)c3=O)CC2)O1;CCN(CCNC(=O)N1CC(C)OC(C(N)=O)C1)c1ccccc1C;CCOc1ccnc(N2CCCN(C(=O)C3CCCOC3C)CC2)n1
m_cad5a6,COCc1c(C(=O)Nc2ccc(C(F)(F)F)cc2)oc2ccccc12;O=C(O)c1ccc2c(c1)CN(C(=O)c1ccccc1C(F)(F)F)CC2;O=C(O)C(Cc1ccccc1)NCC(O)C(O)COP(=O)(O)O;Cc1csc(Sc2ccc(NC(=O)N3CCOCC3)c(C)c2)n1;CNS(=O)(=O)c1ccc2c(c1)CCN2Cc1cnc(C2CC2)s1;Cc1nc(-c2cccs2)sc1C(=O)N1CCCC1C(=O)N(C)C;Cc1csc(C(NC(=O)C(C)NC(=O)c2cccs2)C2CC2)n1;CC(Oc1cccc(F)c1)C(=O)N1CCC(C(=O)O)(C(F)(F)F)C1;Cc1nc(S(=O)(=O)N(Cc2ccco2)c2cccc(F)c2)cn1C;Cc1nc(S(=O)(=O)N(Cc2ccco2)c2ccc(F)cc2)cn1C;Cc1nc(S(=O)(=O)N(Cc2ccco2)c2ccccc2F)cn1C;CC[S+]([O-])C1CCCCC1NC(=O)c1cc(F)c(F)c(O)c1F;Cc1cc(S(C)(=O)=O)cc(C(=O)N(CC(F)(F)F)C2CC2)c1C;Cc1ccccc1NC(=O)CN1c2cc(F)ccc2N(C)S1(=O)=O;CC1OCCN(C(=O)c2ncncc2Cl)C1c1nc(C2CC2)no1;O=C(NC1CCS(=O)(=O)C1)c1cccnc1Nc1ccccc1F;O=S(=O)(c1ccc(N2CC3CCC(O)CC3C2)cc1)C(F)(F)F;O=C(Cc1ccccc1Cl)N(Cc1cccs1)C1CCOCC1;COc1ccc(S(=O)(=O)NCc2cn3ccc(C)cc3n2)cc1F;CNS(=O)(=O)c1ccc2c(c1)N(C(=O)Cc1ncccc1F)CC2;CC1(C)CN(C(=O)Nc2cc(-c3ccccc3)ns2)CC[S+]1[O-];CS(=O)(=O)CC1CCN(C(=O)c2cc(C(F)F)ccc2F)CC1;CC(C(=O)N(Cc1ccc(C(F)(F)F)cc1)C1CC1)S(C)(=O)=O;CC1(NC(=O)CC(c2ccccc2)C(F)(F)F)CCS(=O)(=O)C1;COCc1c(C(=O)NC(C)c2nc(C)no2)sc2cccc(F)c12
m_9910fd,COc1ccc(F)cc1CC(=O)N1CC(C)OC(c2nnc(C)o2)C1;CCC(C)(NC(=O)CCc1nc(-c2ccc(F)c(C)c2)no1)C(=O)O;Cc1nn(CC(F)(F)F)c(C)c1C(C)C(=O)N1CCCSCC1;CC(C)Cc1nc(C(=O)N2CCN(C(C)C(F)(F)F)CC2)cs1;CC(C)CC(N)C(=O)N1CCCC(c2nc(C(F)(F)F)cs2)C1;COc1ccc(CCC(=O)NC2COCC2Oc2cn[nH]c2)cc1F;COc1cccc(CCC(=O)NC2COCC2Oc2cn[nH]c2)c1F;CCc1nc(COc2ccc(C(=O)N3CC(F)CC3CO)cc2)no1;CC(=O)NC(Cc1c[nH]c2cc(F)ccc12)C(=O)NCC(C)C(=O)O;Cc1nn(C(C)C)cc1C(=O)Nc1ccc(OC(C)C(=O)O)c(F)c1;O=C(O)C1CCN(C(=O)NC2CC(=O)N(c3ccccc3F)C2)CC1;CCn1nc(C)c(C(=O)Nc2ccc(OC(C)C(=O)O)c(F)c2)c1C;CC(C)c1noc(C2(NC(=O)c3cccc(F)c3O)CCOCC2)n1;COc1ccc(C(NC(=O)c2ccc(=O)n(C)n2)c2ccccc2)cc1;CC(NC(=O)c1ccccc1N(C)C(=O)c1ccco1)c1cccnc1;CC(Oc1ccccc1C#N)C(=O)N1CCCc2c(C(N)=O)cccc21;O=C(CNC(=O)c1noc2c1CCCC2)Nc1cccc2ccccc12;CCOc1ccc(NC(=O)c2nn(-c3ccc(C)cc3)ccc2=O)cc1;O=C(c1n[nH]c2ccccc2c1=O)N1CCC(Oc2ccccc2)CC1;CCOc1ccc(Oc2cc(CNC(=O)c3ccncc3)ccn2)cc1;Cc1noc(C2CC(O)CN2C(=O)CCCOc2ccccc2F)n1;Cc1noc(C2CC(O)CN2C(=O)CCCOc2ccc(F)cc2)n1;Cc1noc(C2CC(O)CN2C(=O)CCCOc2cccc(F)c2)n1;Cc1nn(CCNC(=O)c2cc3ccccc3o2)c(C)c1-c1ccco1;Cc1ccc(Oc2ccc(NC(=O)C(C)Oc3ccccc3)cc2)nn1
m_1777b7,COc1ccc(CCCNC(=O)NCc2nc(C)cs2)cc1OC;CN(Cc1ccc(Cl)cn1)CC1CC(F)CN1Cc1cncnc1;CN(Cc1ccc(Cl)cn1)CC1CC(F)CN1Cc1ncccn1;CN(CCN1CCOCC1)C(=O)CC1Sc2ccccc2NC1=O;CC(C)(C)Cc1csc(NC(=O)c2coc(C3CCOCC3)n2)n1;COc1cccc(CS(=O)(=O)N(C)C2CCCc3c2cnn3C)c1;CN(C)C(=O)CN1CCN(C(=O)C2CSc3ccccc3O2)CC1;Cc1c(C)c(C)c(S(=O)(=O)NCc2nc(C3CC3)no2)c(C)c1C;COc1ccc(C)c2c1N(S(=O)(=O)c1cn(C(C)C)cn1)CCC2;COc1ccc(C)cc1CS(=O)(=O)Cc1nnc(C2CCC2)n1C;CC(C)(C)c1ccc(S(=O)(=O)Nc2cnn(C3CCOC3)c2)cc1;CC(C)(C)c1ccc(OCc2nnc3n2CCS(=O)(=O)CC3)cc1;COc1ccc(C)cc1S(=O)(=O)N1CCCCC1c1ccnn1C;CC(C)(C)C(=O)N1CSCC1C(=O)Nc1ccc(CC(N)=O)cc1;CCC(C)C(=O)N1CSCC1C(=O)Nc1ccc(C(=O)NC)cc1;COc1nc(C)ccc1CNC(=O)C1CSCN1C(=O)C1CCC1;Cn1cc(S(=O)(=O)N(CCO)c2ccccc2)c(C2CCCC2)n1;CCC(C)c1csc(N(C)C(=O)c2[nH]c(C)c(C(=O)OC)c2C)n1;Cc1cn2c(=O)c(C(=O)NC(C)(CO)C3CCCCC3)cnc2s1;CCc1ccccc1S(=O)(=O)N1CCOC(c2cnn(CC)c2)C1;Cc1nn(CC(C)C)c(C)c1S(=O)(=O)Nc1ccc2c(c1)COC2;Cc1nn(C)c(C)c1S(=O)(=O)N1CCC(c2ccc(O)cc2)CC1;CN1CCC2CCN(S(=O)(=O)CCc3noc4ccccc34)C2C1;Cc1cc(S(=O)(=O)NC2CCN(Cc3ccncc3)CC2)c(C)o1;Cc1cc(S(=O)(=O)NC2CCN(Cc3ccccn3)CC2)c(C)o1
m_55fde0,CN(Cc1ccc(Cl)cn1)CC1CC(F)CN1Cc1ncccn1;CN(Cc1ccc(Cl)cn1)CC1CC(F)CN1Cc1cncnc1;CC(C(=O)Nc1cc(C(C)(C)C)nn1-c1ccccc1)S(C)(=O)=O;Cc1ccc(F)c(OCC(=O)N2CCOC(C)C2c2nc(C)no2)c1;CC(Cc1cccs1)C(=O)N1CCOCC1c1nnc(C(C)C)o1;COc1cc(C)c(S(=O)(=O)N(Cc2nccn2C)C2CC2)cc1C;Cc1cc(NC(=O)CCCS(=O)(=O)c2ccccc2)n(C(C)C)n1;CCn1nc(C)c(S(=O)(=O)N2CCOC(c3ccccc3)C2)c1C;CCOc1ccc(C2CCCN2S(=O)(=O)c2c(C)cnn2C)cc1;Cc1ccc2[nH]c(C(=O)N3CCCCC3CS(N)(=O)=O)cc2c1C;CNS(=O)(=O)Cc1cccc(CNC(=O)c2cccn2C(C)C)c1;Cc1nn(C)cc1C(C)NS(=O)(=O)CCc1ccc2c(c1)CCO2;CCOc1ccccc1S(=O)(=O)N1CCCC(c2cnn(C)c2)C1;CCOC(=O)CCC(=O)NCCn1nc(C)c(-c2ccsc2)c1C;O=S(=O)(Cc1ccccc1CNCc1cc[nH]c1)N1CCOCC1;CCOCC1CCN(C(=O)c2sc(-c3c(C)noc3C)nc2C)C1;CNS(=O)(=O)CCNC(=O)N1C2C=C(c3ccccc3)CC1CC2;CNS(=O)(=O)C1CCCN(C(=O)CCc2ccc3[nH]ccc3c2)C1;CCOC(=O)c1sc(NC(=O)N2CCC(N3CC=CC3)C2)cc1C;COc1ccc(C)cc1S(=O)(=O)N1CCCCC1c1cc(C)n[nH]1;Cc1ccc(-c2nc(C(=O)N3CCC(N(C)CCO)C3C)cs2)o1;Cc1nn(C)c(C)c1S(=O)(=O)N1CC(c2ccccc2)OCC1C;CC1CN2CCCC2CN1S(=O)(=O)c1ccc2c(c1)C(=O)NCC2;Cc1nn(C2CCS(=O)(=O)C2)c(C)c1NCCOc1ccccc1;CN1CCN(Cc2ccc(S(=O)(=O)N(C)C)o2)Cc2ccccc21
m_3ff7be,Cc1noc(C)c1CC(C)NC(=O)N1CCc2c(F)ccc(F)c2C1;Cc1cc(CNC(=O)N(Cc2cc(F)ccc2F)C2CCCC2)no1;CC1(O)CN(C(=O)c2cn(C(C)(C)C)nc2-c2ccc(F)cc2F)C1;Cc1c(C2OCCC2C(=O)NCCc2ccc(F)c(F)c2)cnn1C;Cn1cc(C2CCCN2C(=O)CCCOc2ccc(F)cc2F)cn1;O=C(NCCC1CCC(F)(F)CC1)c1cccc(-n2cc[nH]c2=O)c1;COCCn1ccc(C(=O)N2CCC(Cc3ccc(F)c(F)c3)C2)n1;Cc1noc(C)c1C(=O)NC1CCCN(Cc2c(F)cccc2F)C1;Cc1noc(C)c1C(C)C(=O)N1CCN(c2cc(F)ccc2F)CC1;COCCn1ccc(C(=O)NCC2(c3c(F)cccc3F)CCC2)n1;COCC1CN(C(=O)c2cc(C)c(F)cc2F)CC1c1cnn(C)c1;Cc1cc(C(=O)NC2CCN(C(C)C)C2c2ccc(F)c(F)c2)no1;Cc1cnn(CC2CN(C(=O)CCc3cc(F)ccc3F)CCO2)c1;CCC(NC(=O)N1CCc2c(F)ccc(F)c2C1)c1c(C)noc1C;Cc1cc(C)n(Cc2ccc(C(=O)N3CC(F)(F)CC3CO)cc2)n1;Cn1cc(C2OCCC2CNC(=O)c2ccc(C(C)(F)F)cc2)cn1;CCC1(CNC(=O)c2cnn(C)c2C(F)F)OCCc2ccccc21;Cc1nn(C(F)F)c(C)c1CC(=O)N1Cc2ccccc2OCC1C;CC(C)Cn1ncc(C(=O)NC2CCOc3ccccc32)c1C(F)F;Cc1ccc2c(c1)OC(C)CN2C(=O)Cc1c(C)nn(C(F)F)c1C;CCN(Cc1nc2ccccc2c(=O)[nH]1)C(=O)C1CCC(F)(F)CC1;COc1ccc(NC(=O)C2CCN(CC(F)F)CC2)c2cccnc12;Cc1nn(C)c(C)c1C(=O)NC1(c2ccc(F)cc2F)CCOCC1;C=CCN1CC(NC2CC(=O)N(c3c(F)cccc3F)C2)CCC1=O;O=C(CCc1ccccc1)NCc1nc(C2CCC(F)(F)CC2)no1
m_b6b7fe,Cc1cc(C)n(C(C)C(=O)N2CC(n3cccn3)Cc3ccccc32)n1;CN1CC(C(=O)N(C)CC2CC(F)CN2Cc2cncnc2)CC1=O;Cn1cc(CN2CCCN(C(=O)c3cccc4cccnc34)CC2)cn1;Cc1ccc(NC2CCN(C(=O)Cc3c[nH]c4ccccc34)CC2)nn1;Cc1cn(CC(=O)N2CCCN(c3cccnn3)CC2)c2ccccc12;CCCNC(=O)c1ccc(NCc2ccc(-n3cncn3)c(C)c2)cc1;Cc1cc(C)n2nc(CC(=O)N3CCCC3c3ccccc3C)nc2n1;CCN1CCN(c2ccc(CNC(=O)c3ccc(C#N)cc3)cn2)CC1;Cc1cc(C)n(CC(=O)N2CCN(c3ccnc4ccccc34)CC2)n1;CC(C)c1ccc(CC(=O)N2CCN(c3ccc(C#N)nn3)CC2)cc1;Cc1cc(N2CCC(NC(=O)c3cc4ccccc4[nH]3)CC2)nc(C)n1;CN(C)c1ncc2c(n1)CCC(NC(=O)Cn1ccc3ccccc31)C2;CN(Cc1nnc2n1CCC2)C(=O)c1cccn1CCc1ccccc1;Cc1cccc(C(NC(=O)NCc2nc(C)n[nH]2)c2cccc(C)c2)c1;CN(C(=O)c1cccn1C)C1CCN(c2ncnc3ccccc23)CC1;Cc1ccncc1N1CCN(Cc2nc3ccccc3c(=O)n2C)CC1;Cc1ccc(-c2nnc(CN3CCc4c(nc(C5CC5)n4C)C3)o2)cc1;Cc1cc(C)c2ncc(C#N)c(N3CCCC(N4CCNC4=O)C3)c2c1;Cc1n[nH]cc1C1CCN(C2CCN(c3ccc(C#N)cc3)C2=O)CC1;CCn1c(C2CCCN2CC(=O)Nc2cccnc2)nc2ccccc21;Cn1nc(-c2ccccc2)cc1C(=O)N1CCC(c2ccnn2C)CC1;Cc1cccc(-c2noc(CC3CCN(Cc4ccccn4)CC3)n2)n1;O=C(CCc1c[nH]c2ccccc12)NC1CCN(c2ncccn2)CC1;CCN(C(=O)Cc1ccc(NCc2ncnn2C)cc1)c1ccccc1;Cc1cnn(C2CCCN(C(=O)c3cccc(Cn4ccnc4)c3)C2)c1
m_bf639c,CC(CN1CCOCC1)NC(=O)N1CCCC1Cc1ccc(F)cc1;CC(C(=O)N1CCOCC1)N1CCN(CCc2ccccc2F)CC1;CC(N)C1CCCN(C(=O)C(c2cccc(F)c2)N2CCOCC2)C1;COc1cccc(F)c1C(C)NC(=O)N1CCCC2CN(C)CCC21;CC(CN1CCOCC1)NC(=O)N(Cc1ccccc1F)C1CCC1;Cc1cc(NCC(=O)N2CCC(C(=O)N(C)C(C)C)CC2)ccc1F;O=C(NC1CCC(O)CC1)NC1CCN(Cc2ccccc2F)CC1;CC(NC(=O)CN1CCC(Cc2cccc(F)c2)CC1)C(=O)N(C)C;CCCCC(=O)N1CCC(CN(C)C(C(N)=O)c2ccc(F)cc2)C1;CC(c1ccccc1F)N(C)C(=O)NCCC(=O)N1CCCCCC1;CC(C)Oc1ccc(CNC(=O)N2CCC3CCC(C2)N3C)cc1F;COc1ccc(CN2CCN(C(=O)C3CCCC(N)C3)CC2)cc1F;CC(N)C1CCCN(C(=O)C(c2ccccc2F)N2CCOCC2)C1;O=C(NCC(c1ccc(F)cc1)N1CCOCC1)NC1CCCCC1;COc1cc(CCNC(=O)N2CCC(CN3CCCC3)C2)ccc1F;O=C(CCN1CCC(N2CCCOCC2)CC1)Nc1cccc(F)c1;COc1ccc(F)cc1C(C)NC(=O)N1CCCC1C1CCCN1C;CCN1CCN(c2ccc(C(=O)N3CC(C)OC(C)C3)cc2F)CC1;CC(C)(CNC(=O)N(Cc1ccccc1F)C1CC1)N1CCOCC1;CC(C)(C)C(=O)NCCCC(=O)Nc1c(F)cccc1N1CCCC1;CC1CCCC(CNC(=O)N2CCC(Oc3ncccc3F)CC2)C1;C=C(C)CN1CCC(NC(=O)NC(C)c2c(F)cccc2OC)CC1;CCN1CCC2CCC(C1)N2CC(=O)NCCOc1cccc(F)c1;CN(C)CCN(CC1CCCO1)C(=O)NC1CCc2c(F)cccc21;O=C(NCC1CCC(O)C1)NC1CCN(Cc2ccccc2F)CC1
m_436c77,CC(=O)N1CCC(CC(=O)N2CCCCC2CCN2CCCC2)CC1;CC1CN(C(=O)CC2CCCCC2)CC1CNCC(=O)NCC1CC1;CCC1CN(C)CCCN1C(=O)C1CC(=O)N(C2CCCCCC2)C1;COCCC1(C(=O)N2CCN(C3CC4CCC(C3)N4C)CC2)CCC1;CN1CCC(C(=O)NC2CCCCC2NC(=O)C2CCCCC2)CC1;NC1CCCCCCC1C(=O)N1CCC(CC(=O)N2CCCC2)CC1;CCCCCCCCCCC=CCNC(Cc1cncn1C)C(=O)O;O=C(NCC1(N2CCCCC2)CCCCC1)N1C2CCC1CC(O)C2;CCCCCCCCCCCCCCCCNCCP(=O)(O)O;CC(CN1CCOCC1)NC(=O)N1CCCC1Cc1ccc(F)cc1;CC(CN1CCOCC1)NC(=O)N1CCCC1Cc1ccc(F)cc1;CC(CN1CCOCC1)NC(=O)N1CCCC1Cc1ccc(F)cc1;CC(CN1CCOCC1)NC(=O)N1CCCC1Cc1ccc(F)cc1;CC(CN1CCOCC1)NC(=O)N1CCCC1Cc1ccc(F)cc1;CC(CN1CCOCC1)NC(=O)N1CCCC1Cc1ccc(F)cc1;CC(CN1CCOCC1)NC(=O)N1CCCC1Cc1ccc(F)cc1;CC(CN1CCOCC1)NC(=O)N1CCCC1Cc1ccc(F)cc1;CC(CN1CCOCC1)NC(=O)N1CCCC1Cc1ccc(F)cc1;CC(CN1CCOCC1)NC(=O)N1CCCC1Cc1ccc(F)cc1;CC(CN1CCOCC1)NC(=O)N1CCCC1Cc1ccc(F)cc1;CC(CN1CCOCC1)NC(=O)N1CCCC1Cc1ccc(F)cc1;CC(CN1CCOCC1)NC(=O)N1CCCC1Cc1ccc(F)cc1;CC(CN1CCOCC1)NC(=O)N1CCCC1Cc1ccc(F)cc1;CC(CN1CCOCC1)NC(=O)N1CCCC1Cc1ccc(F)cc1;CC(CN1CCOCC1)NC(=O)N1CCCC1Cc1ccc(F)cc1
m_f24d72,CNS(=O)(=O)c1cc(C(=O)Nc2ccccc2OCC2CC2)co1;O=C(Cn1cccn1)N1CCN(C(=O)c2ccc(F)cc2Cl)CC1;O=C(NC1CC(O)C12CCC2)c1cn(-c2cccc(Cl)c2F)nn1;COc1ccc(S(=O)(=O)N2CCC(C(=O)O)CC2)c2ncccc12;CNC(=O)COc1cccc(NS(=O)(=O)c2cc(C)ccc2O)c1;Cc1cc(S(=O)(=O)Nc2c(C)ccn(C)c2=O)cc(C(=O)O)c1C;COc1cccc(S(=O)(=O)N2CCN(C(=O)c3ccco3)CC2)c1;O=C(O)CC1CN(C(=O)CC2Sc3ccccc3NC2=O)CCO1;CC(C)(C)n1cc(Cn2c(-c3ccc(F)c(Cl)c3)noc2=O)cn1;COc1ccc(S(=O)(=O)N2CCCCC2C(=O)O)c2ncccc12;CCn1cccc(NS(=O)(=O)c2cc(C)c(C)c(C(=O)O)c2)c1=O;Cc1oc(-c2cccs2)nc1CC(=O)N1CCOC(CC(=O)O)C1;O=C(O)CC1CN(C(=O)CN2C(=O)CSc3ccccc32)CCO1;CC1(C)SC2C(NC(=O)COc3ccccc3)C(=O)N2C1C(=O)O;O=C(NC(Cc1c[nH]c2ccccc12)C(=O)O)C1CCS(=O)(=O)C1;Cc1cc(C)c(S(=O)(=O)Nc2c(C)noc2C2CC2)cc1C(=O)O;O=C(O)CCN(CC1CCCO1)C(=O)c1ncoc1-c1cccs1;CCOC(=O)Cc1csc(NC(=O)COc2ccc(OC)cc2)n1;CCOC(=O)c1cc2cc(NC(=O)CN(C)C(=O)OC)ccc2s1;CC(=O)Nc1ccc(S(=O)(=O)N(C)CCC(=O)O)c2ccccc12;O=C(Nc1ccc(Cl)c(C(=O)NC2CC2)c1)c1cnn(CCF)c1;Cc1noc(C2CC2)c1NS(=O)(=O)c1ccc2c(c1)OCCCO2;O=C(c1ccc(F)cc1Cl)N1CCN(c2nnc(C3CC3)o2)CC1;Cc1ccc(-c2nc(CC(=O)OCC(=O)N3CCOCC3)cs2)o1;CN1C(=O)c2ccc(C(=O)N3CCCC(S(C)(=O)=O)C3)cc2C1=O
m_8114e3,COc1ccc2c(C)c3[n+](cc2c1OC)CCc1cc2c(cc1-3)OCO2;O=C(NCC1(c2ccccc2)CCC1)c1cnc2[nH]c(=O)[nH]c(=O)c2c1;CCN(Cc1ccc2c(c1)OCO2)C(=O)c1ccc(-n2cccn2)nc1;O=C(NCCC(c1ccccc1)c1ccccc1)c1n[nH]c(=O)[nH]c1=O;Cn1cc(C(=O)Nc2ccc(Cc3ccncc3)cc2)c(=O)n(C)c1=O;O=C(Nc1cccc(OCCO)c1)c1ccc(Nc2ncccn2)cc1;COc1cccc(-c2cc(NCc3ccc4c(c3)OCO4)nc(N)n2)c1;O=C(c1cccnn1)N(CCc1c[nH]c2ccc(O)cc12)C(=O)C1CC1;COc1ccc(-c2cc(=O)n(CC(=O)Nc3cccc(C)n3)cn2)cc1;COc1ccc(-c2noc(C3CCCN3C(=O)c3ccncc3)n2)cc1;CC1Oc2ccccc2N(CC(=O)NCc2ccn3ccnc3c2)C1=O;Cc1nc(-c2noc(C3CC(=O)N(c4ccc5c(c4)CCC5)C3)n2)co1;O=C1CN(C(=O)c2ccc(NC(=O)NC3CC3)cc2)c2ccccc2N1;O=C1CC(c2nc(-c3cccc(OCc4cccnc4)c3)no2)CCN1;CCCn1c(NC(=O)c2ccc3c(c2)OCC(=O)N3)nc2ccccc21;CCc1ccccc1NC(=O)CNC(=O)c1n[nH]c(=O)c2ccccc12;CC(=O)N(C)c1ccc(NC(=O)Cn2c(=O)cnc3ccccc32)cc1;COC(=O)c1ccc(C)c(NC(=O)c2cnn(-c3ccccn3)c2C)c1;Cc1noc(C)c1CC(=O)Nc1cccc(C(=O)Nc2ccccn2)c1;COC(=O)C1Cc2ccccc2N1C(=O)c1cnc2c(c1)c(C)nn2C;CCOc1ccccc1NC(=O)C1CC(=O)n2c(nc3ccccc32)N1;COc1ccc2[nH]cc(CCNC(=O)c3cc(-c4ccco4)[nH]n3)c2c1;Cc1c(C(=O)N2CCOC(c3ncon3)C2)cccc1-c1ccccn1;CC(C)n1ncc2cc(NC(=O)C3Cc4ccccc4C(=O)O3)cnc21;CCOC(=O)c1ccc(NC(=O)c2cn(Cc3ccccc3)nn2)cc1
m_982aac,O=C(C1CC12CCOc1ccc(Cl)cc12)N1CCN(CCO)CC1;O=C1CCCC(C(=O)NCC2(c3ccc(Cl)cc3)CCOCC2)N1;Cc1c(Cl)cccc1C(=O)N1CCC(C2OCCC2C(N)=O)CC1;CN1C(=O)CCC1C(=O)NCC1(c2cccc(Cl)c2)CCOCC1;O=C(c1cc(N2CCCC2=O)ccc1Cl)N1CCCCC(CO)C1;O=C(O)CCC1CCCN(C2CCN(c3ccccc3Cl)C2=O)C1;O=C(c1ccc(Cl)cc1)N1CCCN(C(=O)C(O)C2CCC2)CC1;Cc1cccc(C(=O)N2CCC(C3OCCC3C(N)=O)CC2)c1Cl;CC(=O)N1CCCC(O)(C(=O)NCC2(c3ccc(Cl)cc3)CC2)C1;Cc1cc(C(=O)N2CCC(C3OCCC3C(N)=O)CC2)ccc1Cl;Cc1cc(Cl)cc(C(=O)N2CCC(C3OCCC3C(N)=O)CC2)c1;Cc1ccc(Cl)cc1C(=O)N1CCC(C2OCCC2C(N)=O)CC1;COC(=O)C1C2CCCC2CN1CC(=O)Nc1ccc(Cl)cc1C;CN(CC(=O)O)C1CCN(C(=O)C2(c3ccc(Cl)cc3)CC2)CC1;O=C(c1cccc(Cl)c1)N1CCN(C(=O)C2(O)CCCCC2)CC1;CC(=O)N1CCCC(O)(C(=O)NCC2(c3ccccc3Cl)CC2)C1;CC(C)Oc1ccc(Cl)cc1C(=O)N1CC(NC(=O)C2CCC2)C1;Cc1nc(CC(=O)N2CCOCC2c2nnc(C(C)C)o2)c(C)s1;O=C(CCOc1ccc(Cl)cc1)NC1CCN(C(=O)C2CC2)CC1;O=C(NCc1cc(Cl)c2c(c1)OCCO2)N1CCC2(CCCC2)C1;CCCc1ncc(C(=O)N2CCOCC2c2nnc(C(C)C)o2)s1;Cc1nc(C(=O)N2CCC(NC(=O)C3CCCSC3)C2)cc(=O)[nH]1;CCn1cnnc1-c1cccc(NS(=O)(=O)CC2CCCCO2)c1;COc1ccc(S(=O)(=O)NCc2nnc(C3CCC3)n2C)c(C)c1;Cc1nn(C)c(C)c1C1OCCC1CNS(=O)(=O)c1cccnc1
m_ab3260,O=C1C2C3C=CC(C3)C2C(=O)N1c1cccc(COCC(F)(F)F)c1;O=C(O)C1CN(C(=O)Cc2cccc3ccccc23)CC1C(F)(F)F;O=C(Cc1cccc(C(F)(F)F)c1)NCC1COc2ccccc2O1;O=C(O)C1CN(C(=O)Cc2ccc3ccccc3c2)CC1C(F)(F)F;O=C(Cc1ccc(O)cc1)NC1(c2cccc(OC(F)(F)F)c2)CC1;Cc1sc2nc(CSC(C)C(=O)N3CCCC3)[nH]c(=O)c2c1C;Cc1noc(C2COCCN2C2CN(C(=O)c3cc(Cl)c[nH]3)C2)n1;COc1c(OC)c2c3c(ncc(OC)c3c1OC)C(=O)c1ccccc1-2;CCn1c(C2CC(OC)CN2C(=O)c2ccncc2Cl)n[nH]c1=O;CCCCc1ccc(CC(Sc2nnc(N)s2)C(=O)OC)cc1;N#Cc1ccc(C(F)(F)F)nc1N1CCN(c2ncccc2F)CC1;COc1ccc2c(c1)C(=O)c1nccc3c(OC)c(OC)c(OC)c-2c13;O=S(=O)(NC1CCCCCC1CO)c1ccccc1C(F)(F)F;Cc1cc(NC(=O)C(C)SCc2csc(C3CCCC3)n2)no1;COc1cc2c(cc1OC)-c1c(OC)c(OC)cc3ccnc(c13)C2=O;Cc1ccc(S(=O)(=O)NC2CCC(CO)CC2)cc1C(F)(F)F;NS(=O)(=O)c1cnc(N2CCCCC2CCc2ccccc2)s1;CCn1nc(C)c(S(=O)(=O)N2CCC(C(=O)O)C(F)(F)C2)c1C;COc1ccc2cc3n(c(=O)c2c1OC)CCc1cc2c(cc1-3)OCO2;COc1cc2c(cc1OC)-c1cc3ccc4c(c3c(=O)n1CC2)OCO4;CCOC(=O)c1c(-c2ccc(OC)cc2)oc2ccc(OCC#N)cc12;CC(=O)c1cccc(NC(=O)COc2ccc3oc(=O)cc(C)c3c2)c1;Cc1c(C(=O)NCc2ccc(F)cc2)cnn1C1CCS(=O)(=O)C1;CS(=O)(=O)C1CCCCC1NCc1ccccc1OC(F)(F)F;Cc1c(Cl)c(C(=O)N2CCC(n3cc(C(=O)O)cn3)CC2)nn1C
m_417c79,CN(C)C(=O)c1cc(NC(=O)CCCNC(=O)C2CC2)ccc1Cl;CCOc1cc(CNC2CC(O)C2n2cccn2)cc(Cl)c1OC;NC(=O)C1CCOC1CC1CCN(C(=O)c2ncccc2Cl)CC1;CC(C)(C)C(=O)N1CCCC1C(=O)Nc1ccc(C(N)=O)c(Cl)c1;NC(=O)N1CCCN(C(=O)c2ccc(OC3CCC3)cc2Cl)CC1;CC(=O)N(C)CC(=O)N1CCCN(C(=O)c2ccc(Cl)cc2)CC1;NC(=O)C1CCOC1CC1CCN(C(=O)c2ccc(Cl)cn2)CC1;O=C(NCC1CCCNCC1)C(=O)NC1COc2ccc(Cl)cc21;COc1cc(CNc2nnc(CC3CCCC3)o2)cc(Cl)c1OC;Cn1c(CNCC(C(=O)O)C2CCOCC2)nc2ccc(Cl)cc21;COc1cccc(Cl)c1CNC(=O)C1CC(=O)N(C2CN(C)C2)C1;CC(C)C(=O)N1CCCC(C(=O)Nc2ccc(Cl)c(C(N)=O)c2)C1;Cc1cc(Cl)ccc1C(=O)N1CCN(C2(C(N)=O)CCOC2)CC1;NC(=O)C1CN(C(=O)NCC2(c3ccc(Cl)cc3)CCC2)CCO1;O=C1NCCN1C1CCCN(Cc2cc3c(cc2Cl)OCCO3)C1;COCC(O)CNC(=O)Cc1c(C)nn(-c2ccc(Cl)cc2)c1C;O=C(CN1CCN(C(C(=O)O)C2CC2)CC1)Nc1ccccc1Cl;Cc1cccc(C(=O)N2CCN(C3(C(N)=O)CCOC3)CC2)c1Cl;COCC(CO)NC(=O)Cc1c(C)nn(-c2ccc(Cl)cc2)c1C;CC1(C)COC(c2cccc(Cl)c2)CN1CCN1C(=O)CNC1=O;O=C(Nc1ccc(Cl)cc1)N1CCCC(C(=O)N2CCOCC2)C1;COc1cc(Cl)ccc1CNC(=O)N1CC(NC(=O)C2CCC2)C1;Cc1c(Cl)cncc1C(=O)N1CCC(C2CCC(C(N)=O)O2)CC1;CN1CCC(N2CCC(NC(=O)c3cc(O)ccc3Cl)CC2)C1=O;CCCOc1c(Cl)cc(C(=O)NC(C)c2cnn(C)c2)cc1OC
m_31ebaa,COc1cccc(F)c1C(=O)N1CCN(C2(C(N)=O)CCOC2)CC1;CNC(=O)C1CCC(C(=O)O)N(CC(=O)NCc2ccc(F)cc2)C1;O=C1CCCN1CCC1CN(C(=O)c2cc[nH]c(=O)c2)c2ccccc21;COc1ccc(F)cc1C(=O)N1CCN(C2(C(N)=O)CCOC2)CC1;CC(NC(=O)c1cccnc1N1CCOCC1)c1cc2ccccc2o1;O=C(CCc1c[nH]c2ccccc12)N1CCN(C(=O)c2ccco2)CC1;NC(Cc1c[nH]c2ccccc12)C(=O)NC(Cc1ccccc1)C(=O)O;NC(Cc1ccccc1)C(=O)NC(Cc1c[nH]c2ccccc12)C(=O)O;CC(C)(C)OC(=O)Nc1cc(NC(=O)CNC(=O)C2CC2)ccc1F;COCc1cccc(NC(=O)c2cn(C)nc2-c2ccccc2OC)c1;COc1ccc(CNC(=O)CCCc2nc3ccccc3c(=O)[nH]2)cc1;CC(C)NC(=O)CCNC(=O)c1ccc2nc(-c3ccccc3)oc2c1;O=C(O)C1CC2CCCCC2N1C(=O)c1cnc(-c2ccccc2)nc1;COc1ccccc1C(=O)N1CCCC(COc2cc(C#N)ccn2)C1;CC(=O)c1ccc(NC(=O)N2CC3CC(C2)c2cccc(=O)n2C3)cc1;O=C(NC1CN(C(=O)c2cccc(OCc3cccnc3)c2)C1)C1CC1;Cc1ccc(C2(C(=O)Nc3cnc4onc(C)c4c3)CCOCC2)cc1;COc1cccc(OC)c1CC(=O)Nc1c(C)cnn1-c1ccccc1;O=C(Cc1ccccc1)NCC(=O)Nc1ccc(C(=O)NC2CC2)cc1;CC1COc2ccccc2N1C(=O)CCn1c(=O)n(C)c2ccccc21;Cc1nc(-c2ccccc2)ncc1C(=O)NC1C2CCC(C2)C1C(=O)O;Cn1c(=O)oc2ccc(CNC(=O)NCC3CC3c3ccccc3)cc21;COC1CC(c2ncc[nH]2)N(C(=O)COc2ccc3ccccc3c2)C1;COC1CC(COc2cccnc2)N(C(=O)Cc2ccc(C#N)cc2)C1;NC(=O)c1ccc(N2CCCC2)c(NC(=O)C2Cc3ccccc3O2)c1
m_466863,O=C1NCCN(c2ncc(Br)cn2)C1CC1CCCCC1;CCc1cnc(CN(C)S(=O)(=O)c2ccc3c(c2)CC(C)O3)s1;N#Cc1cc(F)ccc1CS(=O)(=O)N1CC2CCCC2C1C(=O)O;O=S1(=O)CC(O)C(N2CCC(c3nc4ccccc4s3)CC2)C1;CN(C(=O)c1sc2ccccc2c1CS(C)(=O)=O)C1CCNC1;FC(F)c1nnc2ccc(Sc3nnc(C4CCCCC4)o3)nn12;CSc1ccc(Oc2ccc(S(N)(=O)=O)cc2CN(C)C)cc1;Cc1cc(S(=O)(=O)NC(Cc2ccncc2)C(=O)O)cc(C)c1F;COc1ncc(C(=O)NC2COCC2Oc2cnn(C)c2)cc1Cl;COCc1cccc(S(=O)(=O)NC2(c3nccs3)CCCC2)c1;CCOC(=O)C(C)CCc1nc2sc3c(c2c(=O)[nH]1)CCCS3;CCOc1ccc(S(=O)(=O)NC2CCOc3ccc(F)cc32)cn1;CCNS(=O)(=O)C1CCN(C(=O)Cc2csc3ccccc23)C1;Cc1cc(C(=O)O)c(F)c(S(=O)(=O)N(C)C(C)c2ccccn2)c1;CCOc1ncc(C(=O)NC2COCC2Oc2cn[nH]c2)cc1Cl;CCOc1ncc(C(=O)NC2(c3ncon3)CCOCC2)cc1Cl;CC1CN(C(=O)c2sc3ccccc3c2CS(C)(=O)=O)CCN1;CNS(=O)(=O)c1cc(C(=O)N(Cc2cccc(F)c2)C2CC2)co1;CCNC(=O)c1ccc(NS(=O)(=O)c2ccc(OC)cc2F)cc1;CC1CNCCN1C(=O)c1sc2ccccc2c1CS(C)(=O)=O;NC(CCSCC(NC(CCC(=O)O)C(=O)O)C(=O)O)C(=O)O;Cc1nc(-c2cccs2)sc1C(=O)NCC(O)C1CCOCC1;O=C(c1cc2sccc2s1)N1CCOC(CN2CCOCC2)C1;CS(=O)(=O)c1ccc(-c2nc(CN3CCCC3CO)cs2)cc1;Cc1cnc(C(C)(C)NC(=O)c2cccc(CS(C)(=O)=O)c2)s1
m_c2176f,O=C(Cc1ccc(-n2cnnc2)cc1)NC1CCN(CC(F)(F)F)C1;COc1ccc(C2OCC3OC(OC4C(O)CNC24)C(O)C3O)cc1;CCC(O)(C(=O)OCc1ccccc1N=C(O)CCC(=O)O)C(C)O;FC(F)(F)c1ccc(-n2nnnc2CN2CCCC3COCC32)cc1;Cn1cc(C2NC(=O)CCC2NCc2ncccc2C(F)(F)F)cn1;CN(C)c1nccc(C2CN(c3ccnc(C(F)(F)F)c3)CCO2)n1;O=C(Nc1ccnn1Cc1ccccn1)N1CCC(C(F)(F)F)CC1;O=c1c(NCC2CCc3nc(C(F)(F)F)cn3C2)nccn1C1CC1;Cc1cncc(NC(=O)NCC2CCc3nc(C(F)(F)F)cn3C2)c1;Cc1ccncc1NC(=O)NCC1CCc2nc(C(F)(F)F)cn2C1;Cc1cnc(C(=O)N2CCCC(c3nc(C(F)(F)F)cn3C)C2)cn1;CN(CC1CCc2nc(C(F)(F)F)cn2C1)C(=O)Nc1cccnc1;O=C(c1c[nH]nc1C1CC1)N1CCCC(c2ncc(C(F)(F)F)[nH]2)C1;O=C(c1cc2n(n1)CCC2)N1CCCC(c2ncc(C(F)(F)F)[nH]2)C1;Cc1cc(NC(=O)NCC2CCc3nc(C(F)(F)F)cn3C2)ccn1;Cc1nnccc1C(=O)N1CCCC(c2nc(C(F)(F)F)cn2C)C1;CN(CC1CCc2nc(C(F)(F)F)cn2C1)C(=O)Nc1ccncc1;OCCN1CCN(c2cc(C(F)(F)F)nc(-c3ccncc3)n2)CC1;Cc1cc(C(=O)N2CCCC(c3ncc(C(F)(F)F)[nH]3)C2)nc(C)n1;CNC(=O)C1Cn2c(C)nnc2CN1C(=O)c1coc2c(C)cccc12;O=C(O)CCN(CC1CCCO1)C(=O)C1CC1c1c(F)cccc1F;COC(=O)c1cnn(-c2cc(Oc3cc(C)ccc3C)nc(C)n2)c1N;Cc1noc2ncnc(Nc3ccc(CC(=O)N4CCOCC4)cc3)c12;CCOc1ccc(Cl)cc1CCNC(=O)N1CCCN(C)C(=O)C1;O=C(O)CCN(CC1CCCO1)C(=O)C1CC1c1cccc(F)c1F
m_d274b6,CC(C)c1ccc2c(c1)C(N1CCN(C)CC1)Cc1cccnc1S2;Cc1cccn2c(=O)cc(CNC(c3ccc(F)cc3)C(C)(C)C)nc12;O=C(NCCc1c(F)cccc1F)N1CCN(C2CCOCC2)CC1;Cc1cc(CN2CCC(N3CCNC3=O)CC2)cc(C)c1OC(F)F;CC(C)C#CC(=O)N1Cc2cnn(-c3ccc(F)cc3)c2CC(C)(C)C1;CCOC(=O)CN1CCC(OC)(c2nc(C3CCOCC3)no2)CC1;CC(C)(C)NC(=O)CN1CCN(CCSc2ccc(F)cc2)CC1;O=C1C(N2CCC(Nc3ccccc3)CC2)CCN1c1ccccc1F;CCCN1CCN(C(=O)CCCNC(=O)c2ccc(F)cc2F)CC1;COCC1CCN(C(=O)NC2CCN(C)C2c2ccc(F)c(F)c2)C1;COc1nc(C)cc(C)c1CNC(=O)NC1CCC2(CC1)CC2(F)F;O=C(c1cc(OCC(F)F)ccn1)N1CCCN(C2CCCC2)CC1;c1ccc(-c2[nH]c3ccccc3c2C(c2ccccn2)N2CCCC2)cc1;CCC(CC)c1cc(C(=O)N2CCOC(CN(C)CC(=O)O)C2)on1;Cc1ccc(F)cc1CNCC1CC(=O)N(C2CC2)C1c1cccnc1;O=C(c1cc(C2CC2)nc2ccc(F)cc12)N1CCN(CC2CC2)CC1;Cc1cc(F)ccc1CNCC1CC(=O)N(C2CC2)C1c1cccnc1;O=C(Cc1ccc(-n2cnnc2)cc1)NC1CCN(CC(F)(F)F)C1;O=C(Cc1ccc(-n2cnnc2)cc1)NC1CCN(CC(F)(F)F)C1;O=C(Cc1ccc(-n2cnnc2)cc1)NC1CCN(CC(F)(F)F)C1;O=C(Cc1ccc(-n2cnnc2)cc1)NC1CCN(CC(F)(F)F)C1;O=C(Cc1ccc(-n2cnnc2)cc1)NC1CCN(CC(F)(F)F)C1;O=C(Cc1ccc(-n2cnnc2)cc1)NC1CCN(CC(F)(F)F)C1;O=C(Cc1ccc(-n2cnnc2)cc1)NC1CCN(CC(F)(F)F)C1;O=C(Cc1ccc(-n2cnnc2)cc1)NC1CCN(CC(F)(F)F)C1
m_8d75c7,Cc1nc(C2CCCN2C(=O)c2nn(C)cc2Br)cs1;Cc1cc(Br)oc1C(=O)N1CC(N)CCC1C(F)(F)F;CC(C)c1ccc2c(c1)C(N1CCN(C)CC1)Cc1cccnc1S2;CC(C)c1ccc2c(c1)C(N1CCN(C)CC1)Cc1cccnc1S2;CC(C)c1ccc2c(c1)C(N1CCN(C)CC1)Cc1cccnc1S2;CC(C)c1ccc2c(c1)C(N1CCN(C)CC1)Cc1cccnc1S2;CC(C)c1ccc2c(c1)C(N1CCN(C)CC1)Cc1cccnc1S2;CC(C)c1ccc2c(c1)C(N1CCN(C)CC1)Cc1cccnc1S2;CC(C)c1ccc2c(c1)C(N1CCN(C)CC1)Cc1cccnc1S2;CC(C)c1ccc2c(c1)C(N1CCN(C)CC1)Cc1cccnc1S2;CC(C)c1ccc2c(c1)C(N1CCN(C)CC1)Cc1cccnc1S2;CC(C)c1ccc2c(c1)C(N1CCN(C)CC1)Cc1cccnc1S2;CC(C)c1ccc2c(c1)C(N1CCN(C)CC1)Cc1cccnc1S2;CC(C)c1ccc2c(c1)C(N1CCN(C)CC1)Cc1cccnc1S2;CC(C)c1ccc2c(c1)C(N1CCN(C)CC1)Cc1cccnc1S2;CC(C)c1ccc2c(c1)C(N1CCN(C)CC1)Cc1cccnc1S2;CC(C)c1ccc2c(c1)C(N1CCN(C)CC1)Cc1cccnc1S2;CC(C)c1ccc2c(c1)C(N1CCN(C)CC1)Cc1cccnc1S2;CC(C)c1ccc2c(c1)C(N1CCN(C)CC1)Cc1cccnc1S2;CC(C)c1ccc2c(c1)C(N1CCN(C)CC1)Cc1cccnc1S2;CC(C)c1ccc2c(c1)C(N1CCN(C)CC1)Cc1cccnc1S2;CC(C)c1ccc2c(c1)C(N1CCN(C)CC1)Cc1cccnc1S2;CC(C)c1ccc2c(c1)C(N1CCN(C)CC1)Cc1cccnc1S2;CC(C)c1ccc2c(c1)C(N1CCN(C)CC1)Cc1cccnc1S2;CC(C)c1ccc2c(c1)C(N1CCN(C)CC1)Cc1cccnc1S2
m_e3b936,CNC(=O)C1(COC)CCCN1S(=O)(=O)c1ccc2c(c1)OCO2;O=C(CCC(NCc1ccccc1O)C(=O)O)NC(CS)C(=O)O;Cc1nnc(C23CCCC2CN(C(=O)c2ccc(Cl)c(C#N)c2)C3)o1;CCc1ccc(O)c(NC(=O)c2nnn(-c3ccccc3Cl)c2C)c1;O=C(Nc1cccc(Cl)c1N1CCOCC1)c1cccc2cn[nH]c12;C#CCCC1(CCNC(=O)c2c(-c3cccc(Cl)c3)noc2C)N=N1;Cc1noc(C23CCCC2CN(C(=O)c2cc(C#N)ccc2Cl)C3)n1;O=C(c1ccc2[nH]c(=O)[nH]c2c1)N1CCNC(c2ccccc2Cl)C1;O=C(Nc1cc(N2CCCC2=O)ccc1Cl)c1ccnc(C2CC2)n1;Cc1ccc(Cl)c(OC(C)C(=O)Nc2ccc(-c3nnc[nH]3)cc2)c1;COc1cc(Cl)c(C)cc1NC(=O)c1cn(Cc2ccccc2)nn1;O=C(c1cc2cc(Cl)ccc2o1)N1CCCN(c2cccnn2)CC1;Cc1cc(Cl)cc2c1CN(C(=O)c1cc(-c3cnn(C)c3)no1)CC2;COc1cc2c(NC(C)c3ccccn3)c(C(N)=O)cnc2cc1Cl;CC(=O)N(C)c1ccccc1NCc1nc(-c2cccc(Cl)c2)no1;O=C(c1cc2cc(Cl)ccc2o1)N1CCC(Nc2cccnn2)CC1;O=C(Cn1nc2ccccn2c1=O)N1CCCC1c1ccccc1Cl;CCn1cc(Cl)c(C(=O)NCc2cccnc2Oc2ccccc2)n1;Cn1ncc2c(O)c(C(=O)N3CCCC3c3ccc(Cl)cc3)cnc21;O=C(NCc1ccco1)C1CCCN1c1ncnc2cc(Cl)ccc12;COc1cc(Cl)cc(C(=O)NCCc2nc(-c3ccccc3)n[nH]2)c1;CCOc1ccc(-n2nnc(C(=O)Nc3ccccc3Cl)c2C)cc1;COc1cc(Cl)cc(C(=O)NCCc2cnn(-c3ccccc3)n2)c1;COc1cnccc1-c1noc(C2CCN(c3ccccc3Cl)C2)n1;CCc1nnc(CNc2ccccc2C(=O)Nc2ccc(Cl)cc2)o1
m_cd50d8,CCCCCn1cc(C(=O)Nc2ccc3ccccc3c2)c2ccccc21;O=C(NC(c1ccccc1)c1cccc2ccccc12)C1CC12CCNC2;CCCCCn1cc(C(=O)Nc2cccc3ccccc23)c2ccccc21;CNC(=O)c1ccc(C2CCCCN2CCCNS(C)(=O)=O)n1C;Cc1nc(S(=O)(=O)NCCC(=O)NCCC2CCCCC2)cn1C;CC(C)c1nnc(S(=O)(=O)CC(=O)NC2CCCCCCC2)n1C;Cc1cnn(C)c1S(=O)(=O)N1CC2(CCCC2)OCC1CN(C)C;CCC(C)NC(=O)C1CCN(S(=O)(=O)c2cn(C(C)C)cn2)CC1;CCC1CN(S(=O)(=O)c2cnn(C(C)C)c2)CC1N1CCOCC1;CCS(=O)(=O)NCCN1CCCCC1c1ccc(C(=O)NC)n1C;COC1CCCC1NC1CCN(S(=O)(=O)c2c(C)n[nH]c2C)CC1;Cn1nc(CC2CCCCC2NS(=O)(=O)CC2CCC2)n(C)c1=O;Cc1noc(C)c1CN1CCN(S(=O)(=O)N2CCCC(C)C2)CC1;Cc1nn(CC(=O)NCC2CCCCC2)c(C)c1S(=O)(=O)N(C)C;Cc1nn(CC(=O)N2CCCCC2)c(C)c1S(=O)(=O)NC(C)(C)C;CC(N)C1CCCN(C(=O)c2ccccc2OCc2ccc(F)cc2)C1;CC(c1ccccc1)N1CCC(NC(=O)c2ccc(CO)c(F)c2)CC1;CC(O)C1Sc2ccccc2N(CCCN(C)C)C1c1ccccc1;CC(C(N)=O)N1CCCCC1c1ccc(OCc2cccc(F)c2)cc1;COc1cc2c(cc1O)CC1c3c(cc(OC)c(OC)c3-2)CC[N+]1(C)C;COc1ccccc1N1CCN(CCCC(=O)c2ccc(F)cc2)CC1;COCC1CCN(C(C(=O)Nc2ccc(F)cc2)c2ccccc2)CC1;CN(C)C(=O)COCC1CN(Cc2cccc(F)c2F)CC(C)(C)O1;O=C(CN1CCC(c2ccccc2)C(CO)C1)NCc1ccccc1F;Cc1ccc(CC(=O)NCCCCCNC(=O)c2ccccc2F)cc1
m_c57b9d,CCn1c(C2C(C3CC3)CCN2c2ncc3c(n2)CCOC3)n[nH]c1=O;Cc1cc(C(=O)N2CCOC(c3ccnc(N4CCCC4)n3)C2)n(C)n1;Cc1nn(C)cc1C(=O)N1CCOC(c2ccnc(N3CCCC3)n2)C1;CN(C)c1nc(O)cc(C2CCN(C(=O)c3cnn(C)c3C3CC3)C2)n1;CCn1ccnc(N2CCC(NC(=O)Nc3ccnc(C)c3)CC2)c1=O;COC1CC(CNC(=O)c2cc(N(C)C)ccn2)N(c2ccncn2)C1;CN(C)c1ccncc1C(=O)NCC1CCC(c2nc(C3CC3)n[nH]2)O1;CCc1nnc(C)cc1C(=O)N1CC(OC)CC1c1nc(C2CC2)n[nH]1;Cc1c(C(=O)N2CCC(c3cc(O)nc(N4CCCC4)n3)C2)cnn1C;CCn1ccnc(N2CCC(NC(=O)c3cnc(C)nc3C)CC2)c1=O;COC1CC(c2nc(C3CC3)n[nH]2)N(C(=O)c2[nH]nc3c2CCCC3)C1;CN1C(=O)CCC(C(=O)Nc2cc(C3CC3)n(C)n2)C1c1nccn1C;Cc1c(NC(=O)C2CCC(=O)N(C3CC3)C2c2nccn2C)cnn1C;CCc1ncncc1C(=O)N1CC(c2nc(COC)n[nH]2)C(C2CC2)C1;COCc1n[nH]c(C2CN(C(=O)c3cc(C)nc(C)n3)CC2C2CC2)n1;Cc1cc(NC(=O)C2CCC(=O)N(C3CC3)C2c2nccn2C)n(C)n1;COC1CC(CNC(=O)c2cccn2C2CC2)N(c2cc(N)ncn2)C1;CCCn1cc(C(=O)NC2CC(=O)N(C3CC3)C2c2ccnn2C)cn1;CCn1ccnc(N2CCC(NC(=O)Nc3ccc(C)nc3)CC2)c1=O;COC1CC(CNC(=O)c2ccnc(N(C)C)c2)N(c2ccncn2)C1;CN1C(=O)CCC(C(=O)Nc2cc3n(n2)CCCC3)C1c1nccn1C;CCN(Cc1noc(C)n1)C1CCCN(C(=O)c2c[nH]c(C#N)c2)CC1;CN(C)c1ncccc1C(=O)NCC1CCC(c2nc(C3CC3)n[nH]2)O1;CN(C(=O)C1CCC(=O)N(C2CC2)C1c1nccn1C)c1cnn(C)c1;Cc1ncc(C(=O)N2CCCN(Cc3noc(C4CC4)n3)CC2)c(C)n1
m_a5d8e5,Cc1nn(C)c(-n2cccn2)c1C(=O)N1CCCC(N2CCCC2)CC1;CCOc1ccc(Nc2nc(N)nc(CN3CC(C)CC(C)C3)n2)cc1;CCn1cc(C(=O)N(Cc2nccn2CC)C2CC23CCNCC3)cn1;CN(CC1CCCN(C)C1c1ccnn1C)C(=O)c1cc(C2CC2)[nH]n1;Cc1c(C(=O)N2CC3(CCCCC3)C2C(C)C)nnn1-c1ccn(C)n1;Cc1nn(C)c(C)c1C1C(NCc2ccnc(N(C)C)c2)CC(=O)N1C;CC(C)c1n[nH]c(C2CN(C(=O)c3cc(C(C)C)[nH]n3)CC2C2CC2)n1;c1cc(CNCC2CCC(c3nc(C4CC4)n[nH]3)O2)n(CC2CCC2)n1;Cn1ccnc1C1OCCCC1CN1CCC(Nc2cccnn2)CC1;Cc1ccnc(-n2nccc2NC(=O)N(C)CCC2CCCCN2C)c1;Cc1n[nH]cc1C1CCN(c2cc(N3CCCCC3CO)ncn2)CC1;CCn1ccc(CNC2CCN(c3nc(C(=O)NC)nc(C)c3C)C2)c1;CN1CCCC(CNC(=O)c2[nH]nc3c2CCCC3)C1c1ccnn1C;CN1CCCC(CNC(=O)c2cnn3c2CCCC3)C1c1ccnn1C;CCN1CCN(C2CCN(C(=O)c3cc(C)nc4c3cnn4C)C2)CC1;CN1CCCC(CNC(=O)c2cnn(C)c2C2CC2)C1c1cncn1C;CCNC(=O)c1ccc(NCC2CCCN(C)C2c2ccnn2C)nc1;CN(C)C(=O)c1ccc(NCC2CCCN(C)C2c2ccnn2C)nc1;CCC(C)n1nc(C(=O)N2CCC(N(C)c3cccnn3)CC2)cc1C;CN(C)c1ccncc1CNCC1CCC(=O)N(C)C1c1nccn1C;CN1CCCC(CNC(=O)c2cnn3c2CCCC3)C1c1cncn1C;Cc1nn(C)c(C)c1CCC(=O)N1CCCC1c1ccc(N(C)C)nn1;CN1CCN(C(=O)c2ccc(NCc3cn(C(C)(C)C)nn3)cc2)CC1;c1cc(C2OCCC2NCc2nnc3n2CCCCC3)n(CC2CC2)n1;CN1C(=O)CCC(NCc2ccnn2C2CCCC2)C1c1nccn1C
m_06e13d,Cc1c(C(=O)O)cc(Cl)cc1S(=O)(=O)N1CC(=O)N(C2CC2)C1;NC(=O)C1CCS(=O)(=O)C12CN(C(=O)c1ccc(Cl)c(O)c1)C2;O=C(O)c1ccc(S(=O)(=O)N2CC(=O)N(CC3CC3)C2)cc1Cl;O=C(NN=Cc1cn[nH]c1-c1ccccc1)c1ccc(Cl)cc1Cl;O=C(NCC1CCOC1c1ncn[nH]1)c1cc(F)c(Cl)cc1Cl;Cc1cc(CN(C)S(=O)(=O)c2cc(Cl)cc(C(=O)O)c2C)no1;O=C(O)c1ccc(S(=O)(=O)N2CC(=O)N(CC3CC3)C2)c(Cl)c1;CCc1onc(C)c1NS(=O)(=O)c1cc(Cl)cc(C(=O)O)c1C;N#Cc1ccc(S(=O)(=O)NCC2(C(=O)O)CCOCC2)c(Cl)c1;O=C(c1cnn(-c2ccc(Cl)cc2Cl)c1)N1CCc2cnccc21;CCc1onc(C)c1NS(=O)(=O)c1cc(Cl)c(C)c(C(=O)O)c1;NNS(=O)(=O)c1ccc(Oc2ccc(S(=O)(=O)NN)cc2)cc1;Cc1noc2ncnc(N3CC(Cc4ccccc4Br)C3)c12;Cc1ccc(Br)cc1C(=O)NCCNc1ccc(C#N)cn1;Brc1ccccc1Cc1noc(C2CCc3cn[nH]c3C2)n1;CCc1nnc(NC(=O)CN(C)Cc2ccc(Cl)cc2Cl)s1;Cc1nn(C)c(-n2cccn2)c1C(=O)N1CCCC(N2CCCC2)CC1;Cc1nn(C)c(-n2cccn2)c1C(=O)N1CCCC(N2CCCC2)CC1;Cc1nn(C)c(-n2cccn2)c1C(=O)N1CCCC(N2CCCC2)CC1;Cc1nn(C)c(-n2cccn2)c1C(=O)N1CCCC(N2CCCC2)CC1;Cc1nn(C)c(-n2cccn2)c1C(=O)N1CCCC(N2CCCC2)CC1;Cc1nn(C)c(-n2cccn2)c1C(=O)N1CCCC(N2CCCC2)CC1;Cc1nn(C)c(-n2cccn2)c1C(=O)N1CCCC(N2CCCC2)CC1;Cc1nn(C)c(-n2cccn2)c1C(=O)N1CCCC(N2CCCC2)CC1;Cc1nn(C)c(-n2cccn2)c1C(=O)N1CCCC(N2CCCC2)CC1
m_2ac2ed,CCOc1ccc(S(=O)(=O)Nc2ccn(Cc3ccccn3)n2)cc1;COc1ccc(S(=O)(=O)Nc2cc(-c3ccncc3)nn2C)c(C)c1;CC(C)S(=O)(=O)n1c(N)nc2ccc(C(=NO)c3ccccc3)cc21;O=C(O)C(O)C(O)C(OC1OC(CO)C(O)C(O)C1O)C(O)CO;Cc1cc(C)c(CNC(=O)CCn2cnc3sccc3c2=O)c(=O)[nH]1;CS(=O)(=O)Cc1nc2ccccc2n1CC(=O)NCc1ccccn1;Nc1nc(NC2CC3CCC2C3)sc1C(=O)c1ccccc1[N+](=O)[O-];CCc1nnc(NC(=O)c2ccc3c(c2)C(=O)N(C(C)(C)C)C3=O)s1;Cc1[nH]c2ncnc(NC(=O)c3cccc(CS(C)(=O)=O)c3)c2c1C;CCc1ccccc1S(=O)(=O)N1CCc2nc3cc[nH]n3c(=O)c2C1;CN(Cc1c(Cl)cccc1C(=O)O)C1CCN(c2ccccc2)C1=O;CN(Cc1ccccc1C(=O)O)C1CCN(c2ccccc2Cl)C1=O;O=C1CC(NS(=O)(=O)c2cccnc2)C(c2cccnc2)N1C1CC1;Cc1cc(Cl)c(C(=O)N(C)C2CCN(S(C)(=O)=O)CC2)cc1C;N#Cc1cccc(C(=O)N2CCOC(c3cccc(OC(F)F)c3)C2)c1;COC(=O)CNC(=O)C(C)NC1CCOC1c1ccc(Cl)c(F)c1;CCOc1ccc2c(c1)C(NC(C)=O)C(=O)N2Cc1cccc(Cl)c1;CC(NC(=O)c1ccc(N2C(=O)CCC2=O)cc1)c1ccc(F)cc1F;CC(=O)N1CSCC1c1nc(-c2ccc(C(=O)NC3CC3)cc2)no1;CC(=O)N1CC(NC(=O)c2ccc3c(c2)OCO3)CCC1C(F)(F)F;NC(=O)CC1CCN(C(=O)c2ccc(Oc3cccc(Cl)c3)cc2)C1;O=C(Nc1ccccc1)C1CCN(C(=O)c2ccc(O)c(Cl)c2)CC1;CC(=O)NCc1ccc(C(=O)N2CC(C(=O)O)C(C(F)(F)F)C2)cc1;CC(=O)CSc1nc2c(c(O)nc(=O)n2C)n1Cc1cccc(C)c1;O=C(Cc1noc2ccccc12)N1CCOC(c2ccc(F)cc2F)C1
m_c9c302,COc1cccc2c1CCC2NC(=O)N1CCCC1CN1CCOCC1;O=C(CN1CCCCCC1=O)NCc1cccc(CN2CCOCC2)c1;CNC(=O)C1CCCC1NC(=O)NCC1CCCc2cc(OC)ccc21;CC(=O)N1CCCC(O)(C(=O)NCc2ccccc2CN2CCCC2)C1;CCN1CCOC(C(=O)N2CCC(C(=O)NCc3ccccc3)CC2)C1;COc1ccccc1C1CCCN1C(=O)C1CC(=O)N(CCN(C)C)C1;NC(=O)CC1(O)CCCN(Cc2cccc(C(=O)N3CCCCC3)c2)C1;CC(C)CN(C(=O)CCn1c(=O)oc2ccccc21)C1CCN(C)CC1;O=C(CC1CCN(C(=O)CCc2ccc(=O)[nH]c2)CC1)NC1CCCC1;CNC(=O)c1cccc(CCNC(=O)C2COCCN2C2CCCC2)c1;CCOc1ccccc1C(=O)NCC1(NC(=O)C2CCN(C)C2)CCC1;CC(Oc1cccc(C(C)C)c1)C(=O)N1CCC(N2CCNC2=O)CC1;COCC1(C(N)=O)CCCN1C(=O)c1cccc(CN2CCCCC2)c1;CC(=O)N1CCN(C(=O)NC(C)c2ccccc2)CCC12CCOCC2;CNC(=O)C1(COC)CCCN1C(=O)c1cccc(CN2CCCC2)c1;O=C(CN1CCCCC(O)C1=O)NCc1ccccc1N1CCCCC1;COCC(=O)Nc1cccc(CNC(=O)N2CC3CCCCCCC32)c1;CC(C)(C)C(=O)NCCNC(=O)C1CCCN1C(=O)Cc1ccccc1;CN(C)C(=O)c1cccc(CN2CCC(C3OCCC3C(N)=O)CC2)c1;CC1CN(C2CCOCC2)CCN1C(=O)c1ccnc(OC2CCC2)c1;CN(C)C(=O)CC1(O)CCCN(Cc2ccc3c(c2)CCC(=O)N3C)C1;COc1ccc(C)c2c1N(C(=O)C1CCN(C(=O)N(C)C)CC1)CCC2;CC(C)N1C(=O)NC2CN(Cc3ccc4c(c3)OCCCCO4)CCC21;O=C(NCC1CN(C2CC2)CCO1)c1ccnc(OC2CCCCC2)c1;O=C(CC1CCCC1)NC1CCC(C(=O)Nc2cnccc2CO)CC1
m_b8415b,CC1CCN(c2cc(C(=O)Nc3ccc(Br)cn3)ccn2)C1;O=C(N1CCC(n2cncn2)C1)C1(c2ccc(Br)cc2)CC1;O=C(N1CCC(n2cncn2)C1)C1(c2ccccc2Br)CC1;O=C(NCCNc1cnccn1)C1CC1c1ccc(Br)cc1;CC(C)(C)c1noc(C2CN(c3ccc(Br)cc3C#N)C2)n1;O=C(O)c1cccc(Cl)c1CN1CCn2c(nnc2C(F)(F)F)C1;CC1Cc2cc(-c3csc(-c4ccco4)n3)ccc2N1S(C)(=O)=O;O=C(O)c1ccc(Cl)c(CN2CCn3c(nnc3C(F)(F)F)C2)c1;O=C(NCC1COCCO1)c1ccc(-c2nc3ccccc3s2)s1;CSc1ncccc1C(=O)NCC(O)(c1ccoc1)c1cccs1;CC1Cc2cc(-c3csc(-c4ccoc4)n3)ccc2N1S(C)(=O)=O;c1csc(Oc2ccc(OCc3csc(C4CCCO4)n3)cc2)n1;N#Cc1c(O)c2c(-c3ccc(-c4ccccc4O)cc3)csc2[nH]c1=O;Cc1cnc2c(S(=O)(=O)Nc3ccc(F)c(C(=O)O)c3)cccc2c1;COc1cccc2c1CCC2NC(=O)N1CCCC1CN1CCOCC1;COc1cccc2c1CCC2NC(=O)N1CCCC1CN1CCOCC1;COc1cccc2c1CCC2NC(=O)N1CCCC1CN1CCOCC1;COc1cccc2c1CCC2NC(=O)N1CCCC1CN1CCOCC1;COc1cccc2c1CCC2NC(=O)N1CCCC1CN1CCOCC1;COc1cccc2c1CCC2NC(=O)N1CCCC1CN1CCOCC1;COc1cccc2c1CCC2NC(=O)N1CCCC1CN1CCOCC1;COc1cccc2c1CCC2NC(=O)N1CCCC1CN1CCOCC1;COc1cccc2c1CCC2NC(=O)N1CCCC1CN1CCOCC1;COc1cccc2c1CCC2NC(=O)N1CCCC1CN1CCOCC1;COc1cccc2c1CCC2NC(=O)N1CCCC1CN1CCOCC1
m_47ae67,CC(C(=O)N(C)CC1CCCN(C)C1c1cnn(C)c1)c1cccs1;CCC(C)C(=O)NCC(=O)NC(C)c1cnn(-c2ccc(F)cc2)c1C;CCN1CCCC(CN(C)C(=O)Cc2cccs2)C1c1cnn(C)c1;CC(C)C(=O)NCC1CCCN(Cc2nc(-c3ccc(F)cc3)no2)C1;Cc1cc(C(=O)NC(CCO)C2CCCCC2)c(C)n1CC(F)(F)F;CCN1CCCC(CN(C)C(=O)c2cscc2C)C1c1cnn(C)c1;O=C(NC1CCN(c2ccc(F)cc2)C1)NC1CCN(C2CCC2)C1=O;CCN1CCCC(CN(C)C(=O)c2sccc2C)C1c1cnn(C)c1;CCc1nc(CN2CCC(CNC(=O)c3c(C)ccn3C)CC2)cs1;Cc1ncnc(N2CC3CN(C(=O)CSC4CCCC4)CC3C2)c1C;CCC(C)(NC(=O)c1cc(C2CC2)n(C(C)(C)C)n1)c1nc(C)cs1;O=C(NC1CC(c2ccccc2F)C1)N1CCC(N2CCNC2=O)CC1;CN(CC1CCCN(C)C1c1ccnn1C)C(=O)c1ccc(O)cc1F;CCC(C)n1nc(NC(=O)N2CCOC(c3ccc(F)cc3)C2)cc1C;Cc1ccc(CC(=O)NCC2CC(F)CN2Cc2c(C)noc2C)cn1;CN1CCCC(CN(C)Cc2nnc(-c3cc4c(s3)CCCC4)o2)C1;Cc1nn(C)c(=O)c(-c2nc(CN(CCC(C)C)C3CC3)cs2)c1C;Cc1ccc(C(=O)N2CCN(Cc3nc(CC(C)C)no3)CC2)cc1F;CCCC1(CO)CCN(C(=O)NCc2ccc(-n3ccnc3)c(F)c2)C1;CCc1nc(N2CC3CN(C(=O)C4CC=CCC4)CC3C2)[nH]c(=O)c1F;CCc1cc(C(=O)NCC(c2cccc(F)c2)N2CCOCC2)nn1C;CCC(CC)n1nc(C(=O)N2CCC(c3ncc(C)s3)CC2)cc1C;COC(C)(C(=O)NC1CCc2nc(C(C)C)nn2C1)c1ccccc1F;COCCc1cc(NC(=O)N2CCCC2Cc2cccc(F)c2)n(C)n1;COCc1nn(C)cc1C(=O)N1CCCN(Cc2ccc(F)cc2)CC1
m_feb5c1,CC(C)C(=O)Nc1nc(CC(=O)N2CCc3c(Cl)cccc32)cs1;O=C(Nc1ccc(-c2ccc(Cl)s2)nc1)N1CCC2CCC(O)C21;Cc1nscc1C(=O)N1CCN(C(=O)Cc2cccc(Cl)c2)CC1;O=C(O)C12CCCC1CN(c1nnc(Cc3ccc(Cl)cc3)s1)C2;O=C(Cc1csc(N2CCCC2=O)n1)NCCc1ccc(Cl)cc1;CC(C)C(=O)Nc1nc(CC(=O)N2CCc3ccc(Cl)cc32)cs1;CCN(CC)S(=O)(=O)c1ccc(-c2cn3cc(Cl)ccc3n2)cc1;O=C(NCc1ccc(Cl)s1)N1CC2CC(C1)c1cccc(=O)n1C2;O=C(c1cc2c(Cl)cccc2s1)N1CCCC(N2CCNC2=O)C1;Cc1c(Cl)cccc1NC(=O)CSc1nc(=O)[nH]c2c1CCCC2;C[S+]([O-])c1cccc(C(=O)N2CCN(c3ccc(Cl)cn3)CC2)c1;CC(NS(C)(=O)=O)C(=O)NC1CCN(c2ccc(F)c(Cl)c2)C1;Cc1ccccc1S(=O)(=O)Nc1nc2nc3ccccc3n2cc1C#N;O=C(O)C(c1ccc(Cl)c(Cl)c1)N1CCC(c2ccccc2)CC1;O=C(Cc1noc2ccccc12)NCC(=O)Nc1ccc(F)c(F)c1F;NC(=O)C1(NC(=O)c2cn(C3CC3)c3cc(Cl)c(F)cc3c2=O)CC1;Cc1onc(-c2ccccc2Cl)c1C(=O)Nc1cccc2cccnc12;COc1ccc(C(=O)Nc2cccc(F)c2Cl)cc1N1CCNC1=O;Cc1ccc(O)c(NC(=O)c2ccc(-c3noc(C(F)(F)F)n3)cc2)c1;O=C(NC(C(=O)O)c1ccc(Cl)c(F)c1)C1CCc2ncncc2C1;NC(=O)c1ccc2nc(-c3ccc(Oc4ccc(Cl)cc4)cc3)[nH]c2c1;O=C(Nc1ccc(Nc2ncccn2)cc1)c1csc(-c2ccoc2)n1;CCN(c1ccccc1)S(=O)(=O)c1cc2c(c(C(=O)O)c1)OCCO2;CC(C(=O)N(C)CC1CCCN(C)C1c1cnn(C)c1)c1cccs1;CC(C(=O)N(C)CC1CCCN(C)C1c1cnn(C)c1)c1cccs1
m_6d224e,O=C(CNC(=O)C1c2ccccc2Oc2ccccc21)NCC(F)(F)F;O=C1OCCN1c1cccc(C(=O)N(CC(F)F)c2ccc(F)cc2)c1;Cc1nc(C(F)(F)F)ccc1C(=O)N1Cc2ccccc2CC1C(=O)O;O=C1CC(C(=O)NCc2ccc(OC(F)(F)F)cc2)c2ccccc2N1;O=C(Nc1ccc(O)cc1)C1CC(=O)N(c2cccc(C(F)(F)F)c2)C1;O=C(Nc1ccccc1CC(F)(F)F)c1cccc(N2CCOC2=O)c1;CCN1CCN(C(=O)Cc2csc(NC(=O)c3cccs3)n2)CC1;CC(C)(C)NC(=O)NC(=O)CSc1ncnc2sc3c(c12)CCC3;CCOC(=O)c1cnc2c(C(F)(F)F)cccc2c1NCc1ccco1;Cc1sc2ncnc(SCCC(=O)NC3CCCNC3=O)c2c1C;O=C(NCc1nccs1)C1CCC(C(=O)NCc2nccs2)CC1;COc1ccccc1Nc1nnc(SCC(=O)NC2CCCC2)s1;CC1CCc2c(sc3nc(SCCN4CCOC4=O)nc(N)c23)C1;CCC1(O)C(=O)OCc2c1cc1n(c2=O)Cc2cc3c(O)cccc3nc2-1;CN(C)C(=O)C1CCC(C(=O)Nc2cc(-n3cnnn3)ccc2Cl)O1;CCc1ccc(C(C)=NNC(=O)C(C)Oc2ccc(Cl)cc2C)s1;CC(C)C(=O)N1CCC(C(=O)Nc2nc(-c3cccs3)ns2)CC1;CCNC(=O)N1CCC(NC(=O)c2sc(-c3ccsc3)nc2C)C1;CCC1(O)C(=O)OCc2c1cc1n(c2=O)Cc2cc3cc(O)ccc3nc2-1;CCn1cc(C2OCCC2NS(=O)(=O)c2cccc(F)c2C#N)cn1;CCC(=O)N1CCC(Nc2ccc(S(C)(=O)=O)cc2C(F)(F)F)C1;CCn1cc(C2CN(S(=O)(=O)c3ccc(F)cc3C#N)CCO2)cn1;CCOC(=O)C1=C(N)Oc2c(c(=O)oc3ccccc23)C1c1cccnc1;CCOC(=O)C1C(=N)Oc2c(c(=O)oc3ccccc23)C1c1cccnc1;CCC1CN(S(=O)(=O)c2cc(F)ccc2Cl)CCN1CC(C)O
m_65a7ff,CC1COCCN1CCNC(=O)C1CC12CCOc1ccc(Cl)cc12;CCOC1CC(CO)(NC(=O)c2c(Cl)c3ccccc3n2C)C1(C)C;O=C(COc1ccc(Cl)cc1)N1CCC(C(=O)N2CCCCC2)CC1;CC1CCC(OCC(=O)NC2CCN(c3ccccc3Cl)C2=O)CC1;CC(=O)N1CC(O)CC1C(=O)NC1(c2ccc(Cl)cc2)CCCCC1;COc1cc2cc3c4cc(OC)c(OC)cc4cc[n+]3c(C)c2cc1OC;COc1cc(Cl)ccc1C(=O)NC1CCC(C(=O)N2CCCCC2)C1;COc1cc(C(=O)N2CCN(C3CC4CCC3C4)CC2)cc(Cl)c1O;C=CC1OCCC1CNC(=O)N1CCOC(c2cccc(Cl)c2)C1C;CC(C)c1cc(-c2n[nH]c(=O)n2-c2ccc3c(ccn3C)c2)c(O)cc1O;COc1ccc(NC(=O)NCc2cccnc2OCc2ccccc2)cn1;Cc1nc(COc2ccc(C(=O)N3CCCC3c3ccncc3)cc2)no1;COc1cnccc1-c1noc(C2CCC(=O)N(C)C2c2ccccc2)n1;O=C(c1ccc2[nH]c(=O)[nH]c2n1)N1CC(c2ccccc2)C2COCCC21;Cc1ccccc1C1(CNC(=O)c2cc(C)c3c(=O)[nH]c(O)nc3n2)CC1;COC1CC(c2nnc(C)o2)N(C(=O)c2sc(C)nc2CC(C)C)C1;Cc1ccc(NC(=O)c2ncc3ccccn23)cc1C(=O)N1CCOCC1;Cc1ccc(C)c(NC(=O)CN(C)C(=O)c2n[nH]c(=O)c3ccccc23)c1;CC1(O)CCCN(C(=O)C2CCCN(C(=O)c3ccc(Cl)cc3)C2)C1;Cc1nn(-c2ccccc2)nc1C(=O)Nc1cccc(C2OCCCO2)c1;CC(=O)N1CC(O)CC1C(=O)Nc1ccccc1-c1nc2ccccc2[nH]1;COc1ccc(CCc2nnc(-c3cnc4onc(C(C)C)c4c3)o2)cc1;Cc1noc(-c2ccccc2C(=O)N2CCN(c3ccccc3O)CC2)n1;Cc1ccc(NC(=O)c2cnc3ccccn23)cc1C(=O)N1CCOCC1;CCOc1ccc(NC(=O)c2cc(C(N)=O)n(-c3ccccc3)n2)c(C)c1
m_e44302,CC(=O)Nc1ccc(NC(=O)C(=O)NC(C)c2cccs2)cc1Cl;Cc1ccccc1N1C(=O)c2cc(S(N)(=O)=O)c(Cl)cc2NC1C;O=C(NC1CCCNC1=O)c1csc(COc2ccc(Cl)cc2)n1;CC1Cc2ccccc2N1NC(=O)c1ccc(Cl)c(S(N)(=O)=O)c1;O=C(c1ccncc1)N1CCN(S(=O)(=O)c2cccc(Cl)c2)CC1;NC(=O)C1(O)CCCN(C(=O)c2csc(-c3cccc(Cl)c3)n2)C1;O=C(c1cccc(Cl)c1)N1CC(S(=O)(=O)NCc2cccnc2)C1;CNC(=O)C1CN(C(=O)CSc2nnc(N)s2)c2ccccc2O1;O=C(COc1cc(Cl)ccc1Cl)N1CCOC(c2ccccc2)C1;COC(=O)C1CCN(C(=O)C2CC2c2cccc(Br)c2)CC1;CC1=NN=C(c2cc3c(F)cccc3s2)c2cc3oc(=O)[nH]c3cc2C1;CCOC(=O)C(C)N(C(=O)c1ccccc1)c1ccc(Cl)c(Cl)c1;CC(C)C(=O)Nc1cccc(C(=O)OCc2ccc(Cl)c(Cl)c2)c1;O=C(Nc1ccccc1OCC1CCCO1)c1cc(Cl)cc(Cl)c1;NS(=O)(=O)CC1CCN(C(=O)NCCc2ccc(Cl)s2)CC1;O=C(Nc1ccc2nncn2c1)c1csc(-c2ccc3c(c2)OCO3)n1;CC1COCCN1CCNC(=O)C1CC12CCOc1ccc(Cl)cc12;CC1COCCN1CCNC(=O)C1CC12CCOc1ccc(Cl)cc12;CC1COCCN1CCNC(=O)C1CC12CCOc1ccc(Cl)cc12;CC1COCCN1CCNC(=O)C1CC12CCOc1ccc(Cl)cc12;CC1COCCN1CCNC(=O)C1CC12CCOc1ccc(Cl)cc12;CC1COCCN1CCNC(=O)C1CC12CCOc1ccc(Cl)cc12;CC1COCCN1CCNC(=O)C1CC12CCOc1ccc(Cl)cc12;CC1COCCN1CCNC(=O)C1CC12CCOc1ccc(Cl)cc12;CC1COCCN1CCNC(=O)C1CC12CCOc1ccc(Cl)cc12
m_1b27e6,NC(=O)c1cccc(-c2nc(-c3cc4c(cc3F)NC(=O)CC4)cs2)c1;COc1ccc(-c2csc(NC(=O)c3ccccc3F)n2)cc1CC#N;Cc1nc(-c2cccc(-c3noc(COc4ccc(F)cc4)n3)c2)cs1;O=c1c2ccccc2ncn1Cc1csc(COc2ccc(F)cc2)n1;O=C(c1ccccn1)N1CCN(S(=O)(=O)c2c(F)cccc2F)CC1;CC1CSc2ccccc2N(C(=O)c2cnc(-c3ccccn3)s2)C1;CS(=O)(=O)N1CCCC1CNC(=O)c1cc(Cl)cc2cccnc12;CCOC(=O)C1CCCN(C(=O)CCc2cccc(Br)c2)C1;COc1ccc(S(=O)(=O)N2CCN(c3ccncc3)CC2)cc1Cl;O=C(c1c(F)cccc1Cl)N1CCC(CSCc2ccco2)CC1;Cc1ccc(NS(=O)(=O)c2c[nH]c(C(=O)N3CCCC3)c2)cc1Cl;CCC(Cc1ccccc1Br)C(=O)N1CCC(C(=O)O)CC1;O=C(O)CCC1CCCN(C(=O)CCc2ccccc2Br)C1;COc1ccc(Br)cc1CN1C(C(=O)O)CC2CCCCC21;O=C(NCc1cnc(-c2ccc(Cl)cc2)s1)N1CC(O)CC1CO;COc1ccc(S(=O)(=O)N2CCN(c3ccncc3Cl)CC2)cc1;Cc1nc(-c2ccccn2)sc1C(=O)N1CCCSc2ccccc21;CC1CCN(C(=O)c2cnc(-c3ccccn3)s2)c2ccccc2S1;CCOc1ccccc1Nc1nnc(SCC(=O)NC(=O)NC)s1;CC1CN(S(=O)(=O)c2cc(Cl)cnc2N)C(c2ccccc2)CO1;O=C(O)C(Cc1ccc(OP(=O)(O)O)cc1)NCc1ccccc1O;N#Cc1ccc(N2CCN(c3ncc(C(F)(F)F)cc3Cl)CC2)cn1;CCn1c(=Cc2ccccn2)sc(=C2Sc3ccccc3N2C)c1=O;COc1ccnc(CSc2nc3cc(OC(F)F)ccc3[nH]2)c1OC;CCOC(=O)c1cnc(SC)nc1NCc1ccc(OC)c(Cl)c1
m_76b47b,O=C(NC1CCC(C(=O)O)CC1)c1cc2ccccc2nc1N1CCCC1;NC(=O)COc1cccc(NC(=O)C2CCN(Cc3ccccc3)CC2)c1;CCOc1ccccc1NC(=O)C(C)Nc1cccc(N2CCCC2=O)c1;Cc1cccc(-c2ccc(C(=O)NC3C(=O)NCC34CCOCC4)n2C)c1;CC(=O)N(C)C1CCN(C(=O)c2ccc(OCc3ccccc3)nc2)CC1;CN(C)C(=O)COc1cccc(CNC(=O)C2CCCc3cccnc32)c1;Cc1nc(C)c(-c2ccc(C3CCC(CC(=O)O)CC3)cc2)nc1C(N)=O;O=C(CC1(Cn2cccc2)CCCCC1)Nc1ccc2c(c1)OCC(=O)N2;COc1cccc(CC(=O)N2CCc3ccc(NC(=O)CC(C)N)cc32)c1;CC(C)C(=O)Nc1cc(C(=O)N2CCC(O)(c3ccccc3)CC2)ccn1;Cc1ccc2nc(C3CC3)cc(C(=O)NCC3(C(N)=O)CCOCC3)c2c1;CC(C)c1cc(C(=O)NC2CCCN(Cc3ccccc3)C2=O)cc(O)n1;COc1ccc(NC(=O)c2ccc(CN3CCCC(C(N)=O)C3)cc2)cc1;COc1cc(C(=O)N2CCCC(C(=O)Nc3ccc(C)cn3)C2)ccc1C;Cc1ccc(OCCCC(=O)N2CCCc3ccc(C(N)=O)nc32)cc1C;O=C(c1cccc(OCc2cccnc2)c1)N1CCC(N2CCOCC2)C1;CCCn1c(C(C)NC(=O)c2ccc(OC)c(OC)c2)nc2ccccc21;CN1CCN(C(=O)NCc2cccc3c2OCCCO3)Cc2ccccc21;COC(C(=O)N1CCCC(C(=O)Nc2cccc(C)n2)C1)c1ccccc1;Cc1cc(C(=O)Nc2ccc3c(c2)NC(=O)CO3)c(C)n1C1CCCCC1;O=C(Nc1ccc2c(c1)OCCCO2)c1ccc(N2CCCCCC2)nc1;CCN(CCN(CCNC=O)C(=O)c1ccccc1)C(=O)c1ccccc1;COC(=O)C1(C(=O)N2CC(C)(C)C2c2nccn2Cc2ccccc2)CC1;COc1ccc2c(c1)CC(C(=O)NC1CCN(c3ccccn3)CC1)CO2;CN(C)C(=O)CC(NC(=O)N1CCc2ccc(O)cc2C1)c1ccccc1
m_80b537,COC(C(=O)N1CCCC(C(=O)Nc2cccc(C)n2)C1)c1ccccc1;COc1cccc(CNC(=O)N2CC3(CCOCC3)C2c2ccccc2)n1;CC(C)C(=O)Nc1cc(C(=O)N2CCC(O)(c3ccccc3)CC2)ccn1;COC(=O)C1(C(=O)N2CC(C)(C)C2c2nccn2Cc2ccccc2)CC1;CC(CNC(=O)NCCCN1C(=O)COc2ccccc21)c1ccccc1;CCOc1ccc(Oc2cc(CNC(=O)N3CCC4CC4C3)ccn2)cc1;O=C(CN1C(=O)C2CC=CCC2C1=O)N1CCN(Cc2ccccc2)CC1;CCOc1cccc(N2CCN(C(=O)C3CCOc4ccccc43)CC2)n1;Cc1cc(C(=O)Nc2ccc3c(c2)NC(=O)CO3)c(C)n1C1CCCCC1;COc1ccnc(N2CCN(C(=O)C3CCc4ccc(OC)cc43)CC2)c1;CC(NC(=O)C1CCCC1)C(=O)Nc1cccc(OCc2ccccn2)c1;COc1cccc(NC(=O)CN(C)C(=O)CN2CCc3ccccc3C2)c1;COc1ccc2c(c1)CC(C(=O)NC1CCN(c3ccccn3)CC1)CO2;CN1CCN(C(=O)c2ccnc(OC3CCOC3)c2)C(c2ccccc2)C1;CN1CCN(C(=O)C2CCCCN2C(=O)c2ccco2)Cc2ccccc21;O=C(Nc1ccc2c(c1)OCCCO2)c1ccc(N2CCCCCC2)nc1;O=C(CN1CCCCCCC1=O)Nc1cccc(OCc2ccccn2)c1;CC(C)OC1CCC(NC(=O)c2c[nH]nc2-c2cc3ccccc3o2)CC1;C=CC(C)(C)c1[nH]c2cc(O)ccc2c1CC1NC(=O)C2CCCN2C1=O;CCOc1ccc(C(=O)N2CCCC(C(=O)Nc3cccc(C)n3)C2)cc1;Cc1ccc(C(CNC(=O)c2c(C)[nH]c3ccccc23)N2CCOCC2)o1;CN(C(=O)NCCc1cccc(O)c1)C1CCCN(c2ccccc2)C1=O;COc1ccc(C(=O)N2CCC(N(C)C(C)=O)CC2)cc1-c1ccccn1;O=C(CNC(=O)c1ccnc(OC2CCCCC2)c1)NCc1ccccc1;O=C(Nc1ccccc1N1CCC(O)CC1)c1ccnc(OC2CCC2)c1
m_572a36,CC(C)c1c(NC(=O)c2c[nH]nc2C2CC2)cnn1-c1ccc(Cl)cc1;COc1ncccc1C(=O)N1CCCC(S(=O)(=O)N2CCOCC2)C1;Cc1cn(-c2ccccc2Cl)nc1NC(=O)N(C)C(C)c1ccccn1;Cc1ccnc(N2CCN(Cc3nc4ccc(Cl)cc4c(=O)[nH]3)CC2)c1;Cn1nnc2cc(C(=O)N(Cc3ccccc3Cl)C3CCCC3)cnc21;Cc1nnc(N2CCN(C(=O)Cc3ccccc3Cl)CC2)c(C#N)c1C;Cc1n[nH]cc1C1CCN(C(=O)c2ccn(-c3ccccc3Cl)n2)CC1;O=C(NCC(c1cccc(Cl)c1)N1CCCC1)c1ccc2nncn2c1;Cn1cc(C2CCCCN2C(=O)c2cn(-c3cccc(Cl)c3)cn2)cn1;Cc1cc(C2CCCN(C(=O)c3c[nH]nc3-c3cccc(Cl)c3)C2)[nH]n1;CCOC(=O)C1CCN(S(=O)(=O)c2cc3n(c2)CCCNC3=O)CC1;CN1CCOC(C(=O)Nc2cc(S(=O)(=O)N3CCCC3)ccc2O)C1;Cc1[nH]nc(NC(=O)C2CCn3c(cnc3C)C2)c1-c1ccc(Cl)cc1;CC(c1ccccc1Cl)N1CCN(C(=O)c2cnn3cccnc23)CC1;Cc1ccc(Cl)cc1N1CCC(CNC(=O)c2cnn3cccnc23)C1;COc1cccc(C(=O)N2CCCC(S(=O)(=O)N3CCOCC3)C2)n1;CC(Nc1ncc(C(=O)N(C)C)cc1Cl)c1cccc(-n2ccnc2)c1;O=C(c1[nH]c2ccccc2c1Cl)N1CCC(c2nncn2C2CC2)CC1;CCCNC(=O)N1CCN(S(=O)(=O)c2ccc3c(c2)OCCO3)CC1;Cc1noc(C)c1S(=O)(=O)NC(=O)C1CC(=O)N(C2CCCCC2)C1;NC(=O)c1cnn2c1CC(CNCc1cc(Cl)cc3cccnc13)CC2;CCOc1ccc(C(=O)C(=Cc2ccccc2)c2nc3ccccc3o2)cc1;CCNC(=O)N1CCN(S(=O)(=O)c2cc(C(=O)O)cc(C)c2C)CC1;COc1cc(-c2n[nH]c(=NC(=O)c3ccc(C)cc3)o2)cc(OC)c1OC;O=C(O)c1cc2cc(CN3CCC(Oc4ccc(F)cc4)CC3)ccc2o1
m_b53b6e,Cc1nnc2n1CC(C(=O)O)N(C(=O)c1sccc1Br)C2;O=C(CSc1nc2cc(Cl)ccc2o1)Nc1ccc(F)cc1Cl;CC(C)c1c(NC(=O)c2c[nH]nc2C2CC2)cnn1-c1ccc(Cl)cc1;CC(C)c1c(NC(=O)c2c[nH]nc2C2CC2)cnn1-c1ccc(Cl)cc1;CC(C)c1c(NC(=O)c2c[nH]nc2C2CC2)cnn1-c1ccc(Cl)cc1;CC(C)c1c(NC(=O)c2c[nH]nc2C2CC2)cnn1-c1ccc(Cl)cc1;CC(C)c1c(NC(=O)c2c[nH]nc2C2CC2)cnn1-c1ccc(Cl)cc1;CC(C)c1c(NC(=O)c2c[nH]nc2C2CC2)cnn1-c1ccc(Cl)cc1;CC(C)c1c(NC(=O)c2c[nH]nc2C2CC2)cnn1-c1ccc(Cl)cc1;CC(C)c1c(NC(=O)c2c[nH]nc2C2CC2)cnn1-c1ccc(Cl)cc1;CC(C)c1c(NC(=O)c2c[nH]nc2C2CC2)cnn1-c1ccc(Cl)cc1;CC(C)c1c(NC(=O)c2c[nH]nc2C2CC2)cnn1-c1ccc(Cl)cc1;CC(C)c1c(NC(=O)c2c[nH]nc2C2CC2)cnn1-c1ccc(Cl)cc1;CC(C)c1c(NC(=O)c2c[nH]nc2C2CC2)cnn1-c1ccc(Cl)cc1;CC(C)c1c(NC(=O)c2c[nH]nc2C2CC2)cnn1-c1ccc(Cl)cc1;CC(C)c1c(NC(=O)c2c[nH]nc2C2CC2)cnn1-c1ccc(Cl)cc1;CC(C)c1c(NC(=O)c2c[nH]nc2C2CC2)cnn1-c1ccc(Cl)cc1;CC(C)c1c(NC(=O)c2c[nH]nc2C2CC2)cnn1-c1ccc(Cl)cc1;CC(C)c1c(NC(=O)c2c[nH]nc2C2CC2)cnn1-c1ccc(Cl)cc1;CC(C)c1c(NC(=O)c2c[nH]nc2C2CC2)cnn1-c1ccc(Cl)cc1;CC(C)c1c(NC(=O)c2c[nH]nc2C2CC2)cnn1-c1ccc(Cl)cc1;CC(C)c1c(NC(=O)c2c[nH]nc2C2CC2)cnn1-c1ccc(Cl)cc1;CC(C)c1c(NC(=O)c2c[nH]nc2C2CC2)cnn1-c1ccc(Cl)cc1;CC(C)c1c(NC(=O)c2c[nH]nc2C2CC2)cnn1-c1ccc(Cl)cc1;CC(C)c1c(NC(=O)c2c[nH]nc2C2CC2)cnn1-c1ccc(Cl)cc1
m_f55e93,O=C(NCC1CCC(F)(F)C1)c1ccc(Cn2nnc3ccccc32)cc1;Cn1c(CN2CCOC(c3ccc(F)cc3F)C2)nnc1-c1ccccc1;Cn1cnc2cc(C(=O)N(Cc3cc(F)ccc3F)C3CCCC3)cnc21;O=C(NCCc1c[nH]c2cc(F)cc(F)c12)c1ccc(NCC2CC2)nc1;N#Cc1ccccc1N1CCCN(CC(=O)Nc2ccc(F)c(F)c2)CC1;O=C(c1ccnc(OC2CCOC2)c1)N1CCC(Oc2cnccn2)CC1;CN1CCC(N2CCC(NC(=O)c3cncc(C(F)(F)F)c3)CC2)C1=O;CCOc1ccccc1CNC(=O)Cn1c(CC)nc2onc(C)c2c1=O;Cc1nn(C)c(C)c1-c1cc(C(=O)Nc2nc3c(s2)CCCCC3)[nH]n1;Cc1cc(C)n2nc(C)c(C(=O)NC3CCN(c4nccs4)CC3)c2n1;CCCc1cc(NC(=O)NC(c2ccc(OC)c(F)c2)C(F)F)n(C)n1;Cc1nn(C)c(OCC(F)(F)F)c1CN1CCC(Oc2cccnc2)C1;Cc1sc2ncnc(N3CCC(C(=O)Nc4ccn(C)n4)CC3)c2c1C;NC(=O)NC1(C(=O)N2CCN(Cc3cccc(C(F)(F)F)c3)CC2)CC1;Cc1sc2ncnc(N3CCC(C(=O)NCc4c[nH]cn4)CC3)c2c1C;CC(C)(C)c1[nH]ncc1C(=O)N1CCN(c2ncnc3sccc23)CC1;Cc1ccc(-c2cn(C3OC(CO)C(O)C3O)c3ncnc(N)c23)cc1C;COC(=O)c1ccccc1C(=O)N1CCC(Oc2ccc(N(C)C)nn2)C1;CC(C)(C)c1cnc(NC(=O)N2CCN(c3ccc(C#N)cn3)CC2)s1;C=CCNC(=O)c1cccc(-c2noc(CN3CCCCC(O)C3=O)n2)c1;CCOC(=O)N1CCc2nn(CC(=O)NCc3ccccc3)c(=O)cc2C1;Cc1nc2cc(O)nn2c(C)c1CCC(=O)N1CCC(C(F)(F)F)CC1;Cc1nc2cc(O)nn2c(C)c1CCC(=O)N1CC(C)(CC(F)(F)F)C1;COc1cc(C(=O)N2CCN(CC(=O)N3CCc4ccccc43)CC2)on1;COc1ncc(NC(=O)N2CCOCC2Cc2ccccc2)cc1C(N)=O
m_3aecdc,Cc1cc(S(N)(=O)=O)cc(NC(=O)c2cccc(-n3ccnn3)c2)c1C;O=C(O)C1(CNS(=O)(=O)c2ccc3c(c2)OCCCO3)CCOCC1;Cc1c(C(=O)NC2CCS(=O)(=O)C2)nnn1-c1cccc2ncccc12;CC1(Cn2cc(C(=O)Nc3nc(-c4cccc(O)c4)cs3)nn2)COC1;Cc1nc2nc(SCc3ccc(C(N)=O)cc3)nn2c(C)c1CC(=O)O;CC(Oc1cc(Cl)cc(Cl)c1)C(=O)N1CCC(C2CCOCC2)C1;COCC1(C(=O)O)CCCN1S(=O)(=O)c1cccc2c1OCCCO2;Cc1c(C(=O)N2CCS(=O)(=O)CC2)nnn1-c1ccc2ncccc2c1;CCC(=O)Nc1ccc(S(=O)(=O)Nc2cc(-c3ccncc3)n[nH]2)cc1;CN(Cc1cc(-c2ccco2)on1)C1CCN(c2ccccc2Cl)C1=O;COc1cc(C(=O)Nc2ccn(C)n2)ccc1OCc1ccccc1Cl;COc1ccc(NC(C)=O)cc1NC(=O)c1c(Cl)c2ccccc2n1C;Cc1cccc(OCCNC(=O)Cn2cnc3ccc(Cl)cc3c2=O)c1;O=C(c1ccc2ncn(-c3ccc(Cl)cc3)c2c1)N1CC(O)CC1CO;COc1ccc(C(=O)Nc2nn(-c3ccccc3Cl)cc2C)c(OC)c1;O=C(c1cccc(Cl)c1)N1CC(S(=O)(=O)NCCN2CCCC2)C1;Cc1cn(-c2ccccc2Cl)nc1C(=O)N1CCCC(C(F)(F)F)C1;O=C(CCC(=O)Nc1noc2ccccc12)NCCc1ccc(Cl)cc1;O=C(Nc1cnn(-c2ccccc2Cl)c1)C1CCC(C(F)(F)F)CC1;O=C(Nc1ccc(Cl)cn1)c1ccccc1NC(=O)C1CC2CCC1O2;Cn1c(=O)[nH]c2cc(C(=O)N3CCC(Oc4ccccc4Cl)C3)ccc21;Cc1cn(-c2c(F)cccc2F)nc1C(=O)NCc1ccc2c(c1)OCO2;CN1CCC(NS(=O)(=O)C2CN(C(=O)c3cccc(Cl)c3)C2)CC1;COc1ccc(NC(=O)c2cn(C)nc2-c2ccccc2Cl)cc1OC;COc1ccc2cc(-c3n(C)c4ccc(S(C)(=O)=O)cc4[n+]3C)oc2c1
m_7874d0,CCOC(=O)C1CCCCN1S(=O)(=O)c1cc(OC)c(OC)cc1C;Cc1ccc(C)c(S(=O)(=O)NCCNc2ccc(-n3cccc3)nn2)c1;N#Cc1ccccc1N1CCCN(S(=O)(=O)c2cnc3n2CCC3)CC1;CCc1nc2n(n1)CCCC2NS(=O)(=O)Cc1cccc2cccnc12;COCc1csc(NC(=O)c2nc(C)n(-c3ccccc3C(C)C)n2)n1;CC(C)c1csc(C2CCCN(C(=O)c3ccc4n[nH]c(=O)n4c3)C2)n1;COc1ccc(S(=O)(=O)NC2C(C)C(OC)C2(C)C)c(CC(=O)O)c1;COCc1cccc(S(=O)(=O)N2CCC(O)(C(C)(C)C(=O)O)CC2)c1;COc1ccc(CC(=O)O)cc1S(=O)(=O)N(C)C1CCC(OC)CC1;CCn1nc(C)cc1C(=O)Nc1ccc2nc(N3CCOCC3)sc2c1;CCC(O)CN(Cc1ccccc1)C(=O)Nc1c[nH]nc1-c1nccs1;Cc1csc(NC2CCN(C(=O)c3ccc4[nH]c(=O)n(C)c4c3)CC2)n1;Cc1cccc(C)c1NS(=O)(=O)c1c(C)cc(C)c(-n2cnnn2)c1C;Cc1nc(-n2cccc2)sc1C(=O)Nc1cnn(CC2CCCCO2)c1;C#CCNC(=O)CSc1nnc(N2CCOCC2)n1-c1ccccc1C;CCCOc1ccc(CNC(=O)c2sc(-c3nnc[nH]3)nc2C)c(C)c1;CC(C)(Cc1nc2ccccc2[nH]1)C(=O)NC1COc2cc(F)cc(F)c21;Cc1c(C)c(C)c(S(=O)(=O)Nc2cccc(-c3nnn[nH]3)c2)c(C)c1C;CCC(=O)Nc1ccc(NC2CCCN(c3ccccc3Cl)C2=O)cc1;CC(=O)Nc1ccc(NC2CCCN(c3ccccc3Cl)C2=O)cc1C;CC(=O)N(C)c1cccc(NC2CCCN(c3ccccc3Cl)C2=O)c1;O=C(CCc1cccc(Cl)c1)NC1CCN(C(=O)c2ccncc2)CC1;Cc1cncc2[nH]c(=O)n(C(C(=O)Nc3ccnc(F)c3)C(C)C)c(=O)c12;CC1CN(C)c2ccccc2N(C(=O)CNC(=O)c2cccc(Cl)c2)C1;NC(=O)CCNC(=O)c1cccc(NC2CC(c3ccccc3Cl)C2)c1
m_7e912f,CC(C)OCc1ccccc1CC(=O)NC1CC(Cn2cccn2)CC1O;Cc1noc(C)c1C(C)C(=O)N1CCN(c2ccccc2OC(C)C)CC1;CC(=O)N1CCN(C(=O)NC2Cc3ccccc3C2)CCC12CCOCC2;CC(C)N1CCN(C(=O)C(=O)N2CCC(c3ccccc3)C2(C)C)CC1=O;CC(=O)NCC12CC(C(=O)NCCc3ccccc3)(C1)C1(CCNCC1)O2;Cc1nc2c(n1CCO)CCC(NC(=O)Cc1cccc(OC(C)C)c1)C2;CN(C)C(CNC(=O)CCN1C(=O)C2CCCCC2C1=O)c1ccccc1;CC(=O)NCC(=O)N1CCCC2CN(C(=O)c3cccc(C)c3C)CCC21;CCc1ccc(C2CCCCCN2C(=O)CCc2c(C)nc(C)[nH]c2=O)o1;CC(=O)Nc1cccc(CC(=O)N2CCN(C(C)=O)C3(CCCCC3)C2)c1;CCc1oc2ccccc2c1CN(C)C(=O)C1CCCN1C(=O)NC(C)C;CC(C)COc1cn(-c2ccccc2)nc1C(=O)N1CCCCC1CCO;O=C(NCC1(c2ccc3c(c2)OCCO3)CCCC1)N1CC2CCC1CN2;CCCn1cc(C(=O)N2CCN(C(=O)OC(C)(C)C)CC2)c2ccccc21;O=C(NCc1ccco1)N1CCN(C(=O)C23CC4CC(CC(C4)C2)C3)CC1;O=C(NCC1CCOc2ccccc21)N1CCC(N2CCCCC2=O)CC1;COc1ccc(C2CCCN2C(=O)c2cc(C)n(C(C)(C)C)n2)cc1OC;COC1(c2nc(C3CC3)no2)CCN(Cc2ccccc2OC(C)C)CC1;CC1C(=O)Nc2cc(C(=O)N3CCC(C4CCCCO4)CC3)ccc2N1C;COc1cc(CNC(=O)NC2CCCCC2C#N)ccc1OC1CCCC1;CCOc1ccc(C2(CNC(=O)c3cn(C)nc3CC)CCOCC2)cc1;O=C1COC2(CCN(C(=O)NCC3(Cc4ccccc4)CCCC3)CC2)N1;CCN1CCN(C2CCN(C(=O)c3cccc(C4CCOC4)c3)CC2)C1=O;O=C1CC(C(=O)N2CCCC2c2ccccc2)CN1CCN1CCOCC1;O=C(CCc1ccccc1)N1CCC(NC(=O)N2CCC3(COC3)C2)CC1
m_0cc9ea,COc1ncccc1NC(=O)c1cnn(-c2cccc(Br)c2)c1;O=C(c1ccc2nc[nH]c2n1)N1CCOc2ccc(Br)cc2C1;CC(C)OCc1ccccc1CC(=O)NC1CC(Cn2cccn2)CC1O;CC(C)OCc1ccccc1CC(=O)NC1CC(Cn2cccn2)CC1O;CC(C)OCc1ccccc1CC(=O)NC1CC(Cn2cccn2)CC1O;CC(C)OCc1ccccc1CC(=O)NC1CC(Cn2cccn2)CC1O;CC(C)OCc1ccccc1CC(=O)NC1CC(Cn2cccn2)CC1O;CC(C)OCc1ccccc1CC(=O)NC1CC(Cn2cccn2)CC1O;CC(C)OCc1ccccc1CC(=O)NC1CC(Cn2cccn2)CC1O;CC(C)OCc1ccccc1CC(=O)NC1CC(Cn2cccn2)CC1O;CC(C)OCc1ccccc1CC(=O)NC1CC(Cn2cccn2)CC1O;CC(C)OCc1ccccc1CC(=O)NC1CC(Cn2cccn2)CC1O;CC(C)OCc1ccccc1CC(=O)NC1CC(Cn2cccn2)CC1O;CC(C)OCc1ccccc1CC(=O)NC1CC(Cn2cccn2)CC1O;CC(C)OCc1ccccc1CC(=O)NC1CC(Cn2cccn2)CC1O;CC(C)OCc1ccccc1CC(=O)NC1CC(Cn2cccn2)CC1O;CC(C)OCc1ccccc1CC(=O)NC1CC(Cn2cccn2)CC1O;CC(C)OCc1ccccc1CC(=O)NC1CC(Cn2cccn2)CC1O;CC(C)OCc1ccccc1CC(=O)NC1CC(Cn2cccn2)CC1O;CC(C)OCc1ccccc1CC(=O)NC1CC(Cn2cccn2)CC1O;CC(C)OCc1ccccc1CC(=O)NC1CC(Cn2cccn2)CC1O;CC(C)OCc1ccccc1CC(=O)NC1CC(Cn2cccn2)CC1O;CC(C)OCc1ccccc1CC(=O)NC1CC(Cn2cccn2)CC1O;CC(C)OCc1ccccc1CC(=O)NC1CC(Cn2cccn2)CC1O;CC(C)OCc1ccccc1CC(=O)NC1CC(Cn2cccn2)CC1O
m_4fb975,O=C(NCc1cccc2c1OCO2)N1CCCC(CN2CCCCCC2)C1;COCCN1CCC(NC(=O)C2CCCN(C(=O)c3ccccc3)C2)CC1;CCCOC1(CNC(=O)C2CCCN2C(=O)c2ccccn2)CCCCC1;COc1ccc(CCC2CCN(C(=O)CN3CCN(C)C(=O)C3)CC2)cc1;CCS(=O)(=O)N(C)C1CCN(CCC(=O)NCC2CCCCC2)CC1;O=C(NCC1(N2CCOCC2)CCCCC1)NC1COc2ccccc2C1;CC(C)(CC(=O)N1CCN(C(=O)CN2CCOCC2)CC1)c1ccccc1;O=C(CN1CCN(C(=O)C(O)Cc2ccccc2)CC1)N1CCCCCC1;Cc1cccc(C)c1OC1CCN(C(=O)NC(C)CN2CCCC2=O)CC1;COc1ccc(CN2CCN(C(=O)C3CCCN3C(=O)C(C)C)CC2)cc1;COc1cccc(N2CCC(CNC(=O)N3CCOCC4(CCC4)C3)C2)c1;CNC(=O)c1cccc(CCNC(=O)N2CCCC(C3CCCCO3)C2)c1;CC1(C(=O)NCC2(C(N)=O)CCOCC2)CCN(Cc2ccccc2)CC1;CN1CCN(CC2(C)CCN(S(=O)(=O)CC3CCCCO3)CC2)CC1;CCCN1C(=O)CCC(C(=O)OCC2CC3CCCC32)C1c1cncn1C;CC(=O)N1CCC(CNC(=O)N2CCC(OCc3ccccc3)CC2)CC1;CC1CCN(CCNC(=O)N2CCCC2c2cccc3c2OCCO3)CC1;Cc1ccc(CNC(=O)C2CCN(CCC(=O)N3CCOCC3)CC2)cc1;COc1ccc(CC(=O)N2CCC(C3CCCCCN3C(C)=O)CC2)nc1;CC(=O)NC12CC3CC(C1)CC(C(=O)NCC(c1ccco1)N(C)C)(C3)C2;CNC(=O)C1CCN(C(=O)CN2CCCC(CO)(c3ccccc3)C2)CC1;CCC1CN(C(=O)CCC(=O)N2CCOCC2)CCN1Cc1ccccc1;N#Cc1ccc(OCC(O)CNCC2(N3CCOCC3)CCCCC2)cc1;CNC(=O)CC1CCN(C(=O)NCC2(c3ccccc3OC)CCC2)CC1;CCN(C1CCN(CCC(=O)NCC2CCCCC2)CC1)S(C)(=O)=O
m_005e53,Cc1cc(O)c(C=O)c2c1C(=O)Oc1c(CO)c(O)c(C(=O)O)c(C)c1O2;Cc1c(O)c(C(=O)O)c(C)c2c1OC(=O)c1c(C)c(O)c(O)c(C=O)c1O2;Cc1cc(O)c(CO)c2c1C(=O)Oc1c(C)c(O)c3c(c1O2)C(O)OC3=O;COc1cc(C)c2c(c1O)Oc1c(c(C)c(O)c3c1C(O)OC3=O)OC2=O;CC1CC(c2ccc(Br)cc2)CN1Cc1ncccc1C(=O)O;O=C(O)c1cccnc1CN1CCC(c2ccccc2Br)CC1;CN(Cc1ncccc1C(=O)O)CC1(c2ccc(Br)cc2)CC1;Cc1nn(CC(O)COc2ccc3ccccc3c2)c(C)c1Br;Cc1ccc(CN2CC(C(=O)O)C(c3ccc(Br)cc3)C2)nc1;Cc1cncc(CN2CC(C(=O)O)C(c3ccc(Br)cc3)C2)c1;Cc1ccc(C(=O)NCC(=O)Nc2ccc(Br)c(C)c2)cc1C;COc1cc2c(cc1OC)C(c1ccc(Br)cc1)=NNC(C)C2;Cc1ncccc1CN1CC(C(=O)O)C(c2ccc(Br)cc2)C1;O=C(c1cc[nH]c(=O)c1)N1CCCCC1Cc1cccc(Br)c1;CC(NC(=O)c1ccc2c(c1)C(C)(C)CO2)c1ccc(Br)cn1;Cc1ccc(CN2CC(C(=O)O)C(c3ccc(Br)cc3)C2)cn1;O=C(Cn1ccc2ccc(Cl)cc21)N1CCC(C(=O)O)(C(F)(F)F)C1;Cc1nc(C2CC2)oc1C(=O)N1CCCc2c(Br)cccc2C1;Cc1cccc(CC(=O)N2CCC(Oc3ncccc3Br)C2)c1;CC(=O)N1CCC(NC(=O)CSCc2ccc(Cl)cc2Cl)CC1;CC1CCN(C(C)CNS(=O)(=O)c2cccc(Br)c2)CC1;O=C(Cc1c(Cl)cccc1Cl)N=S1(=O)CCCC2(CCCN2)C1;COCc1nc2n(n1)CCCC2NS(=O)(=O)c1c(F)cccc1Cl;COCc1nc2n(n1)CCCC2NS(=O)(=O)c1cccc(Cl)c1F;O=C(NCc1cccc2c1OCO2)N1CCCC(CN2CCCCCC2)C1
m_471696,CC1CCc2nc(NC(=O)Nc3ccn(C4CCN(C)CC4)n3)sc2C1;CCSc1cncc(N2CC3CN(C)CCC3(c3nc(CC)no3)C2)n1;Cc1cnc(C(C)NC(=O)N2CCCCC2c2nnc3n2CCCC3)s1;CN(CC(=O)NC1CCOCC1)CC1CCc2nc(C(F)(F)F)cn2C1;Fc1ccccc1C(F)C1CCN(c2cc(N3CCOCC3)ncn2)CC1;CCCn1cnc2c(NCc3ccc(C)s3)nc(NC(CC)CO)nc21;COc1cc(C(F)(F)F)ncc1NC(=O)NC1CCN(CC(C)C)CC1;Cc1csc(C2CCN(C(=O)c3nnn(C4CCNCC4)c3C)CC2)n1;CN(Cc1nccc(N)n1)C1CCN(C(=O)c2csc(C(C)(C)C)n2)C1;Cc1csc(C2CCCN(C(=O)c3nnn(C4CCNCC4)c3C)C2)n1;CC(C)(C)n1cc(C(=O)NCC2CCCNC2)c(-c2ccccc2Cl)n1;CCN1CCN(C(=O)CC2CCN(c3c(Cl)cccc3C#N)CC2)CC1;CC1(C)CC(NC(=O)c2cnn(Cc3ccccc3Cl)c2)CC(C)(C)N1;COC1(C(F)(F)F)CCN(C(=O)NCC2CCCn3cc(C)nc32)CC1;CCn1cc(CNC(=O)N2CCC(C(F)(F)F)C3(CCOCC3)C2)cn1;CCN(C)CC1CCN(C(=O)c2ccc(-n3nc(C)c(Cl)c3C)cc2)C1;Cc1ccc(CN2CCNCC2)cc1NC(=O)CNc1ccc(F)c(F)c1;Cn1c(CN(CC2CCCO2)C2CCCC2)nnc1-c1ccc(Cl)cc1;O=C(Nc1c[nH]nc1C1CCCN(CC(O)C(F)(F)F)C1)C1CCCC1;Cc1nc(C)n(CC2CCCN(C(=O)C(C)Cc3ccccc3Cl)C2)n1;O=C(O)C=Cc1ccc(-c2ccc(O)c(C34CC5CC(CC(C5)C3)C4)c2)cc1;Cc1nn(C)c(C)c1CC(=O)N1CCCN(Cc2ccc(Cl)cc2)CC1;Cc1c(C(=O)N2CCNC(c3ccccc3Cl)C2)cnn1CCC(C)C;Cc1c(Cl)c(C(=O)NC2CCN(Cc3ccccc3)CC2(C)C)nn1C;CN(CC1CC(F)CN1c1ccnc(N(C)C)n1)C(=O)c1ncccc1O
m_089267,Cc1noc(C2(C(F)(F)F)CCN(C(=O)C(C)(C)N3CCNCC3)C2)n1;COc1cc(C(=O)NCc2nnnn2C2CCCCC2)cc(OC)c1OC;O=S(=O)(CC12CCC(CC1)C2)NC1c2ccccc2CC12CCOCC2;O=C(C1CCC2(CCC2)CC1)N1CCC(S(=O)(=O)c2ccccc2)CC1;COc1cc2nc(N3CCN(C(=O)CC(C)O)CC3)nc(N)c2cc1OC;O=C(C1CCS(=O)(=O)CC1)N1CCCC1CC1CCCc2ccccc21;CNC(=O)NC(=O)CN(CC(=O)NC(=O)NC)CC1(c2ccccc2)CC1;N=C(NCCCCC(N)C(=O)O)NC(Cc1c[nH]c2ccccc12)C(=O)O;Cc1ccccc1C1CC(N(C(=O)CS(=O)(=O)C2CCCC2)C2CC2)C1;COc1ccccc1C(NC(=O)NCCN1CCOCC1)c1noc(C)n1;COc1ccccc1-c1noc(C(C)NC(=O)CNC(=O)C(N)C(C)C)n1;COc1ccc(NC(=O)C2CCNC(=O)C2)c(N2CCN(C(C)=O)CC2)n1;C=C1C(COC(=O)C(CC)CC)C(O)CC1n1cnc2c(=O)[nH]c(N)nc21;CC(C)C1(O)CN(C(=O)CCC(=O)Nc2ccc3c(n2)n(C)c(=O)n3C)C1;O=C(CN1CCN(c2cc(C3CC3)n[nH]2)CC1)NCc1cc(F)cc(F)c1;C=C1C(CO)C(OC(=O)C(CC)CC)CC1n1cnc2c(=O)[nH]c(N)nc21;O=C(Nc1cnn(CC(F)(F)F)c1)N1CCCC(CN2CCOCC2)C1;NCC1CC(NC(=O)NC2CCc3nc(-c4ccc(F)cc4F)cn3C2)C1;CCOC(=O)C1CCCN(c2ncnc3c2ncn3CC2(CO)COC2)C1;COC(=O)C1(C)CCCN(c2ncnc3c2ncn3CC2(CO)COC2)C1;CC1CCc2nc(NC(=O)Nc3ccn(C4CCN(C)CC4)n3)sc2C1;CC1CCc2nc(NC(=O)Nc3ccn(C4CCN(C)CC4)n3)sc2C1;CC1CCc2nc(NC(=O)Nc3ccn(C4CCN(C)CC4)n3)sc2C1;CC1CCc2nc(NC(=O)Nc3ccn(C4CCN(C)CC4)n3)sc2C1;CC1CCc2nc(NC(=O)Nc3ccn(C4CCN(C)CC4)n3)sc2C1
m_15dab4,CCC(Sc1nc2c(c(=O)n1-c1ccc(C)cc1)SCC2)C(=O)OC;COCCn1c(SCC(=O)c2ccccc2)nc2c(c1=O)SC(C)C2;CN1CC(Nc2cnn(C)c(=O)c2Br)CC(c2ccccc2)C1;N#Cc1ccc(N2CCN(CC(=O)N3CCCC3)CC2)c(Br)c1;CCCN1CCn2cc(C(=O)NCc3ccc(Br)cc3)nc2C1;Cc1c(C(=O)N2CCC(N)CC2C)cnn1-c1cccc(Br)c1;Cc1nn(-c2ccc(C(=O)N3CCNC(C)C3)cc2)c(C)c1Br;O=C(NC1CCN(CC2CC2)CC1)c1n[nH]c2ccc(Br)cc12;CNC(=O)CC1CS(=O)(=O)CCN1Cc1cccc2c1OC(F)(F)O2;COc1ccc(CNC2CCN(c3ncccn3)CC2)cc1Br;Cc1cc(=O)c2c(O)c3c(O)cc(=O)c4c3c3c(cc(O)c1c23)C(C)(C)C=4O;CNCC1CCN(C(=O)c2cc(C)n(-c3ccc(Br)cc3)n2)C1;COc1ccc(Br)cc1CNC1CCN(c2ncccn2)CC1;Cc1nn(Cc2cccc(Br)c2)c(C)c1C(=O)N1CCC(N)C1;Cc1nn(-c2ccc(C(=O)N3CCC(CN)C3)cc2)c(C)c1Br;Cc1c(-c2nn3c(-c4cccc(F)c4)nnc3s2)cnn1-c1ccccc1;CCn1cc(NC(=O)C(c2ccc(Br)cc2)N2CCCC2)cn1;Cc1cc(O)c2c3c4c(cc(O)c13)C(C)(C)C(=O)c1c(O)cc(O)c(c1-4)C2=O;Cc1n[nH]c(C)c1NC(=O)CN1CCCC1c1cccc(Br)c1;Cc1cc(C(=O)N2CCn3c(CC(C)C)nnc3C2)ccc1Br;Cc1cc(=O)c2c(O)c3c(=O)cc(O)c4c3c3c(cc(O)c1c23)C(C)(C)C=4O;CN(CC1CCCCC1)C(=O)c1cn(-c2ccccc2Br)nn1;Cc1cc(NC(=O)C(c2cccc(Br)c2)N2CCCC2)n(C)n1;Cc1nn(Cc2cccc(Br)c2)c(C)c1C(=O)N1CCNCC1;COc1ccc(-c2noc(CS(=O)(=O)C(C)c3ccccc3F)n2)cc1
m_b9f2b4,O=C(CN1CCC(OCC2CC2)CC1)N1CCC(C(=O)N2CCCC2)CC1;CCCCC=CCCCCCCCCC(=O)NC(Cc1ncc[nH]1)C(=O)O;O=C(NC1CCN(C2CCCCC2)C1=O)N1CCC(C2CCOCC2)CC1;C1CCCC(OCCN2CCCCC2c2nnc(C3CCOCC3)o2)CC1;COc1ccc(CCN(C)C(=O)NC2CC(C)(C)NC(C)(C)C2)cc1OC;CCC(CC)c1cc(C(=O)NC2CCN(CC3(O)CCCCC3)CC2)on1;CCC(Sc1nc2c(c(=O)n1-c1ccc(C)cc1)SCC2)C(=O)OC;CCC(Sc1nc2c(c(=O)n1-c1ccc(C)cc1)SCC2)C(=O)OC;CCC(Sc1nc2c(c(=O)n1-c1ccc(C)cc1)SCC2)C(=O)OC;CCC(Sc1nc2c(c(=O)n1-c1ccc(C)cc1)SCC2)C(=O)OC;CCC(Sc1nc2c(c(=O)n1-c1ccc(C)cc1)SCC2)C(=O)OC;CCC(Sc1nc2c(c(=O)n1-c1ccc(C)cc1)SCC2)C(=O)OC;CCC(Sc1nc2c(c(=O)n1-c1ccc(C)cc1)SCC2)C(=O)OC;CCC(Sc1nc2c(c(=O)n1-c1ccc(C)cc1)SCC2)C(=O)OC;CCC(Sc1nc2c(c(=O)n1-c1ccc(C)cc1)SCC2)C(=O)OC;CCC(Sc1nc2c(c(=O)n1-c1ccc(C)cc1)SCC2)C(=O)OC;CCC(Sc1nc2c(c(=O)n1-c1ccc(C)cc1)SCC2)C(=O)OC;CCC(Sc1nc2c(c(=O)n1-c1ccc(C)cc1)SCC2)C(=O)OC;CCC(Sc1nc2c(c(=O)n1-c1ccc(C)cc1)SCC2)C(=O)OC;CCC(Sc1nc2c(c(=O)n1-c1ccc(C)cc1)SCC2)C(=O)OC;CCC(Sc1nc2c(c(=O)n1-c1ccc(C)cc1)SCC2)C(=O)OC;CCC(Sc1nc2c(c(=O)n1-c1ccc(C)cc1)SCC2)C(=O)OC;CCC(Sc1nc2c(c(=O)n1-c1ccc(C)cc1)SCC2)C(=O)OC;CCC(Sc1nc2c(c(=O)n1-c1ccc(C)cc1)SCC2)C(=O)OC;CCC(Sc1nc2c(c(=O)n1-c1ccc(C)cc1)SCC2)C(=O)OC
m_ecbfb5,CCN(CC(=O)O)C1CCN(S(=O)(=O)c2cccc(Cl)c2F)CC1;CN(CC(=O)O)C1CCN(S(=O)(=O)Cc2ccc(F)c(Cl)c2)CC1;CC(=O)N1CCCc2cc(S(=O)(=O)Nc3cc(Cl)ccc3C)ccc21;CC1CN(C)CC(C)N1C(=O)c1ccc(-n2cc(Br)cn2)nn1;CC(=O)N1CCCc2cc(S(=O)(=O)Nc3cccc(Cl)c3C)ccc21;O=C(O)CCC1CCCN(C(=O)c2csc(-c3ccccc3Cl)n2)C1;CCn1cnnc1C1CCCN(c2cc(Br)cnc2C(N)=O)C1;CC1Cc2ccccc2N1CC(=O)Nc1cc(S(C)(=O)=O)ccc1Cl;CCN1C(=O)CCc2cc(NS(=O)(=O)Cc3cccc(Cl)c3)ccc21;CC(NC(=O)c1cccc(N2CCCS2(=O)=O)c1)c1ccc(Cl)cc1;COc1ccc(NC(=O)C2CSCN2C(=O)c2cc(F)ccc2F)cc1;O=S(=O)(c1ccc(Cl)s1)N1CCCN(CCC2CCCO2)CC1;CN(C)CC1COC2(CCCC2)CN1S(=O)(=O)c1sccc1Cl;Cc1sc(C(=O)O)cc1CN(C)C1CCN(c2ccccc2Cl)C1=O;CN(Cc1c(F)cccc1Cl)C(=O)CNC(=O)c1ccc2c(c1)OCO2;O=C(Nc1ccc(Oc2ccccc2)cc1)c1cccc([N+](=O)[O-])c1C(=O)O;O=C(O)CNC(=O)c1ccc(NCC(O)C(O)COP(=O)(O)O)cc1;CN1C(=O)c2ccc(NC(=O)COc3ccc(C(F)(F)F)cc3)cc2C1=O;CN1C(=O)c2ccc(NC(=O)COc3cccc(C(F)(F)F)c3)cc2C1=O;CS(=O)(=O)c1ccc(Cl)c(NC(=O)CN2CCCc3ccccc32)c1;CS(=O)(=O)NC1CCN(C(=O)c2cc(-c3ccccc3)ccc2Cl)C1;O=C(c1csc(-c2cc3ccccc3o2)n1)N1CCC(F)(F)C(CO)C1;CC1(C)C(=O)Nc2ccc(S(=O)(=O)N3Cc4cc(F)c(F)cc4C3)cc21;Cc1cc(=O)[nH]c(-c2cccc(NC(=O)c3csc(-c4ccco4)n3)c2)n1;O=C(c1coc(C2CCOCC2)n1)N1CCCSc2ccc(Cl)cc21
m_0318b5,Cc1c(C(C)NC(=O)N2CCC(Oc3ccc(F)cc3F)CC2)cnn1C;Cn1cc(CC2CCN(CC(=O)NCc3ccc(OC(F)F)cc3)C2)cn1;COC1(C(=O)Nc2cccc(Nc3cnn(C)c3)c2)CCC(C(F)F)CC1;CC12CCC(=O)C=C1CCC1C2C(O)CC2(C)C1CCC2(O)C(=O)CS;O=C(Nc1ccc(F)cc1)C(c1ccccc1)N1CCC(n2cccn2)CC1;Cc1nn(C)cc1C(C)NC(=O)N1CCC(Oc2ccc(F)cc2F)CC1;COc1c(F)cc(CN2CCC(CNC(=O)c3cnn(C)c3)CC2)cc1F;CC(C)Cn1ncc(NC(=O)N2Cc3ccccc3OC(C)C2)c1C(F)F;O=C(Nc1ccc(F)cc1)C(c1ccccc1)N1CCC(c2ccn[nH]2)CC1;COCCc1cc(NC(=O)N2CCCC(c3cc(F)ccc3F)C2)n(C)n1;Cc1ccc(CC(=O)N2CCCCC2c2ncc(-c3cccc(F)c3)[nH]2)cn1;CC(NC(=O)CNC(=O)C1CCCCC1)c1nc2ccccc2n1C(F)F;Cc1cccc(CC2(O)CCN(C(=O)Nc3cnn(C)c3C(F)F)CC2)c1;Cc1cc(C)n(-c2ccc(C(=O)N3CCN(c4ccccc4F)CC3)cc2)n1;c1ccc(CCSc2nnc(CN3CCCC3)n2Cc2ccccc2)cc1;CCc1nsc(NCC2CC(=O)N(CCOC)C2c2cnn(C)c2C)n1;CC12C=CC(=O)C=C1CCC1C3CCC(O)(C(=O)CO)C3(C)CC(O)C12F;O=C1C(N2CCN(C(=O)N3CCOCC3)CC2)CCCN1CC(F)(F)F;COCCN1C(=O)CC(CNc2nc(C(C)C)ns2)C1c1cnn(C)c1;CC12C=CC(=O)C=C1C(F)CC1C2C(O)CC2(C)C1CCC2(O)C(=O)CO;CC(C)c1nnc(CNc2ccc(S(=O)(=O)N3CCCCC3)cn2)n1C;CCN(CC(=O)O)C1CCN(S(=O)(=O)c2cccc(Cl)c2F)CC1;CCN(CC(=O)O)C1CCN(S(=O)(=O)c2cccc(Cl)c2F)CC1;CCN(CC(=O)O)C1CCN(S(=O)(=O)c2cccc(Cl)c2F)CC1;CCN(CC(=O)O)C1CCN(S(=O)(=O)c2cccc(Cl)c2F)CC1
m_847112,Cc1ccc(S(=O)(=O)NCC(=O)OCC(=O)c2ccccc2Cl)cc1;COC(=O)C1=C(N)Oc2c(oc(CO)cc2=O)C1c1c(F)cccc1Cl;CC(=O)Nc1nc(C)c(S(=O)(=O)N2c3ccccc3CC2C(=O)O)s1;O=S(=O)(c1cccs1)N1CCCC1c1nc(CCC(F)(F)F)no1;CCn1c(SCC(O)=Nc2ccc(F)c(Cl)c2)nc2c(O)ncnc21;CC(=O)Nc1nc(C)c(S(=O)(=O)N2CCc3cccc(C(=O)O)c32)s1;COC(=O)C1C(=N)Oc2c(oc(CO)cc2=O)C1c1c(F)cccc1Cl;CCCN(CCOc1c(Cl)cc(Cl)cc1Cl)C(=O)N(C=N)CO;Cc1c(C(C)NC(=O)N2CCC(Oc3ccc(F)cc3F)CC2)cnn1C;Cc1c(C(C)NC(=O)N2CCC(Oc3ccc(F)cc3F)CC2)cnn1C;Cc1c(C(C)NC(=O)N2CCC(Oc3ccc(F)cc3F)CC2)cnn1C;Cc1c(C(C)NC(=O)N2CCC(Oc3ccc(F)cc3F)CC2)cnn1C;Cc1c(C(C)NC(=O)N2CCC(Oc3ccc(F)cc3F)CC2)cnn1C;Cc1c(C(C)NC(=O)N2CCC(Oc3ccc(F)cc3F)CC2)cnn1C;Cc1c(C(C)NC(=O)N2CCC(Oc3ccc(F)cc3F)CC2)cnn1C;Cc1c(C(C)NC(=O)N2CCC(Oc3ccc(F)cc3F)CC2)cnn1C;Cc1c(C(C)NC(=O)N2CCC(Oc3ccc(F)cc3F)CC2)cnn1C;Cc1c(C(C)NC(=O)N2CCC(Oc3ccc(F)cc3F)CC2)cnn1C;Cc1c(C(C)NC(=O)N2CCC(Oc3ccc(F)cc3F)CC2)cnn1C;Cc1c(C(C)NC(=O)N2CCC(Oc3ccc(F)cc3F)CC2)cnn1C;Cc1c(C(C)NC(=O)N2CCC(Oc3ccc(F)cc3F)CC2)cnn1C;Cc1c(C(C)NC(=O)N2CCC(Oc3ccc(F)cc3F)CC2)cnn1C;Cc1c(C(C)NC(=O)N2CCC(Oc3ccc(F)cc3F)CC2)cnn1C;Cc1c(C(C)NC(=O)N2CCC(Oc3ccc(F)cc3F)CC2)cnn1C;Cc1c(C(C)NC(=O)N2CCC(Oc3ccc(F)cc3F)CC2)cnn1C
m_6007c7,COCCN1C(=O)CC(CNCc2cccc3[nH]ccc23)C1c1cnn(C)c1;Cc1ccc(NCc2cc(-c3cnn(C)c3C)no2)cc1C(=O)N(C)C(C)C;COc1ccc(CCN(CC(C)(C)C)C(=O)c2cnc3c(c2)nnn3C)cc1;COCCN1C(=O)CC(CNCc2cccc3cc[nH]c23)C1c1cnn(C)c1;O=C(CN1CCN(C(=O)CCc2cnn(-c3ccccc3)c2)CC1)NC1CC1;O=C(NC1CCCCC1)c1cn(CC2CC(=O)N(Cc3ccccc3)C2)nn1;CCOc1cc(C)nc(N2CCN(CCCc3nc4ccccc4o3)CC2)n1;CN(C)C(=O)CN1CCN(c2ccnc(C(=O)NCc3ccccc3)c2)CC1;O=C1CCCN1c1cccc(CNc2cc(N3CCCC(CO)C3)ncn2)c1;CCOc1ccc(C2(CNc3ccc4nnc(CC)n4n3)CCOCC2)cc1;CCC1CN(c2ccccc2)CCN1C(=O)c1ccnc(N2CCOCC2)n1;CCn1ccnc1CN(C(=O)c1ccc(C(N)=O)cc1)C1CC12CCNCC2;COc1ccc(-c2nn3c(NCCN4CCOCC4)cc(C)nc3c2C)cc1;Cc1nnc(NC(=O)C2Cc3ccccc3CN2C(=O)CC(C)C)n1C1CC1;COc1ccc2c(=O)n(CC3CCN(CCn4cc(C)cn4)CC3)cnc2c1;COc1nccc(NC(=O)N2CCC3(CCN(Cc4ccccc4)CC3)C2)n1;O=C(NCC1CCN(c2ccncc2)CC1)N1CCC(Oc2cccnc2)C1;Nc1nc(O)cc(C2CCN(C(=O)C3CCN(Cc4ccccc4)CC3)C2)n1;O=C(c1cccc(-n2cncn2)c1)N1CCC(C(=O)N2CCCCCC2)CC1;O=C(O)c1cccc(N2CCCC(CN3CCN(c4ccccn4)CC3)C2)n1;Cc1nnc2n1CCN(C(=O)C1Cc3ccccc3CN1C(=O)CC(C)C)C2;CN1CCN(c2ncccc2CNC(=O)NC2c3ccccc3CC2O)CC1;O=C(NCc1cccc(-n2ccnc2)c1)N1CCCC(N2CCCC2=O)CC1;CCN(C(=O)c1cc(-c2c(C)nn(C)c2C)n[nH]1)C(C)c1cccc(OC)c1;O=C(c1ccc(OCC2CC2)nc1)N1CCC(c2nnc3n2CCCC3)CC1
m_6f45e5,O=C(NCC1CCCN1Cc1ccccc1)Nc1ncn(C2CCCCC2)n1;Cn1nccc1C1CN(C(=O)CCN2CCN(c3ccccc3)CC2)CC1N;O=C(Nc1ncn(C2CCCCC2)n1)NC(CN1CCCC1)c1ccccc1;CC(C)N1CCN(CC#CCOC2CCN(c3nccnc3C#N)CC2)CC1;Cc1cc(C)n(-c2ccc(CNC(=O)NC3CCN(CC4CC4)CC3)cn2)n1;Cc1cc(-n2cncn2)ccc1C(=O)NC1CCN(C2CCN(C)CC2)CC1;CC(C)N1CCCC(CNC(=O)N2CCn3c(nnc3-c3ccccc3)C2)C1;Cc1ccc(CN(C)C(=O)c2nc(C)c(C)c(N3CCC(N(C)C)C3)n2)nc1;CCCN1CCC(CNC(=O)N2CCn3c(nnc3-c3ccccc3)C2)CC1;CCN(Cc1cccnc1)C(=O)c1nc(C)c(C)c(N2CCC(N(C)C)C2)n1;CN1CCN(C(=O)NCCc2nnc3n2CCCCC3)C(c2ccccc2)C1;O=C(NC1CCN(CCc2ccccc2)CC1)N1CCCC(n2cncn2)C1;CN(C)CC1(CNC(=O)N2CCn3c(nnc3-c3ccccc3)C2)CCCC1;CC1CCCc2cc(C(=O)Nc3ccc(N4CCC(N(C)C)CC4)cn3)nn21;CC1(C)Cc2c(cnn2-c2ccncc2)CN(C(=O)NC2CCCCNC2)C1;Cc1ccc(Nc2cccc(C(=O)NCC(C)CN3CCN(C)CC3)c2)nn1;CC(C=O)=CC=CC=C(C)C=CC=C(C)C=CC(=O)C1(C)CC(O)CC1(C)C;CCCCCCC(=O)OC1CCC2C3CCC4=CC(=O)CCC4=C3C=CC12C;COCCN1C(=O)CC(CNCc2cccc3[nH]ccc23)C1c1cnn(C)c1;COCCN1C(=O)CC(CNCc2cccc3[nH]ccc23)C1c1cnn(C)c1;COCCN1C(=O)CC(CNCc2cccc3[nH]ccc23)C1c1cnn(C)c1;COCCN1C(=O)CC(CNCc2cccc3[nH]ccc23)C1c1cnn(C)c1;COCCN1C(=O)CC(CNCc2cccc3[nH]ccc23)C1c1cnn(C)c1;COCCN1C(=O)CC(CNCc2cccc3[nH]ccc23)C1c1cnn(C)c1;COCCN1C(=O)CC(CNCc2cccc3[nH]ccc23)C1c1cnn(C)c1
m_9e99f7,Cn1cc(S(=O)(=O)NCC(=O)NC2CCN(CC3CCCC3)CC2)cn1;CC(C)N1CCCN(C(=O)C2c3cnn(C)c3CCN2S(C)(=O)=O)CC1;CN(C)CC1CC(O)CN1c1cc(NCC2CCS(=O)(=O)CC2)ncn1;CC(CC(=O)NCc1ccc(Cn2cnc3ccccc32)cc1)c1ccccc1;CC(=NN1C(=O)CN(Cc2ccccc2)C1c1ccc(C)cc1)c1ccccc1;CCCn1cc(NC(=O)N2CCCC(S(=O)(=O)NC3CCCC3)C2)cn1;CCn1nccc1N1CCCC(NS(=O)(=O)N2CC(C)CC(C)C2)C1=O;OC(CNCCc1c[nH]c2ccccc12)Cn1c2ccccc2c2ccccc21;Cc1c(C)n2c3c(=O)n(CCC(C)C)c(=O)n(C)c3nc2n1Cc1ccco1;O=C(Cn1nc2n(c1=O)CCCCC2)NCC(=O)N1CCc2ccccc2C1;C=C(C)CCC(=O)N1CCOCC1CNC(=O)c1ccccc1-n1ccnn1;COc1cccc(C(=O)NCC(=O)N2CCN(c3cc(C4CC4)n[nH]3)CC2)c1;CC1(C)NC(=O)N(CCCC(=O)NCCc2cnn(-c3ccccc3)c2)C1=O;O=C1NCN(c2ccccc2)C12CCN(CCCOc1ccc(F)cc1)CC2;CCN(CC(=O)Nc1ccc(NC(C)=O)cc1)C1CCCc2ccc(F)cc21;O=C(NC1CCN(Cc2ccccc2F)CC1)NC1CCOc2ccccc21;Cc1c(F)cc(C(O)=NC2CC2)cc1-c1ccc(C(O)=NCC(C)(C)C)cn1;CN(CCN1CCOCC1)C(=O)NC1CCCc2cc(OC(F)F)ccc21;CC1CCCN(C(=O)C(Cc2cn(-c3cncc(C(=O)O)c3)nn2)C2CC2)C1;CCc1c(C(=O)N(C)Cc2nc(CCOC)no2)cnn1-c1ccccc1C;O=C(NCc1cccc(CN2CCOCC2)c1)NC1CCc2c(F)cccc21;Cc1noc(-c2ccc(C(=O)N3CCN(C(=O)N4CCCCC4)CC3)cc2)n1;COCCN1C(=O)CC(CNc2nc3ccccc3o2)C1c1cnn(C)c1C;CNC(=O)c1ccc(CN(C)C(=O)Nc2cccnc2N2CCOCC2)cc1;COCCN1CCN(C(=O)NC2CCCc3cc(OC(F)F)ccc32)CC1
m_47617a,CCCC[N+]12C(O)C(CC)C3CC1C1N(C)c4ccccc4C14CC2C3C4O;CCC(C)C(=O)N1CCC(C2CCCN(c3nc(C)cc(C#N)n3)CC2)CC1;CCN1CCC(CCNC(=O)Nc2nn(C(C)c3ccccc3)cc2C)CC1;CCC(C)(C)N1CCN(C(=O)NC(Cc2nccn2C)c2ccccc2)CC1;CC(C)n1nc(-c2ccccc2)cc1NC(=O)NC1CCC(CN(C)C)CC1;CN(C)c1ccc(C2CCCN2CC(=O)NC2C3CC4CC(C3)CC2C4)nn1;CCn1cnnc1C1CCCN(CC(=O)N(Cc2ccccc2)C(C)(C)C)C1;CN(C)C(CNC(=O)N1CCc2ccc(C(C)(C)C)cc2C1)c1cnn(C)c1;CC(C)c1ocnc1CN1CCN(c2nc(C(C)(C)C)nc3c2CCC3)CC1;CCCCCCCCC(C)C(OC(C)=O)C(C)C(=O)N1CCCC1C(=O)O;CCn1nc(C)c(CNCc2cccc(CN3CCCC(C(N)=O)C3)c2)c1C;CCCCC=CCCCCCCCCC(=O)NC(CCCC(=O)O)C(=O)O;CCCCCCCCCCCCCC=CC(=O)NC(CCC(=O)O)C(=O)O;CCCCCCC=CCCCCCCCC(=O)NC(CCC(=O)O)C(=O)O;CCCCCCC=CCCCCCCCCC(=O)NC(CC(=O)O)C(=O)O;CCCCCCCCc1ccc(-c2noc(CC3CCCN3C(=N)N)n2)cc1;CC(C)n1nc(-c2ccccc2)cc1NC(=O)NC1CCN(C(C)(C)C)CC1;CCCN(Cc1cn(C(C)(C)C)nn1)C1CCN(C(=O)c2ccccc2)CC1;Cc1ccccc1-n1ncc(NC(=O)NC2CCN(C(C)C)CC2)c1C(C)C;Cn1cc(S(=O)(=O)NCC(=O)NC2CCN(CC3CCCC3)CC2)cn1;Cn1cc(S(=O)(=O)NCC(=O)NC2CCN(CC3CCCC3)CC2)cn1;Cn1cc(S(=O)(=O)NCC(=O)NC2CCN(CC3CCCC3)CC2)cn1;Cn1cc(S(=O)(=O)NCC(=O)NC2CCN(CC3CCCC3)CC2)cn1;Cn1cc(S(=O)(=O)NCC(=O)NC2CCN(CC3CCCC3)CC2)cn1;Cn1cc(S(=O)(=O)NCC(=O)NC2CCN(CC3CCCC3)CC2)cn1
m_75100f,O=C(CCOCC(F)F)N1CCC(c2nccc(N3CCOCC3)n2)CC1;CC(C)CC(NC(=O)C(Cc1ccccc1)NC(=O)c1cnccn1)B(O)O;CCC(CCCCCCC(C)CCC(=O)O)c1ccc(S(=O)(=O)O)cc1;CCNC(=O)N1CCN(C(C(=O)Nc2ccc(F)cc2)c2ccccc2)CC1;COc1ccc(-c2ccnc(C3CCN(C(=O)C4(F)CCNC4)CC3)n2)cc1;COc1ccnc(N2CCN(C3CCCN(c4ccccc4F)C3=O)CC2)c1;CC(C(=O)NC1CCCC1)N1CCC(c2nc(-c3ccncc3)cs2)CC1;CC(NC(=O)NC1CCN(c2ccccc2F)C1)C(=O)NCc1ccccc1;O=C(Nc1ccccc1)NC1CCN(Cc2cnc(C3CCCC3)s2)CC1;O=C(NC1CCN(Cc2ccccc2F)CC1)c1cnc(OCC2CC2)cn1;Cc1nc(C2CCCCC2)sc1C(=O)N1CCC(Nc2ccccn2)CC1;Oc1ccc(N2CCN(Cc3c(-c4ccccc4)nc4ccccn34)CC2)cc1;CC(=O)N(Cc1cncnc1)C1CCCN(C(=O)c2ccc(F)cc2C)CC1;O=C(Nc1nccs1)C1CCCN(C2CCN(Cc3ccccc3)CC2)C1;CC(c1ccc(-n2cnc3ccccc32)cc1)N(C)C(=O)NCc1ccccc1;CCCCCCCc1c(C(=O)O)c(OC)cc2oc3cc(OC)cc(C)c3c12;O=C(Nc1ccc(N2CCOCC2)nc1)NC1(c2ccc(F)cc2)CCCC1;O=C(C1CCN(c2cnccn2)CC1)N1CCC(Oc2ccc(F)cc2)CC1;O=C(CC1CCCC1)NC1CCN(Cc2nnc(-c3ccccc3)s2)CC1;Cn1cc(CC(=O)N2CCC(c3ccc4cccnc4n3)CC2)c2ccccc21;Cc1cc(CNC(=O)C2CCC(=O)N(C3CC3)C2c2ccnn2C)ccc1F;Cn1ncc2c1CC(C(=O)N1CCCN(C(=O)c3cccc(F)c3)CC1)CC2;Cc1nc(C2CCCC2)sc1C(=O)N1CCN(C(C)c2ccccn2)CC1;Cc1ccc(CN(Cc2cc(=O)n3nc(C(C)C)sc3n2)CC(C)C)cc1;CN(C)C(CNC(=O)CCn1c(=O)n(C)c2ccccc21)c1cccc(F)c1
m_a06450,Cc1cc(C)cc(C2(C(=O)N3CCN(C(=O)CN4CCOCC4)CC3)CC2)c1;Cc1oc2ccccc2c1CCNC(=O)N1CCC(C)(N2CCOCC2)CC1;CC(C)(C)C(=O)N1CCCC(C(=O)N2CCNC(=O)CC2c2ccccc2)C1;CNC(=O)C1CCC(NC(=O)N2CC(c3ccccc3)C3COCCC32)CC1;CCc1cccc(OCCN2CCCCC2c2nnc(C3CCOCC3)o2)c1;COc1ccccc1N1CCN(CCN2C(=O)CC3(CCCC3)CC2=O)CC1;CC(C)C(CNC(=O)c1occc1COc1ccccc1)N1CCN(C)CC1;O=C(CCc1ccccc1)N1CCC(NC(=O)N2CC3(CCOCC3)C2)CC1;Cc1noc(C)c1COc1ccc(C(=O)NCC2(N(C)C)CCCCC2)cc1;O=C(CN1CCCC(CC2CCOC2)C1)Nc1cccc(C(=O)NC2CC2)c1;CCOc1ccc(-c2nc(CN3CCC(CN4CCOCC4)CC3)co2)cc1;O=C(CCc1ccccc1)N1CCC(NC(=O)N2CCC3(CCO3)CC2)CC1;Cc1ccccc1C1CCCN1C(=O)C1CC(=O)N(CCN2CCOCC2)C1;COc1ccc(C)cc1C1(CNC(=O)NC2CCCCC2C#N)CCOCC1;Cc1ccccc1C1(C(=O)NC2CC(=O)N(CCN3CCOCC3)C2)CCC1;Cc1ccc(CN2CC(C(=O)N3CCC(NC(=O)C(C)C)CC3)CC2=O)cc1;CC(=O)NC1(CNC(=O)NCCc2ccc(O)cc2)C2CC3CC(C2)CC1C3;CC(NC(=O)NC(CO)CC(O)C(C)(C)C)c1ccc(-c2ccncc2)cc1;CC(C(=O)Nc1ccc(N2CCCC2=O)cc1)N1CCC2(CCOCC2)CC1;CCOc1ccc(C2(CNC(=O)c3cn(C)nc3C(C)C)CCOCC2)cc1;COc1cc(CNC(=O)c2cnn(C3CCCCC3)c2C)ccc1OC(C)C;COc1ccccc1N1CC(C(=O)N2CCC(C)(N3CCCC3)CC2)CC1=O;CC1CC(C(=O)NCC23CCCC2N(C(=O)c2coc(CC4CC4)n2)CC3)C1;COc1ccc(C(C)(C)C(=O)NC2CCCc3cn(C(C)C)nc32)cc1OC;NC(=O)C1CCC(C(=O)N2CCC3(CCCCO3)CC2)N1Cc1ccccc1
m_d1e5ef,O=C(CC(c1ccccc1)c1ccccc1)N1CCOC(c2cccc(O)c2)C1;O=C(CC1OCCc2ccccc21)NCc1ccc(OCc2ccccc2)cc1;COc1ccc(C(=O)c2cn(CCCCCO)c3ccccc23)c2ccccc12;O=C(Nc1c[nH]nc1C1CCCN(Cc2ncccc2Cl)C1)C1CCCC1;Cc1ccc(N2CCCN(C3CCN(c4c(F)cccc4F)C3=O)CC2)nn1;COc1cc(C2=NCCN2)ccc1-n1cc(-c2cccc(C3=NCCN3)c2)nn1;OCC(c1ccc(Cl)cc1)N1CCN(c2cc(NCC3CC3)ncn2)CC1;Cn1c(CN2CCC(N3CCCCC3=O)CC2)nnc1-c1ccc(Cl)cc1;Cc1ccccc1C1CC(N(C(=O)C2CC23CCS(=O)(=O)CC3)C2CC2)C1;Cn1c(CN2CCCC(C(=O)NCC3CC3)C2)nnc1-c1ccc(Cl)cc1;CCCCCCCCCNC(Cc1ccc(OP(=O)(O)O)cc1)C(=O)O;COc1cc(C2=NCCN2)ccc1-c1cn(-c2cccc(C3=NCCN3)c2)nn1;CCCCCCCC(C)NC(Cc1ccc(OP(=O)(O)O)cc1)C(=O)O;Cc1nc(C(=O)N(C)C)nc(N2CCC(NCc3ccc(Cl)cc3)C2)c1C;O=C(c1cn(C2CCNCC2)nn1)N(Cc1ccccc1Cl)C1CCCC1;O=C(c1ccc(N2CCN(c3ncccn3)CC2)nn1)N1CCc2ccccc21;Cc1nn(-c2ccccc2)c(C)c1CCC(=O)Nc1cccc(-n2cnnn2)c1;COc1ccc(C2=NCCN2)cc1-c1cn(-c2cccc(C3=NCCN3)c2)nn1;Cc1nc(C(=O)N(C)C)nc(N2CCC(NCc3cccc(Cl)c3)C2)c1C;c1cnc2cc(-c3noc(C4CCc5nnn(C6CCCC6)c5C4)n3)ccc2n1;Cn1c(C(=O)N2CCCC2)nnc1N1CCC(C)(c2cccc(Cl)c2)CC1;COC1CC(CN)N(c2cc(NCC3(c4cccc(Cl)c4)CC3)ncn2)C1;Cn1cc(Cl)c(CNC(=O)N2CCC3(CCN(Cc4ccccc4)C3)C2)n1;Cc1nc(C(=O)N(C)C)nc(N2CCC(NCc3ccccc3Cl)C2)c1C;Cc1cc(C)cc(C2(C(=O)N3CCN(C(=O)CN4CCOCC4)CC3)CC2)c1
m_2aa8ea,CC(Cc1ccc(NC(=O)C2CCCN(C(=O)N3CCCC3)C2)cc1)C(=O)O;CON(CC1CCOCC1)C(=O)CCc1nc(-c2ccc(C(C)C)cc2)no1;C=CCc1cc(CNC(=O)N2CCCC3C(=O)N(C)CC32)cc(OC)c1OC;CC1(C)C(=O)NCCN1C(=O)C1CCCN(C(=O)CCOc2ccccc2)C1;COc1cc2c(cc1OC)CN(CC(=O)N1CC(NC(=O)C3CCC3)C1)CC2;COc1cc(-c2noc(CN3CCC(OCC4CCCO4)CC3)n2)ccc1C;CCN1CCCC1CN1CC(C(=O)NC(Cc2ccccc2)C(=O)O)CC1=O;Cc1ccc(C(CNC(=O)C2CCN(C(=O)N3CCCC3)CC2)C(=O)O)cc1;CCOc1ccc(CNC(=O)C2CCOC2c2ccnn2C(C)C)cc1OC;O=C(Cc1ccc(N2CCOC2=O)cc1)N1CCCC(CN2CCOCC2)C1;CCCOc1ccc(C(=O)N2CCOC(Cn3cc(C)cn3)C2)cc1OCC;CCOc1ccc(CN2CCC(OC)(c3nc(C4CC4)no3)CC2)cc1OC;CNC(=O)C1(COC)CCCN1C(=O)C(C(C)C)N1Cc2ccccc2C1=O;Cc1cccc(N2CC(C(=O)N3CCC(N(C)CC(=O)O)CC3)CC2=O)c1C;CC(NC(=O)C1CCCC1)C(=O)Nc1ccc(CC(=O)N2CCOCC2)cc1;COCCn1nc(C(=O)NCCOc2ccccc2C)c2c1C(C)OC(C)C2;O=C(CCc1ccc2c(c1)OCO2)N1CCN(C(=O)NC2CCCCC2)CC1;c1cncc(-c2nc3c(c(N4CCCC(c5nncn5C5CC5)C4)n2)CCC3)c1;CCC(=C(c1ccc(O)cc1)c1ccc(OCCN(C)C)cc1)c1ccccc1;CCC(=C(c1ccc(OCCN(C)C)cc1)c1cccc(O)c1)c1ccccc1;CC1CCOC(C(=O)N2CCN(S(=O)(=O)N(C)C3CCCCC3)CC2)C1;O=C(CC(c1ccccc1)c1ccccc1)N1CCOC(c2cccc(O)c2)C1;O=C(CC(c1ccccc1)c1ccccc1)N1CCOC(c2cccc(O)c2)C1;O=C(CC(c1ccccc1)c1ccccc1)N1CCOC(c2cccc(O)c2)C1;O=C(CC(c1ccccc1)c1ccccc1)N1CCOC(c2cccc(O)c2)C1
m_074e83,COc1ccccc1C(CNC(=O)N1CCC(O)CC12CC2)N1CCCCC1;COc1cccc2c1CCN(C(=O)C1CCCN(C(=O)NCC(C)C)C1)CC2;COc1ccccc1C(CNC(=O)N1CCOCC1C1CCC1)N1CCCC1;O=C(NCCN1CCc2ccccc2C1)N1CCC(OCC2CCCO2)CC1;CCCCNC(=O)c1ccccc1NC(=O)C1CCN(C(=O)C(C)(C)C)CC1;COc1ccccc1C(CNC(=O)C1(C2(O)CNC2)CCC1)N1CCCCC1;COc1cccc2c1CCN(C(=O)NC1CCN(CC3CCOC3)CC1)CC2;COc1ccc(C2(CNC(=O)N3CCN4CCCCC4C3)CCOCC2)cc1;CC(=O)NCC1CCN(CC2CCN(C(=O)OCc3ccccc3)CC2)CC1;CC1CCN(CC2CCCN(C(=O)CNC(=O)COc3ccccc3)C2)CC1;COCCC(=O)N1CCC(NC(=O)C2CCN(Cc3ccccc3)CC2)CC1;COc1cc(C2(C(=O)N3CCCC(C(=O)NCCN)C3)CCCC2)ccc1C;Cc1onc(C2CCCCC2)c1C(=O)N1CCC2CC(CC(N)=O)CCC2C1;CCCC(=O)N1CCCC1C(=O)N1CCCN(Cc2ccc(OC)cc2)CC1;O=C(NCC1(CN2CCOCC2)CCCCC1)NC1CCc2c(O)cccc21;CCCNC(=O)C1(NC(=O)C2CN(Cc3ccccc3)CCO2)CCCCC1;CC(C)C(=O)NC1CCOC2(CCN(C(=O)c3cc4c([nH]3)CCCC4)CC2)C1;Cc1ccc(NC(=O)C2COCCN2CC2CCC2)cc1C(=O)N(C)C(C)C;CC(C)C(=O)Nc1ccc(C(=O)NCCNC(=O)CCC2CCCCC2)cc1;CC(C)(CNC(=O)NC1CCN(CC2CC2)CC1)c1ccc2c(c1)OCCO2;CC1OCC(=O)N(Cc2ccccc2)C1C(=O)NC1CC(C)(C)NC(C)(C)C1;CC1CN(CCCNC(=O)C2CC(=O)N(CCc3ccccc3)C2)CC(C)O1;CC1C(N2CCOCC2)CCN1Cc1ccccc1OCC(=O)N1CCCC1;CCCN1CCC(CNC(=O)NC2(c3ccc4c(c3)OCCO4)CCCC2)C1;O=C(CN1CCOC2(CCOCC2)C1)NCc1ccc(CN2CCCC2)cc1
m_1a0749,Cc1nc(-c2cccc(NC(=O)Cc3ccc(Br)c(F)c3)c2)n[nH]1;Cc1nc(-c2cccc(NC(=O)Cc3cc(F)ccc3Br)c2)n[nH]1;Cc1n[nH]c(-c2ccc(NC(=O)Cc3cc(F)ccc3Br)cc2)n1;Cc1nc(-c2cccc(NC(=O)Cc3ccc(F)cc3Br)c2)n[nH]1;Cc1nc(-c2cccc(NC(=O)Cc3cc(Br)ccc3F)c2)n[nH]1;Cc1nc(C)n(-c2ccc(C(=O)Nc3ccc(Br)cc3F)cc2)n1;COc1cccc(C(C)(C)c2oc3cc(Br)ccc3c2C(=O)O)c1;O=S(=O)(Nc1c(F)cccc1F)c1cccc(S(=O)(=O)NC2CC2)c1;Cc1nc(C)c(CCNS(=O)(=O)c2cc(C)c(Cl)c(C(=O)O)c2)s1;CN(C(=O)CC1Sc2ccc(Cl)cc2NC1=O)C1CCS(=O)(=O)C1;CC1CC(NC(=O)c2ccc(OC(F)F)cn2)c2ccsc2S1(=O)=O;O=S(=O)(Nc1cc(F)cc(F)c1)c1ccc(S(=O)(=O)NC2CC2)cc1;O=S(=O)(Nc1c(F)cccc1F)c1ccc(S(=O)(=O)NC2CC2)cc1;O=C(Nc1cnc(-c2ccc(Cl)s2)nc1)N1CC2CC2(C(F)(F)F)C1;COc1ccccc1C(CNC(=O)N1CCC(O)CC12CC2)N1CCCCC1;COc1ccccc1C(CNC(=O)N1CCC(O)CC12CC2)N1CCCCC1;COc1ccccc1C(CNC(=O)N1CCC(O)CC12CC2)N1CCCCC1;COc1ccccc1C(CNC(=O)N1CCC(O)CC12CC2)N1CCCCC1;COc1ccccc1C(CNC(=O)N1CCC(O)CC12CC2)N1CCCCC1;COc1ccccc1C(CNC(=O)N1CCC(O)CC12CC2)N1CCCCC1;COc1ccccc1C(CNC(=O)N1CCC(O)CC12CC2)N1CCCCC1;COc1ccccc1C(CNC(=O)N1CCC(O)CC12CC2)N1CCCCC1;COc1ccccc1C(CNC(=O)N1CCC(O)CC12CC2)N1CCCCC1;COc1ccccc1C(CNC(=O)N1CCC(O)CC12CC2)N1CCCCC1;COc1ccccc1C(CNC(=O)N1CCC(O)CC12CC2)N1CCCCC1
m_b8f328,O=S(=O)(NC1(c2nccs2)CCCC1)c1ccc(OCC(F)F)cc1;Cc1cnc(C(NS(=O)(=O)c2ccc(OCC(F)F)cc2)C2CC2)s1;COc1ccc(C(=O)OCc2ncc(-c3ccccc3)o2)cc1S(N)(=O)=O;COc1ccc(S(N)(=O)=O)cc1C(=O)OCc1ncc(-c2ccccc2)o1;N#Cc1ccc(N2CC3CCN(S(=O)(=O)c4ccccc4Cl)C3C2)nc1;CN(Cc1cnn(-c2ccccc2)n1)C1CS(=O)(=O)c2ccc(Cl)cc21;Cn1nccc1C1OCCC1C(=O)Nc1nc(-c2ccc(Cl)cc2)cs1;CCS(=O)(=O)c1ccccc1C(=O)Nc1ccc(OCC(F)(F)F)nc1;Cn1nccc1C1OCCC1C(=O)Nc1ncc(-c2ccc(Cl)cc2)s1;COc1cc(NC(=O)C2CCCN2c2ncnc3sccc23)ccc1Cl;CC(=O)Nc1ccc(NC(=O)CN(C)c2nc3c(Cl)cccc3s2)cc1;O=C(c1cccs1)N1CCN(Cc2nnc(-c3ccccc3Cl)o2)CC1;Cc1cc(NC(=O)c2cccc(F)c2)sc1C(=O)NCCc1cccs1;COc1ccc(NC(=O)C2CCCN2c2ncnc3sccc23)c(Cl)c1;Cc1c(C(=O)Nc2ccc(Cl)c(C[S+](C)[O-])c2)cnn1-c1ccccn1;O=C(O)C1CN(C(=O)CCc2nc3cc(C(F)(F)F)ccc3s2)CCO1;CS(=O)(=O)c1ccc(CNC(=O)c2cccc(OCC(F)(F)F)n2)cc1;O=C(O)c1ccc(Cl)c(CN2CCN(c3ncnc4sccc34)CC2)c1;CCS(=O)(=O)NCc1cncc(-c2c(C#N)c3ccc(Cl)cc3n2C)c1;CC(=O)ONc1cc([N+](=O)[O-])ccc1OC1OC(C(=O)O)C(O)C(O)C1O;COc1ccc2c(c1)N(S(=O)(=O)c1ccc(C(F)(F)F)nc1)CC(C)O2;O=S(=O)(NC1CCOc2ccccc21)c1ccc(OCC(F)(F)F)nc1;O=C(NCCc1nc(-c2ccc3c(c2)OCO3)n[nH]1)c1ccc(F)c(Cl)c1;COC(=O)C(O)CNC(=O)Cc1csc(-c2cccc(C(F)(F)F)c2)n1;Cc1ccc(Cl)cc1S(=O)(=O)N1CC(n2cc(-c3ccccc3)nn2)C1
m_fb6996,O=C(Nc1ccc(-c2nc(C3CC3)n[nH]2)cc1)C1CCN(c2cnccn2)CC1;O=C1CNCc2cccc(c2)Nc2ncnc(n2)-c2cccc(c2)NCCCN1;CC(C(=O)Nc1ncccn1)N1CCN(c2ccnc(-c3ccccc3)n2)CC1;CCc1nc(C#N)c(N2CCN(c3cc(Nc4ccc(C)cc4)ncn3)CC2)o1;Cc1ccc(N2CCCC(Nc3ccc(C(=O)Nc4ccccc4)nn3)C2)nn1;O=C(NCCC1CN(c2ncnc3[nH]ncc23)c2ccccc21)C1C2CNC1C2;COCCN1CCC(N2CCCN(C(=O)c3ccc4c(c3)OCO4)CC2)C1=O;O=C1NCCC1C(=O)NCC1(O)CCN(C(=O)c2occ3c2CCCC3)CC1;CCOC(=O)N1CCC(NC(=O)C2CC(=O)N(c3ccccc3OC)C2)CC1;CCN(CC)C(=O)CN1CCCN(C(=O)c2cc(C)oc2C(F)(F)F)CC1;NC(=O)NC(=O)C1CCC(NC(=O)c2cccc(OCC3CCCO3)c2)CC1;CCc1nn(C)c(CC)c1CNc1ncc(C(=O)N2CCCCC2)cc1Cl;CCOC(=O)C1C(=NC(=O)Cc2ccccc2)c2ccccc2CC12CCCC2;Cc1c(C(=O)N(C)C(c2ccccc2Cl)C(C)C)nnn1C1CCNCC1;CCOC(=O)c1ccc2c(c1)N(CC(=O)NC1CCN(C(C)=O)CC1)CCO2;COc1cccc(NC(=O)N2C3CCC2CC2(C3)CN(C)C(=O)CO2)c1OC;CN(CC(=O)O)CC1CN(C(=O)C2CC(=O)N(Cc3ccccc3)C2)CCO1;Cc1nc(CN2CC(C(=O)N3CCOCC3(C)C)C(C(F)(F)F)C2)oc1C;CCn1nccc1C1OCCCC1CN1CCC(c2ncc(Cl)cn2)CC1;CCn1c(-c2ccccc2Cl)nnc1N1CCCC(CN2CCOCC2)C1;CCOC(=O)C1=C(NC(=O)Cc2ccccc2)c2ccccc2CC12CCCC2;Cc1nn(CC(F)(F)F)c(C)c1C1COCCN1C(=O)CCOCC1CC1;COc1ccc(CN(C)C(=O)CC(c2ccccc2)c2ccccc2)cc1OC;Cc1nn(C)c(C)c1CC(C)NC(=O)C1CCN(c2ccc(Cl)cn2)CC1;O=C(CCc1nc(-c2ccco2)no1)N1CCC(OCC2CCCCO2)CC1
m_d74296,Cc1c(C(C)NC(=O)COc2cccc(NC(=O)C3CC3)c2)oc2ccccc12;CCOC(=O)c1nn(-c2ccccc2C)c(=O)cc1OCc1cc(C)ccc1C;CCC(=O)N1CCC(NC(=O)c2oc3ccccc3c2COc2ccccc2)C1;O=C(COc1ccc2ccc(=O)oc2c1)N1CCCN(Cc2ccccc2)CC1;Cc1c(C(C)NC(=O)COc2ccc(N3CCCC3=O)cc2)oc2ccccc12;CCC(NC(=O)COc1cccc(NC(=O)c2ccco2)c1)c1ccc(C)cc1;Cc1c(C(C)NC(=O)COc2cccc(N3CCCC3=O)c2)oc2ccccc12;CN(C(=O)COc1cccc(NC(=O)c2ccco2)c1)C(C)(C)c1ccccc1;CC(c1ccccc1)N1CCN(C(=O)COc2ccc3ccc(=O)oc3c2)CC1;Cc1cccc2c1OCCC2NC(=O)c1ccccc1OCc1c(C)noc1C;CC(=O)N1CCc2ccccc2C1CC(=O)N1CCc2c(cccc2C(=O)O)C1;Cc1noc(C)c1COc1ccccc1C(=O)NC1CCCOc2ccccc21;CC(=O)N1C=Cc2ccccc2C1CC(=O)NC(CCC(=O)O)c1ccccc1;COc1ccc2cc(CN(C)C(=O)CNC(=O)COc3ccccc3)ccc2c1;CC(=O)N1CCc2ccccc2C1CC(=O)N1CCc2cccc(C(=O)O)c2C1;COc1ccc(C(C(=O)NCc2ccccc2)N(Cc2ccco2)C(C)=O)cc1;CCC(=O)N1CCc2cc(C(=O)N3CC(C(=O)O)C(c4ccccc4)C3)ccc21;N#Cc1ccccc1OCC(=O)NCC1(c2ccc3c(c2)OCCO3)CCCC1;Cc1ccc(C(=O)Nc2cc(C(C)(C)C)ccc2O)cc1NC(=O)c1ccco1;COC(=O)C(NC(=O)CC(C)c1c[nH]c2ccccc12)c1ccc2c(c1)CCO2;O=C1CCc2cc(C(=O)N(Cc3ccc4c(c3)OCO4)C3CCCC3)ccc2N1;CCS(=O)(=O)c1ccc(C(=O)NC2CCN(C(=O)C3CCCCC3)C2)cc1;CC1OC2(CC3CCC(C2)N3S(=O)(=O)CCc2ccccc2)CN(C)C1=O;O=C(C1CCC(C(=O)N2CCOc3ccccc32)C1)N1CCOc2ccccc21;Cc1noc(C)c1COc1ccc(CC(=O)NC2CCOc3ccccc32)cc1
m_64306c,CCOc1ccc(S(=O)(=O)NC2CCCN(c3ccnn3CC)C2=O)cn1;CC1NC(C(=O)NCCN2CCS(=O)(=O)CC2)=NN(c2ccccc2)C1=O;CCOc1ccc(S(=O)(=O)NC2CCCN(c3cc(C)nn3C)C2=O)cn1;O=C(NCC#Cc1ccccc1)c1nn(Cc2ccccc2)c(=O)c2ccccc12;CCOC(=O)NC1CCCN(C(=O)C2CC(=O)N(c3ccc(Cl)cc3)C2)C1;Cc1c(C(=O)N2c3ccccc3CC2C)sc2nc3n(c(=O)c12)CCCCC3;O=C(NC1CCN(C(=O)c2ccc(-c3ccc(F)cc3)o2)CC1)c1cccnc1;O=C(Cn1c(=O)cc(C(=O)N2CCCC2)c2ccccc21)Nc1ccc(F)cc1;Cc1cccc(NC2=NC(=S)N(c3cccc(C(=O)O)c3)C23CCCCC3)c1;O=C(c1cc(=O)n(CC(O)=Nc2ccccc2F)c2ccccc12)N1CCCC1;COC(=O)C1Cc2ccccc2CN1C(=O)c1cc(C)n(-c2cccc(F)c2)n1;O=C(c1ccc(-n2cccn2)c(F)c1)N1CCC(C(=O)O)(c2ccccc2)CC1;CC(C)(C(=O)N1CCN(c2nnc(C(F)(F)F)s2)CC1)N1CCOCC1;O=C(CSc1nc2ccccc2c(=O)n1-c1ccccc1)NC1CCCCC1;CCCc1cc(O)nc(SCc2ccc(C(=O)Nc3cccc(C)c3)cc2)n1;FC(F)(F)c1ccc2c(c1)N(CCCN1CCNCC1)c1ccccc1S2;O=C(NCCc1nc2c(s1)CCCC2)c1ccc(OCc2ccccn2)cc1;CC(C)C(NC(=O)Cn1cnc2c(oc3ccccc32)c1=O)c1ccc(F)cc1;Cc1ccccc1C1CC(N(C(=O)c2cnc3scc(C)n3c2=O)C2CC2)C1;CN(Cc1ccccc1N(C)C)C(=O)c1cnc(-c2ccc3c(c2)CCO3)s1;O=C1N=C(N2CCN(CCO)CC2)SC1=Cc1ccc(-c2ccccc2)cc1;Cn1nccc1-c1ccc(Sc2cccc(C3(C(N)=O)CCOCC3)c2)cc1;O=C(Nc1ccc(OCc2noc(C3CC3)n2)cc1)C1(c2ccc(F)cc2)CC1;Cc1ccc(-c2ncco2)cc1NC(=O)C(c1ccccc1)N1CCSCC1;CCc1ccc(C2CN(C(=O)Cc3csc(-c4cccnc4)n3)CCO2)cc1
m_eff2fa,COc1ccccc1Oc1ccc(CNC2CC(Cn3ccnc3)CC2O)cc1;O=C(CCc1nc2ccccc2n1-c1ccccc1)NCC1(CO)CCOCC1;Cc1ccc(N2CCC(Nc3cccc(C(=O)N4CCOCC4)c3C)C2=O)cc1;COc1ccccc1N1CC(C(=O)N2CCCN(c3ccccc3)CC2)CC1=O;CN1C(=O)CCc2cc(C(=O)Nc3ncccc3OCC3CCCCC3)ccc21;CCc1ccccc1N1CC(C(=O)Nc2ccc(CC(=O)N(C)C)cc2)CC1=O;CCN(CC)CCN=C(O)c1c(O)c2ccccc2n(Cc2ccccc2)c1=O;Cc1ccc2nc(COc3cccc(C(=O)N4CCCC4C(C)(C)O)c3)cn2c1;CCC(=O)N1CCc2c(C(=O)N3CCN(c4ccccc4OC)CC3)cccc21;COc1ccccc1C(NC(=O)N1CCC2(CC1)CNC(=O)C2)c1ccccc1;COc1ccccc1N1CCN(CCCCN2C(=O)c3ccccc3C2=O)CC1;CC(=O)c1ccc(N2CCN(C(=O)c3ccnc(OC4CCCC4)c3)CC2)cc1;CCC1CN(CC(=O)NCc2cccc(C(=O)NC3CC3)c2)c2ccccc2O1;CCC(C)NC(=O)c1cccc(CNC(=O)C2CC(=O)N(c3ccccc3)C2)c1;COc1ccc2c(c1)CC(CN1CCC3(CC1)C(=O)NCN3c1ccccc1)O2;CN(C)C(=O)c1cccc(NC(=O)CN2CCOC3(CCc4ccccc43)C2)c1;COc1ccc(C2(C(=O)N3CCc4nn(C)c(=O)cc4C3)CC3(CCC3)C2)cc1;Cc1ccc(C(=O)N2CCOCC2)cc1NCC(=O)N1CCCc2ccccc21;CC1(C)CN(CC(=O)NCc2cccc(C(=O)NC3CC3)c2)c2ccccc2O1;O=C(CCC(=O)N1CC2CC(C1)c1cccc(=O)n1C2)NCCc1ccccc1;CCC(C)NC(=O)c1cccc(CNC(=O)c2ccc3c(c2)NC(=O)C3(C)C)c1;COc1ccc(CN2CCN(C(=O)c3ccccc3N3CCCC3=O)CC2)cc1;CC(NC(=O)CCC(=O)N1CC2CC(C1)c1cccc(=O)n1C2)c1ccccc1;CCn1c(CN2CCC(c3cccc(OC)c3)CC2)nc2cc(C(=O)O)ccc21;Cc1c(NCC(=O)N2c3ccccc3CC2C)cccc1C(=O)N1CCOCC1
m_f866a0,CON=C(C(=O)O)c1ccccc1CON=C(C)c1cccc(C(F)(F)F)c1;O=C(c1ccc(CN2C(=O)CCC2=O)cc1)N(Cc1ccco1)CC(F)(F)F;COc1ccc(N2CC(CNC(=O)c3cccc(C(F)(F)F)c3)OC2=O)cc1;COC(=O)N1CCc2ccc(F)cc2C1C(=O)Nc1cccc(OC(F)F)c1;Cn1nc2c(c1NC(=O)C1CCN(S(=O)(=O)c3cccs3)CC1)CCC2;O=C(NCc1cc2c(cc1OC(F)F)OCO2)NC1CC1c1cccc(F)c1;Cc1cc(N2CCCS2(=O)=O)ccc1C(=O)Nc1nnc(C(C)(C)C)s1;O=C(NCc1cc2c(cc1OC(F)F)OCO2)NC1CCc2cc(F)ccc21;Cc1cc(C)cc(NC(=O)c2cn(C)nc2S(=O)(=O)N2CCSCC2)c1;Cc1cnc(NC(=O)c2cc(S(=O)(=O)N(C)C)ccc2N2CCCC2)s1;Cn1cc(C(=O)NCCc2ccccc2)c(S(=O)(=O)N2CCSCC2)n1;CS(=O)(=O)N1CCc2c(ncn(Cc3csc(C4CCCC4)n3)c2=O)C1;COc1ccc(Cl)cc1NCC1C(c2ccc(S(N)(=O)=O)cc2)C1(C)C;COC(=O)C12CCC(=O)N1c1ccccc1C(=O)N2c1ccc2c(c1)OCCO2;COc1ccccc1S(=O)(=O)NC1CCN(Cc2ccc(Cl)cc2)CC1;CCN(C)CC1CCN(S(=O)(=O)c2ccc(C(=O)O)c(C(F)(F)F)c2)C1;NS(=O)(=O)c1cc(C(=O)N2CCCCC2Cc2ccc(F)cc2)ccc1F;CN(C(=O)COc1ccc(F)cc1)C(c1cccs1)c1c[nH]c2ccccc12;CC1CCC(C(O)C(F)(F)F)N1c1ccc2[nH]c(=O)cc(C(F)(F)F)c2c1;O=C(O)C1CCN(S(=O)(=O)N(CCC(F)(F)F)Cc2ccccc2)CC1;O=S(=O)(NC(C1CCCO1)C1(CO)CCC1)c1cccnc1C(F)(F)F;CC(C)C(C(=O)Nc1ccc(S(=O)(=O)N(C)C)cc1)c1ccc(Cl)cc1;O=C(Nc1cc(NS(=O)(=O)c2cccc(F)c2)ccc1F)C1CCCCC1;O=S(=O)(Cc1cccc(Cl)c1)NCC(c1ccccc1)N1CCOCC1;O=C(c1csc(C2CCCO2)n1)N1CCC(Oc2ccc(F)cc2F)CC1
m_3ce578,COC1CC(CNC(=O)COc2ccc(F)cc2Cl)N(c2ccncn2)C1;Cn1cc(N2CCC(NC(=O)c3cc(F)cc(Cl)c3)CC2)c(=O)n(C)c1=O;O=C1CN(C(=O)NC2CCN(c3ccc(F)c(Cl)c3)C2=O)CN1CC1CC1;O=C(NC1CC(=O)N(C2CC2)C1)NC1CCN(c2ccc(F)c(Cl)c2)C1=O;Cn1cc(CN(C(=O)c2ccc(F)cc2Cl)C2CCNC2)c(=O)n(C)c1=O;Cc1cc(S(N)(=O)=O)ccc1CNc1ccc2nnc(-c3ccccc3)n2n1;CCc1nnc(NC(=O)COc2ccc(C)cc2-n2nc3ccccc3n2)s1;Cc1cc(NC(=O)c2cc(N3CCCC3=O)ccc2Cl)n(-c2ccccc2)n1;CC(NC(=O)c1ccn(-c2cccc(Cl)c2)n1)c1ccc2c(c1)CCC(=O)N2;Cc1cc2c(cc1Cl)N(C(=O)Nc1ccc(Oc3cccnc3C)nc1)CC2;COc1cc(S(=O)(=O)N2CCN(C(=O)c3ccco3)CC2)c(OC)cc1C;O=c1[nH]c(CN2CCC(c3nc4ccccc4o3)CC2)nc2ccc(Cl)cc12;COc1ccc(-c2nnc(SCc3c[nH]nn3)n2-c2ccc(OC)cc2)cc1;Cc1c(C(=O)Nc2ccc(C(=O)NC3CC3)cc2)cnn1-c1ccccc1Cl;CN(C)c1cccc(-c2c3c(=O)n(-c4ccccc4Cl)[nH]c3cc(=O)n2C)c1;Cc1cc(C(=O)Nc2ccc3c(c2)C(=O)N(C)CC3)nn1-c1cccc(Cl)c1;Cc1cn(-c2ccccc2Cl)nc1C(=O)Nc1ccc2c(c1)CCCC(=O)N2;Cc1cn(-c2ccccc2Cl)nc1C(=O)Nc1ccc2c(c1)CCC(=O)N2C;CCN(CC(=O)O)C1CCN(S(=O)(=O)c2ccccc2C(F)(F)F)CC1;O=C(Nc1ccc(N2CCN(c3ccccc3)C2=O)nc1)c1cc(F)cc(F)c1;CC(C)(C)C(NS(=O)(=O)Cc1ccc(F)cc1)c1nc(-c2nnc[nH]2)no1;CC(C)CC(NS(=O)(=O)Cc1ccccc1F)c1nc(-c2nnc[nH]2)no1;COC1CNCCC1C(=O)NCc1cc(C(F)(F)F)cc(S(C)(=O)=O)c1;CC(C)(C)c1ccc(S(=O)(=O)N2CCN(c3ncncc3Cl)CC2)cc1;Cc1c(C(=O)Nc2cccc3ccccc23)nnn1-c1ccc(OC(F)F)cc1
m_c30e40,CC1(C)Cc2cc(S(=O)(=O)N3CCCCC3C3CC(N)CCO3)ccc2O1;CC(NC1CCOC2(CCOCC2)C1)c1cccc(N2CCCS2(=O)=O)c1;COCc1cccc(CC(=O)N2CCCC(S(=O)(=O)NC3CCCC3)C2)c1;CCCCC(NS(=O)(=O)c1ccc(C(=O)N2CCOCC2)cc1)C1CCC1;CC1CN(C(=O)c2ccc(S(=O)(=O)N(C)C3CCCCC3)cc2)CCCO1;COC1(CC(=O)Nc2cccc(S(=O)(=O)N(C)C3CCCCC3)c2)CCC1;CCC(C)(CO)C(=O)N1CCOC2(CCS(=O)(=Nc3ccccc3)CC2)C1;CCOC1CC2(CCN(C(=O)c3cc(C)c(C)c(S(=O)(=O)N(C)C)c3)C2)C1;Cc1ccc(OC2CCN(C(=O)NCC3(CS(C)(=O)=O)CC3)CC2)cc1C;CC1(C)CN(C(=O)NC(CS(C)(=O)=O)c2ccccc2)CC2(CCCC2)O1;CCNS(=O)(=O)c1ccc(CC(=O)N2CCC(C3CCCOC3)CC2)cc1;CCC1(CO)CCCN(C(=O)CCc2ccc(S(=O)(=O)NC3CC3)cc2)C1;O=C(NCCc1ccccc1F)C1CCN(c2cncc(-n3cccn3)n2)CC1;O=C(CCCc1c[nH]nn1)N1CCC(c2nccc(-c3ccc(F)cc3)n2)CC1;O=C(CCc1ccc(S(=O)(=O)NC2CC2)cc1)NCC1(CO)CCCCC1;Cc1cc(C)n(-c2cc(N3CC(C(=O)NCCc4ccc(F)cc4)C3)ncn2)n1;Cc1nnc2n1CC(NC(=O)c1nn(-c3cccc(F)c3)c3c1CCCC3)CC2;Cn1ccc(C(NC(=O)N2CCC(c3ccncn3)CC2)c2ccc(F)cc2)n1;Cc1nc(C(N)=O)nc(N2CCC(NCc3cnc4c(F)cccc4c3)C2)c1C;COc1cc(C=CC(=O)NCCn2c(C)cc3ccccc32)cc(OC)c1OC;CCN(CC)S(=O)(=O)c1ccc(C)c(C(=O)N2CCC3(CCCOC3)C2)c1;COCC1(O)CCOCC1NC(=O)c1cn(Cc2ccccc2)c2ccccc12;COc1cc2c(cc1OC)C13CCN4CC5=CCOC6CC(=O)N2C1C6C5CC43;CC(C)C(NC(=O)CCn1ccc2ccc(OCc3ccccc3)cc21)C(=O)O;CC(C)C(NC(=O)CCn1ccc2cc(OCc3ccccc3)ccc21)C(=O)O
m_c1b10a,COc1ccc(C(Cc2ccccc2)NC(=O)N2CCC(O)(C3CC3)CC2)cc1;CC(C)N(C)C(=O)c1ccc(CNC(=O)C2(c3ccccc3)CCOCC2)cc1;CC1CN(Cc2ccccc2CNC(=O)C2COc3ccccc3C2)CC(C)O1;O=C(NCc1ccc(COC2CCOCC2)cc1)NCc1ccc(C2CC2)cc1;O=C(C=Cc1ccccc1)OC1CCN2CC3CC(CN4C(=O)CCCC34)C2C1;Cc1cc(C)cc(C(=O)N(NC(=O)c2ccc3c(c2C)CCCO3)C(C)(C)C)c1;CCOC(=O)C(Cc1c[nH]c2ccccc12)N=C(O)C12CC3CC(CC(C3)C1)C2;COc1cc(C2(C(=O)N3CCC(OCc4ccncc4)C3)CCCC2)ccc1C;CCCCC(=O)NC1CCN(C(=O)C(Oc2ccccc2)c2ccccc2)CC1;CC(=O)N1CCC(NC(=O)C(Oc2cccc(C(C)C)c2)c2ccccc2)CC1;COc1ccc(C2(CNC(C)C(=O)N3CCc4ccccc43)CCOCC2)cc1;CC=CC(=O)N(CCCC)C(C(=O)NCc1ccccc1)c1ccc(OC)cc1;COc1ccc(C2(CNC(=O)C(C)N3CCc4ccccc43)CCOCC2)cc1;CC(C(=O)Nc1ccccc1Oc1ccccc1)N1CCC2(CCOCC2)CC1;CCOc1ccc(C(CNC(=O)CC(C)C)c2c[nH]c3ccccc23)cc1OC;O=C(CN1CCOC2(CCOCC2)C1)NC(Cc1ccccc1)c1ccccc1;COc1cc(CNC2CCCc3ccccc32)ccc1OCC(=O)N1CCCC1;CC(C)CC(=O)N1CCC(NC(=O)C(Oc2ccccc2)c2ccccc2)CC1;CCC(=O)N(c1ccccc1)C1CCN(C(C)Cc2ccc3c(c2)OCO3)CC1;CN(C)CCN1CCC(CNC(=O)c2nc(N3CCCC3)ncc2Cl)CC1;O=C(NCC12CC3CC(CC(C3)C1)C2)N1CCC2(CC1)CCS(=O)(=O)CC2;CCOC(C(=O)N1CCC(NC(=O)CCc2ccccc2)CC1)c1ccccc1;CCCCCCC=CC=CC=CC(=O)NC(Cc1c[nH]c2ccccc12)C(=O)O;CCOc1cc(CN2CC(CCN3CCCC3=O)c3ccccc32)ccc1OC;CCCCCCC(=Cc1ccccc1)CNc1ccc(C(=O)NCC(=O)O)cc1
m_cfb3df,COC1CC(C(=O)N2CCCC2)N(S(=O)(=O)Cc2cc(C#N)ccc2F)C1;Cc1oc(C2CCN(S(=O)(=O)c3ccccc3F)CC2)nc1C(=O)N(C)C;Cc1cc(C(=O)N2CCc3ccc(S(=O)(=O)N(C)C)cc32)c2ccccc2n1;COC(=O)c1ccccc1NC(=O)CSc1nc2c(cc1C#N)CCCCC2;CCN(C1CCN(c2ccccc2)C1=O)S(=O)(=O)c1cccc2cnccc12;CCC(C)(NC(=O)c1ccccc1)c1nc(-c2ccc(O)c(C(N)=O)c2)cs1;COc1ccccc1-n1ccnc(SCC(=O)Nc2cc(C)ccc2C)c1=O;O=C(Nc1ccc(OCC2CCOCC2)cc1)c1cnc(-c2ccncc2)s1;O=C(Nc1ccc(OC2CCCCC2O)cc1)c1cnc(-c2ccncc2)s1;CCCC(NC(=O)c1ccccc1)c1nc(-c2ccc(O)c(C(N)=O)c2)cs1;CN(C)S(=O)(=O)c1ccc2c(c1)N(C(=O)c1ccnc3ccccc13)CCC2;O=C1NCCCn2cc(S(=O)(=O)N(Cc3ccccc3)c3ccccc3)cc21;Cc1nc(C(=O)NC(CO)Cc2ccccc2)nn1-c1n[nH]c(C(F)(F)F)n1;COc1cc(OC)cc(C2CCN(C(=O)c3cnc(-c4ccccn4)s3)C2)c1;CS(=O)(=O)c1ccc(C(=O)Nc2ccc(-c3cn4c(n3)CCCC4)cc2)cc1;CCOC(=O)C1CCc2sc(NC(=O)C(c3ccccc3)n3cccc3)nc21;Cc1cccc(N2CCC(N(C)S(=O)(=O)c3cccc4cnccc34)C2=O)c1;COc1ccc(-c2nc(CN3c4ccccc4CC3C(N)=O)cs2)c(OC)c1;Cc1cccc(-n2ccnc2SCC(=O)Nc2ccc3c(c2)OCCO3)c1C;COc1cc2c(cc1OC)C(c1ccccc1)N(C(=O)Nc1nccs1)CC2;COc1cccc2cc(C(=O)NCC(c3ccsc3)n3nc(C)cc3C)oc12;COc1cccc2cc(C(=O)NCCn3nc(C)c(-c4ccsc4)c3C)oc12;ON=C(O)CCCCSc1nc(O)cc(-c2ccc(-c3ccccc3)cc2)n1;CCN(C1CCN(C(=O)c2c[nH]cc2-c2ccc(C)s2)CC1)S(C)(=O)=O;CCOc1ccc(C(=O)N2CSCC2C(=O)Nc2ccc3[nH]ccc3c2)cc1
m_76ffc5,Cn1nc(-c2ccc(NC(=O)Cc3ccc(Br)cc3)cc2)ccc1=O;O=C(Cc1ccc(Br)cc1)Nc1cccc(-c2noc(C3CC3)n2)c1;Cn1c(C(=O)Nc2ccccc2C(N)=O)ccc1-c1ccccc1Br;COc1ccc2c(c1)CCN2C(=O)c1ccn(-c2cccc(Br)c2)n1;CSCCC(NC(=O)c1ccc(Cl)cc1Cl)C(=O)Nc1cccnc1;O=C(CCCCC1SCC2NC(=O)NC21)Nc1ccc(Br)cc1;Cc1c(C(=O)NCC(F)(F)c2ccc(Cl)cc2)sc2ncn(C)c(=O)c12;CN1CCOC2CN(C(=O)c3csc(-c4ccc(Cl)c(Cl)c4)n3)CC21;COC1CC(C(=O)N2CCCC2)N(S(=O)(=O)Cc2cc(C#N)ccc2F)C1;COC1CC(C(=O)N2CCCC2)N(S(=O)(=O)Cc2cc(C#N)ccc2F)C1;COC1CC(C(=O)N2CCCC2)N(S(=O)(=O)Cc2cc(C#N)ccc2F)C1;COC1CC(C(=O)N2CCCC2)N(S(=O)(=O)Cc2cc(C#N)ccc2F)C1;COC1CC(C(=O)N2CCCC2)N(S(=O)(=O)Cc2cc(C#N)ccc2F)C1;COC1CC(C(=O)N2CCCC2)N(S(=O)(=O)Cc2cc(C#N)ccc2F)C1;COC1CC(C(=O)N2CCCC2)N(S(=O)(=O)Cc2cc(C#N)ccc2F)C1;COC1CC(C(=O)N2CCCC2)N(S(=O)(=O)Cc2cc(C#N)ccc2F)C1;COC1CC(C(=O)N2CCCC2)N(S(=O)(=O)Cc2cc(C#N)ccc2F)C1;COC1CC(C(=O)N2CCCC2)N(S(=O)(=O)Cc2cc(C#N)ccc2F)C1;COC1CC(C(=O)N2CCCC2)N(S(=O)(=O)Cc2cc(C#N)ccc2F)C1;COC1CC(C(=O)N2CCCC2)N(S(=O)(=O)Cc2cc(C#N)ccc2F)C1;COC1CC(C(=O)N2CCCC2)N(S(=O)(=O)Cc2cc(C#N)ccc2F)C1;COC1CC(C(=O)N2CCCC2)N(S(=O)(=O)Cc2cc(C#N)ccc2F)C1;COC1CC(C(=O)N2CCCC2)N(S(=O)(=O)Cc2cc(C#N)ccc2F)C1;COC1CC(C(=O)N2CCCC2)N(S(=O)(=O)Cc2cc(C#N)ccc2F)C1;COC1CC(C(=O)N2CCCC2)N(S(=O)(=O)Cc2cc(C#N)ccc2F)C1
m_acfc1e,CC=C(C)C(=O)OC1CC[N+]2([O-])CC=C(COC(=O)C(O)(C(C)C)C(C)O)C12;O=C(N1CCC(c2ccccc2)C(CO)C1)C1(c2cccc(F)c2)CCOCC1;O=C(C1CC1)N1CCN(S(=O)(=O)C2CCCN(C(=O)C3CCCC3)C2)CC1;CC=C(C)C(=O)OC1CCN2CC=C(COC(=O)C(O)(C(C)O)C(C)(C)O)C12;Cc1ccc(S(=O)(=O)NC(C(=O)NCC2(C)CCN(C)CC2)C(C)O)cc1;Cc1cccc(NCC2CCN(Cc3c(C)nn(C)c3OCC(F)(F)F)C2)n1;Cc1ccccc1N(CC(=O)N1CCN(CC(C)(C)O)C(C)C1)S(C)(=O)=O;CCC(CC)n1nc(C)cc1C(=O)N1CCCC(n2ccc(C(F)(F)F)n2)C1;CC(C)C1C(=O)N(S(C)(=O)=O)C2CCN(C(=O)C=CCN3CCCCC3)C12;CC(C)NS(=O)(=O)Cc1ccc(CNC(=O)N2CCC(C)OC(C)C2)cc1;COC1CCCN(C(=O)NCc2ccc(CS(=O)(=O)NC(C)C)cc2)CC1;CCC1CCC(C)N(C(=O)NCc2ccccc2S(=O)(=O)N(C)CCO)C1;O=C(C1CCCN1C(=O)C1CCCC1)N1CC(S(=O)(=O)NC2CCCC2)C1;Cn1nc(-c2ccc(NC(=O)Cc3ccc(Br)cc3)cc2)ccc1=O;Cn1nc(-c2ccc(NC(=O)Cc3ccc(Br)cc3)cc2)ccc1=O;Cn1nc(-c2ccc(NC(=O)Cc3ccc(Br)cc3)cc2)ccc1=O;Cn1nc(-c2ccc(NC(=O)Cc3ccc(Br)cc3)cc2)ccc1=O;Cn1nc(-c2ccc(NC(=O)Cc3ccc(Br)cc3)cc2)ccc1=O;Cn1nc(-c2ccc(NC(=O)Cc3ccc(Br)cc3)cc2)ccc1=O;Cn1nc(-c2ccc(NC(=O)Cc3ccc(Br)cc3)cc2)ccc1=O;Cn1nc(-c2ccc(NC(=O)Cc3ccc(Br)cc3)cc2)ccc1=O;Cn1nc(-c2ccc(NC(=O)Cc3ccc(Br)cc3)cc2)ccc1=O;Cn1nc(-c2ccc(NC(=O)Cc3ccc(Br)cc3)cc2)ccc1=O;Cn1nc(-c2ccc(NC(=O)Cc3ccc(Br)cc3)cc2)ccc1=O;Cn1nc(-c2ccc(NC(=O)Cc3ccc(Br)cc3)cc2)ccc1=O
m_97693a,Cc1ccc2oc(C(=O)N3CCNC(=O)C3c3ccc(C(F)(F)F)cc3)cc2c1;O=C(CC1(O)C(=O)N(Cc2ccc3c(c2)OCO3)c2ccccc21)c1ccccn1;CCCNCCc1ccc(NS(=O)(=O)c2ccc(OC(F)(F)F)cc2)cc1;Cc1sc2ncn(CC(=O)N(C)CC(=O)Nc3ccc(F)cc3)c(=O)c2c1C;FC(F)(F)C1(c2nc(-c3ccccc3)no2)CCN(c2nccn3nnnc23)C1;COC(=O)C1=COC(OC2OC(CO)C(O)C(O)C2O)C2C(C(=O)O)C=CC12;COc1cccc(-c2nc(SC)nc3sc(C(=O)NC(C)(C)C)c(N)c23)c1;CS(=O)(=O)N1CCCC(NCc2ccc(-c3ccc(C(F)(F)F)cc3)o2)C1;COc1ccccc1S(=O)(=O)NC1CCc2nnc(-c3ccc(F)cc3)n2C1;CSc1ccc(CNC(=O)C2CCCN(C(=O)c3ccccc3Cl)C2)cc1;CNS(=O)(=O)c1cccc(C(C)NC(=O)c2cn[nH]c2-c2ccccc2F)c1;OC(CN1CCc2ccccc2C1)=Nc1cc(C(F)(F)F)cc(C(F)(F)F)c1;CC(c1nc(C2(c3cccc(C(F)(F)F)c3)CCCCC2)no1)S(C)(=O)=O;CCn1cc(S(=O)(=O)N(C)c2nc3c(s2)CC(c2ccccc2)CC3)cn1;Cc1ccc(S(=O)(=O)CCC(=O)Nc2ncn(Cc3cccc(F)c3)n2)cc1;CC=C(C)C(=O)OC1CC[N+]2([O-])CC=C(COC(=O)C(O)(C(C)C)C(C)O)C12;CC=C(C)C(=O)OC1CC[N+]2([O-])CC=C(COC(=O)C(O)(C(C)C)C(C)O)C12;CC=C(C)C(=O)OC1CC[N+]2([O-])CC=C(COC(=O)C(O)(C(C)C)C(C)O)C12;CC=C(C)C(=O)OC1CC[N+]2([O-])CC=C(COC(=O)C(O)(C(C)C)C(C)O)C12;CC=C(C)C(=O)OC1CC[N+]2([O-])CC=C(COC(=O)C(O)(C(C)C)C(C)O)C12;CC=C(C)C(=O)OC1CC[N+]2([O-])CC=C(COC(=O)C(O)(C(C)C)C(C)O)C12;CC=C(C)C(=O)OC1CC[N+]2([O-])CC=C(COC(=O)C(O)(C(C)C)C(C)O)C12;CC=C(C)C(=O)OC1CC[N+]2([O-])CC=C(COC(=O)C(O)(C(C)C)C(C)O)C12;CC=C(C)C(=O)OC1CC[N+]2([O-])CC=C(COC(=O)C(O)(C(C)C)C(C)O)C12;CC=C(C)C(=O)OC1CC[N+]2([O-])CC=C(COC(=O)C(O)(C(C)C)C(C)O)C12
m_2363c0,O=C(NC1(c2cccc(C(F)(F)F)c2)CCC1)c1cnc(-c2ncccn2)s1;COC(=O)c1ccccc1SCc1c(OC)c(OC)c(OC)c2c1C(=O)OC2;CN1C(=O)c2cccc3c(S(=O)(=O)Nc4cc(-c5ccccc5)[nH]n4)ccc1c23;NC(=O)c1ccc(N(C(N)=O)c2c(F)cccc2F)nc1-c1ccc(F)cc1F;N#Cc1cnc2cnc(NCc3cccnc3)cc2c1Nc1ccc(F)c(Cl)c1;CS(=O)(=O)N1CCN(C(=O)C2(c3cccc(Cl)c3)CC2)Cc2ccccc21;Cc1ccc2oc(C(=O)N3CCNC(=O)C3c3ccc(C(F)(F)F)cc3)cc2c1;Cc1ccc2oc(C(=O)N3CCNC(=O)C3c3ccc(C(F)(F)F)cc3)cc2c1;Cc1ccc2oc(C(=O)N3CCNC(=O)C3c3ccc(C(F)(F)F)cc3)cc2c1;Cc1ccc2oc(C(=O)N3CCNC(=O)C3c3ccc(C(F)(F)F)cc3)cc2c1;Cc1ccc2oc(C(=O)N3CCNC(=O)C3c3ccc(C(F)(F)F)cc3)cc2c1;Cc1ccc2oc(C(=O)N3CCNC(=O)C3c3ccc(C(F)(F)F)cc3)cc2c1;Cc1ccc2oc(C(=O)N3CCNC(=O)C3c3ccc(C(F)(F)F)cc3)cc2c1;Cc1ccc2oc(C(=O)N3CCNC(=O)C3c3ccc(C(F)(F)F)cc3)cc2c1;Cc1ccc2oc(C(=O)N3CCNC(=O)C3c3ccc(C(F)(F)F)cc3)cc2c1;Cc1ccc2oc(C(=O)N3CCNC(=O)C3c3ccc(C(F)(F)F)cc3)cc2c1;Cc1ccc2oc(C(=O)N3CCNC(=O)C3c3ccc(C(F)(F)F)cc3)cc2c1;Cc1ccc2oc(C(=O)N3CCNC(=O)C3c3ccc(C(F)(F)F)cc3)cc2c1;Cc1ccc2oc(C(=O)N3CCNC(=O)C3c3ccc(C(F)(F)F)cc3)cc2c1;Cc1ccc2oc(C(=O)N3CCNC(=O)C3c3ccc(C(F)(F)F)cc3)cc2c1;Cc1ccc2oc(C(=O)N3CCNC(=O)C3c3ccc(C(F)(F)F)cc3)cc2c1;Cc1ccc2oc(C(=O)N3CCNC(=O)C3c3ccc(C(F)(F)F)cc3)cc2c1;Cc1ccc2oc(C(=O)N3CCNC(=O)C3c3ccc(C(F)(F)F)cc3)cc2c1;Cc1ccc2oc(C(=O)N3CCNC(=O)C3c3ccc(C(F)(F)F)cc3)cc2c1;Cc1ccc2oc(C(=O)N3CCNC(=O)C3c3ccc(C(F)(F)F)cc3)cc2c1
m_997dbc,O=C(O)C1CCCN1c1nc(-c2ccc(Cl)c(Cl)c2)cc(C(F)(F)F)n1;CCOC(=O)C1CCCN(S(=O)(=O)c2ccc(Br)c(OC)c2)C1;CCOC(=O)C1CCN(S(=O)(=O)c2cc(Br)ccc2OC)CC1;O=C(NC1(c2cccc(C(F)(F)F)c2)CCC1)c1cnc(-c2ncccn2)s1;O=C(NC1(c2cccc(C(F)(F)F)c2)CCC1)c1cnc(-c2ncccn2)s1;O=C(NC1(c2cccc(C(F)(F)F)c2)CCC1)c1cnc(-c2ncccn2)s1;O=C(NC1(c2cccc(C(F)(F)F)c2)CCC1)c1cnc(-c2ncccn2)s1;O=C(NC1(c2cccc(C(F)(F)F)c2)CCC1)c1cnc(-c2ncccn2)s1;O=C(NC1(c2cccc(C(F)(F)F)c2)CCC1)c1cnc(-c2ncccn2)s1;O=C(NC1(c2cccc(C(F)(F)F)c2)CCC1)c1cnc(-c2ncccn2)s1;O=C(NC1(c2cccc(C(F)(F)F)c2)CCC1)c1cnc(-c2ncccn2)s1;O=C(NC1(c2cccc(C(F)(F)F)c2)CCC1)c1cnc(-c2ncccn2)s1;O=C(NC1(c2cccc(C(F)(F)F)c2)CCC1)c1cnc(-c2ncccn2)s1;O=C(NC1(c2cccc(C(F)(F)F)c2)CCC1)c1cnc(-c2ncccn2)s1;O=C(NC1(c2cccc(C(F)(F)F)c2)CCC1)c1cnc(-c2ncccn2)s1;O=C(NC1(c2cccc(C(F)(F)F)c2)CCC1)c1cnc(-c2ncccn2)s1;O=C(NC1(c2cccc(C(F)(F)F)c2)CCC1)c1cnc(-c2ncccn2)s1;O=C(NC1(c2cccc(C(F)(F)F)c2)CCC1)c1cnc(-c2ncccn2)s1;O=C(NC1(c2cccc(C(F)(F)F)c2)CCC1)c1cnc(-c2ncccn2)s1;O=C(NC1(c2cccc(C(F)(F)F)c2)CCC1)c1cnc(-c2ncccn2)s1;O=C(NC1(c2cccc(C(F)(F)F)c2)CCC1)c1cnc(-c2ncccn2)s1;O=C(NC1(c2cccc(C(F)(F)F)c2)CCC1)c1cnc(-c2ncccn2)s1;O=C(NC1(c2cccc(C(F)(F)F)c2)CCC1)c1cnc(-c2ncccn2)s1;O=C(NC1(c2cccc(C(F)(F)F)c2)CCC1)c1cnc(-c2ncccn2)s1;O=C(NC1(c2cccc(C(F)(F)F)c2)CCC1)c1cnc(-c2ncccn2)s1
m_8c72d4,Cc1scc(C(=O)NCCN2CCN(C(=O)c3csc(C)c3C)CC2)c1C;O=C(NCC1CCN(CC(F)(F)F)CC1)c1nc(N2CCCC2)ncc1Cl;COc1cc(C(=O)N2CC(OCc3cccc4ccccc34)C2)cc2c1OCCO2;CC(C)N(CC(=O)N1c2ccc(S(N)(=O)=O)cc2CC1C)c1ccc(F)cc1;COc1cc2c(cc1OC)C(CC(C)=O)N(C)c1c-2ccc2cc3c(cc12)OCO3;O=c1ccc(-n2cccn2)nn1CC1CCN(c2nccc(C(F)(F)F)n2)CC1;Cc1cc(O)c2c(C)c(CC(=O)NC(CCCNC(N)=O)C(=O)O)c(=O)oc2c1;COc1cc(CNC(=O)c2ccc(C(=O)c3ccccc3)cc2)cc(OC)c1OC;Cc1c(CC(=O)NC(CCCCNC(N)=O)C(=O)O)c(=O)oc2cc(O)ccc12;Cc1ccc(F)c(S(=O)(=O)N2CCC(Oc3cccnc3N3CCCC3)C2)c1;Cc1ccc(S(=O)(=O)N2CCC(Oc3cccnc3N3CCCC3)C2)cc1F;COc1ccc2c(c1OC)C(CC(C)=O)N(C)c1c-2ccc2cc3c(cc12)OCO3;Cc1c(CCC(=O)NC(CCCNC(N)=O)C(=O)O)c(=O)oc2cc(O)ccc12;O=C(O)C1CCCN1c1nc(-c2ccc(Cl)c(Cl)c2)cc(C(F)(F)F)n1;O=C(O)C1CCCN1c1nc(-c2ccc(Cl)c(Cl)c2)cc(C(F)(F)F)n1;O=C(O)C1CCCN1c1nc(-c2ccc(Cl)c(Cl)c2)cc(C(F)(F)F)n1;O=C(O)C1CCCN1c1nc(-c2ccc(Cl)c(Cl)c2)cc(C(F)(F)F)n1;O=C(O)C1CCCN1c1nc(-c2ccc(Cl)c(Cl)c2)cc(C(F)(F)F)n1;O=C(O)C1CCCN1c1nc(-c2ccc(Cl)c(Cl)c2)cc(C(F)(F)F)n1;O=C(O)C1CCCN1c1nc(-c2ccc(Cl)c(Cl)c2)cc(C(F)(F)F)n1;O=C(O)C1CCCN1c1nc(-c2ccc(Cl)c(Cl)c2)cc(C(F)(F)F)n1;O=C(O)C1CCCN1c1nc(-c2ccc(Cl)c(Cl)c2)cc(C(F)(F)F)n1;O=C(O)C1CCCN1c1nc(-c2ccc(Cl)c(Cl)c2)cc(C(F)(F)F)n1;O=C(O)C1CCCN1c1nc(-c2ccc(Cl)c(Cl)c2)cc(C(F)(F)F)n1;O=C(O)C1CCCN1c1nc(-c2ccc(Cl)c(Cl)c2)cc(C(F)(F)F)n1
m_214040,O=C(NCc1noc(-c2cccc(Br)c2)n1)c1c(O)cc(F)cc1F;Cc1cc(NS(=O)(=O)c2ccc(Br)c(F)c2)n(-c2ccccc2)n1;Cc1scc(C(=O)NCCN2CCN(C(=O)c3csc(C)c3C)CC2)c1C;Cc1scc(C(=O)NCCN2CCN(C(=O)c3csc(C)c3C)CC2)c1C;Cc1scc(C(=O)NCCN2CCN(C(=O)c3csc(C)c3C)CC2)c1C;Cc1scc(C(=O)NCCN2CCN(C(=O)c3csc(C)c3C)CC2)c1C;Cc1scc(C(=O)NCCN2CCN(C(=O)c3csc(C)c3C)CC2)c1C;Cc1scc(C(=O)NCCN2CCN(C(=O)c3csc(C)c3C)CC2)c1C;Cc1scc(C(=O)NCCN2CCN(C(=O)c3csc(C)c3C)CC2)c1C;Cc1scc(C(=O)NCCN2CCN(C(=O)c3csc(C)c3C)CC2)c1C;Cc1scc(C(=O)NCCN2CCN(C(=O)c3csc(C)c3C)CC2)c1C;Cc1scc(C(=O)NCCN2CCN(C(=O)c3csc(C)c3C)CC2)c1C;Cc1scc(C(=O)NCCN2CCN(C(=O)c3csc(C)c3C)CC2)c1C;Cc1scc(C(=O)NCCN2CCN(C(=O)c3csc(C)c3C)CC2)c1C;Cc1scc(C(=O)NCCN2CCN(C(=O)c3csc(C)c3C)CC2)c1C;Cc1scc(C(=O)NCCN2CCN(C(=O)c3csc(C)c3C)CC2)c1C;Cc1scc(C(=O)NCCN2CCN(C(=O)c3csc(C)c3C)CC2)c1C;Cc1scc(C(=O)NCCN2CCN(C(=O)c3csc(C)c3C)CC2)c1C;Cc1scc(C(=O)NCCN2CCN(C(=O)c3csc(C)c3C)CC2)c1C;Cc1scc(C(=O)NCCN2CCN(C(=O)c3csc(C)c3C)CC2)c1C;Cc1scc(C(=O)NCCN2CCN(C(=O)c3csc(C)c3C)CC2)c1C;Cc1scc(C(=O)NCCN2CCN(C(=O)c3csc(C)c3C)CC2)c1C;Cc1scc(C(=O)NCCN2CCN(C(=O)c3csc(C)c3C)CC2)c1C;Cc1scc(C(=O)NCCN2CCN(C(=O)c3csc(C)c3C)CC2)c1C;Cc1scc(C(=O)NCCN2CCN(C(=O)c3csc(C)c3C)CC2)c1C
m_c567df,COC(=O)c1ccc(C2C(C(=O)OC(C)C)=C(N)Oc3c2oc(CO)cc3=O)cc1;COC(O)=c1ccc(=c2c(=C(O)OC(C)C)c(=N)oc3c(=O)cc(CO)oc23)cc1;CC(NC(=O)NC1CCN(Cc2ccccc2)CC1)c1ccccc1Br;Cc1nc(Nc2ccc(F)cn2)sc1C(=O)N1CCN(c2ccc(F)cc2)CC1;CC1=C(C(=O)Nc2ccccc2)C(c2cccc(O)c2)n2nc(C(F)(F)F)nc2N1;Cc1ccc2c(C)c(C(=O)N(Cc3ccc(F)cc3)C3CCS(=O)(=O)C3)oc2c1;Cc1ccc(S(=O)(=O)N(CC(O)COc2ccccc2)c2ccc(F)cc2)cc1;Cc1ccc2oc(C(=O)N(Cc3cccc(F)c3)C3CCS(=O)(=O)C3)c(C)c2c1;Cc1nc(-c2nnn(-c3ccc(Cl)cc3)c2C)sc1C(=O)NC1CCCCC1;Cc1ccc2c(CC(=O)N(Cc3ccc(F)cc3)C3CCS(=O)(=O)C3)coc2c1;CC(NC(=O)COc1ccccc1)C(=O)Nc1ccc(N2CCCC2=O)c(Cl)c1;CC(Oc1ccccc1Cl)C(=O)Nc1ccc2onc(CN3CCOCC3)c2c1;O=C(CSc1nnnn1C1CCCCC1)NCc1ccccc1OC(F)(F)F;CON(C)C(=O)C(O)C(Cc1ccccc1)NC(=O)c1cc2cc(Cl)ccc2[nH]1;O=C(NCc1noc(-c2cccc(Br)c2)n1)c1c(O)cc(F)cc1F;O=C(NCc1noc(-c2cccc(Br)c2)n1)c1c(O)cc(F)cc1F;O=C(NCc1noc(-c2cccc(Br)c2)n1)c1c(O)cc(F)cc1F;O=C(NCc1noc(-c2cccc(Br)c2)n1)c1c(O)cc(F)cc1F;O=C(NCc1noc(-c2cccc(Br)c2)n1)c1c(O)cc(F)cc1F;O=C(NCc1noc(-c2cccc(Br)c2)n1)c1c(O)cc(F)cc1F;O=C(NCc1noc(-c2cccc(Br)c2)n1)c1c(O)cc(F)cc1F;O=C(NCc1noc(-c2cccc(Br)c2)n1)c1c(O)cc(F)cc1F;O=C(NCc1noc(-c2cccc(Br)c2)n1)c1c(O)cc(F)cc1F;O=C(NCc1noc(-c2cccc(Br)c2)n1)c1c(O)cc(F)cc1F;O=C(NCc1noc(-c2cccc(Br)c2)n1)c1c(O)cc(F)cc1F
m_9b95d4,COCC1(CO)CCN(C(=O)c2cccnc2SCc2ccc(C(N)=O)cc2)C1;CNC(=O)c1ccc(NC(=O)c2cccc(S(=O)(=O)N3CCCCCC3)c2)cc1;CN(Cc1ccc2ccccc2n1)CC(O)COc1ccc(NS(C)(=O)=O)cc1;CCCc1cnc2c(c1SCc1cc(OC)cc(OC)c1)c(=O)n(C)c(=O)n2C;Cc1ccc(-c2nc(CC(=O)N(C)CC(=O)N3CCC(C(=O)O)CC3)cs2)cc1;CCCN1C(=O)c2cc(S(=O)(=O)N3CCCCC3C)ccc2Oc2cccnc21;O=C(CN1CCc2ccccc2C1)Nc1ccc(S(=O)(=O)N2CCOCC2)cc1;O=C(c1cc2ccccc2[nH]1)N1CCN(C(=O)C2CC23CCS(=O)(=O)CC3)CC1;O=C1OC(c2ccccc2)Cc2cc(C(=O)N3CCC(c4ccccc4F)C3)ccc21;CCOC(=O)N1CCC(NC(=O)c2ccccc2N(C)C(=O)c2cccs2)CC1;CN(Cc1ccc(C(F)(F)F)cc1)C(=O)CCCCC1SCC2NC(=O)NC21;CCN(CC)S(=O)(=O)c1ccc(CCNC(=O)N2CCC3(CCO3)CC2)s1;O=C(NO)c1ccc(Cn2c(=O)n(CCc3ccccc3)c(=O)c3ccccc32)cc1;COc1ccc(C(=O)Nc2ccc(-n3nc(C)c4ccccc4c3=O)cc2)cc1OC;COc1ccc(Oc2cnc(N)nc2-c2ccc(OCc3ccccc3)cc2O)cc1;COc1ccc(CNC(=O)c2nn(-c3ccccc3)c3ccccc3c2=O)c(OC)c1;CCC(Nc1ncnc2[nH]cnc12)c1nc2cccc(F)c2c(=O)n1-c1ccccc1;COC(=O)c1ccc(C2C(C(=O)OC(C)C)=C(N)Oc3c2oc(CO)cc3=O)cc1;COC(=O)c1ccc(C2C(C(=O)OC(C)C)=C(N)Oc3c2oc(CO)cc3=O)cc1;COC(=O)c1ccc(C2C(C(=O)OC(C)C)=C(N)Oc3c2oc(CO)cc3=O)cc1;COC(=O)c1ccc(C2C(C(=O)OC(C)C)=C(N)Oc3c2oc(CO)cc3=O)cc1;COC(=O)c1ccc(C2C(C(=O)OC(C)C)=C(N)Oc3c2oc(CO)cc3=O)cc1;COC(=O)c1ccc(C2C(C(=O)OC(C)C)=C(N)Oc3c2oc(CO)cc3=O)cc1;COC(=O)c1ccc(C2C(C(=O)OC(C)C)=C(N)Oc3c2oc(CO)cc3=O)cc1;COC(=O)c1ccc(C2C(C(=O)OC(C)C)=C(N)Oc3c2oc(CO)cc3=O)cc1
m_47e099,CN1CCN(C)CCN(Cc2nnnn2-c2ccc(Cl)cc2C(F)(F)F)CC1;COc1ccccc1-c1ccc(=O)n(C2CN(C(=O)C3OCCc4ccccc43)C2)n1;CCCCN(CC)C(=O)CSc1nnc2c(=O)n(Cc3ccccc3F)ccn12;CCc1ncnc(N(C)CC2CCN(C3=NS(=O)(=O)c4ccccc43)CC2)c1F;COCCc1nsc(N2CCOCC2c2c(C)nn(-c3ccccc3F)c2C)n1;Cc1cc(C)c(NC(=O)CSc2nc(C)nc3c2cnn3-c2ccccc2)c(C)c1;Cc1ccc(SCc2cc(=O)nc(Nc3nc(C)c4cc(C)c(C)cc4n3)[nH]2)cc1;CCn1cc(C(=O)NC(CCCNC(=N)N)C(=O)O)c(=O)c2cc3c(cc21)OCO3;O=C(NCc1ccccc1)C1CCN(c2nn3cc(-c4ccccc4)nc3s2)CC1;COc1ccc(OC)c(-c2cc(C(=O)NCc3ccc(-c4ccoc4)cc3)n(C)n2)c1;COc1ccc2cc(C(=O)NC(Cc3ccccc3)C(=O)NCc3ccco3)[nH]c2c1;COc1ccc(C(C)NC(=O)CCc2c(C)nc3nc(SC)nn3c2C)cc1F;CC(Oc1ccc2c(-c3ccccc3)cc(=O)oc2c1)C(=O)NCCCn1ccnc1;COCC1(CO)CCN(C(=O)c2cccnc2SCc2ccc(C(N)=O)cc2)C1;COCC1(CO)CCN(C(=O)c2cccnc2SCc2ccc(C(N)=O)cc2)C1;COCC1(CO)CCN(C(=O)c2cccnc2SCc2ccc(C(N)=O)cc2)C1;COCC1(CO)CCN(C(=O)c2cccnc2SCc2ccc(C(N)=O)cc2)C1;COCC1(CO)CCN(C(=O)c2cccnc2SCc2ccc(C(N)=O)cc2)C1;COCC1(CO)CCN(C(=O)c2cccnc2SCc2ccc(C(N)=O)cc2)C1;COCC1(CO)CCN(C(=O)c2cccnc2SCc2ccc(C(N)=O)cc2)C1;COCC1(CO)CCN(C(=O)c2cccnc2SCc2ccc(C(N)=O)cc2)C1;COCC1(CO)CCN(C(=O)c2cccnc2SCc2ccc(C(N)=O)cc2)C1;COCC1(CO)CCN(C(=O)c2cccnc2SCc2ccc(C(N)=O)cc2)C1;COCC1(CO)CCN(C(=O)c2cccnc2SCc2ccc(C(N)=O)cc2)C1;COCC1(CO)CCN(C(=O)c2cccnc2SCc2ccc(C(N)=O)cc2)C1
m_b70863,CC(=O)N(O)CCCNC(=O)CC(O)(CC(=O)NCCCN(O)C(C)=O)C(=O)O;O=C(NCCCCCNC(=O)c1ccc(-c2ccccc2)c(F)c1)c1ccc(O)cc1;CN(C)c1ncc(CN2CCC(c3nc(-c4ccccc4)no3)(C(F)(F)F)C2)n1C;Cc1nc2cc(C(=O)NC(C)CN3CCOCC3)ccc2n1C1CCS(=O)(=O)C1;COc1ccccc1CNC(=O)C1CCN(S(=O)(=O)c2cn(C(C)C)cn2)CC1;CCCCOc1ccc(C(=O)N2CCCN(S(=O)(=O)c3cn(C)cn3)CC2)cc1;Nc1nc(-c2nn(Cc3ccccc3F)c3ncccc23)nc(N)c1N1CCOCC1;COCCCNC(=O)NC1CCN(C2=NS(=O)(=O)C(c3ccccc3)=C2C)CC1;CCc1[nH]c(C(=O)Nc2nc(CN3CC(C)OC(C)C3)cs2)c(C)c1C(=O)OC;COCCOc1ccc(OCC(O)CNCCOc2ccc(C(N)=O)c(O)c2)cc1;CC(=O)N1CCN(S(=O)(=O)c2ccc3c(c2)n(C)c(=O)n3C)CC12CCCCC2;CC(C)n1c(N2CC3CN(Cc4nnc(C(F)(F)F)o4)CC3C2)nc2ccccc21;CCOc1ccc(CNC(=O)C2CCN(S(=O)(=O)c3cn(CC)cn3)CC2)cc1;Cc1nn(-c2ccccc2F)c(C)c1C1COCCN1Cc1ncnn1CC(F)F;CN1CCN(C)CCN(Cc2nnnn2-c2ccc(Cl)cc2C(F)(F)F)CC1;CN1CCN(C)CCN(Cc2nnnn2-c2ccc(Cl)cc2C(F)(F)F)CC1;CN1CCN(C)CCN(Cc2nnnn2-c2ccc(Cl)cc2C(F)(F)F)CC1;CN1CCN(C)CCN(Cc2nnnn2-c2ccc(Cl)cc2C(F)(F)F)CC1;CN1CCN(C)CCN(Cc2nnnn2-c2ccc(Cl)cc2C(F)(F)F)CC1;CN1CCN(C)CCN(Cc2nnnn2-c2ccc(Cl)cc2C(F)(F)F)CC1;CN1CCN(C)CCN(Cc2nnnn2-c2ccc(Cl)cc2C(F)(F)F)CC1;CN1CCN(C)CCN(Cc2nnnn2-c2ccc(Cl)cc2C(F)(F)F)CC1;CN1CCN(C)CCN(Cc2nnnn2-c2ccc(Cl)cc2C(F)(F)F)CC1;CN1CCN(C)CCN(Cc2nnnn2-c2ccc(Cl)cc2C(F)(F)F)CC1;CN1CCN(C)CCN(Cc2nnnn2-c2ccc(Cl)cc2C(F)(F)F)CC1
m_3aa487,CCCCc1cc(=O)oc2cc(OCC(=O)NC(Cc3ccccc3)C(=O)O)ccc12;CC(C)(C)c1ccc(S(=O)(=O)NCc2ccc(C(=O)Nc3cccnc3)cc2)cc1;Cc1cc(NC(=O)CSCC(=O)N(C2CC2)C(C)c2cccc3ccccc23)no1;NS(=O)(=O)c1cccc(CNC(=O)NCCC(c2ccccc2)c2ccccc2)c1;Cc1ccc(S(=O)(=O)N2CCCN(C(=O)c3cc(C)nc4ccccc34)CC2)cc1;Cc1cc(C)c(C)c(S(=O)(=O)NCc2ccc(C(=O)Nc3cccnc3)cc2)c1C;c1ccc(Cc2nn[nH]n2)c(COc2ccc(OCc3ccc4ccccc4n3)cc2)c1;Cc1c(C)c2ccc(OC(C)C(=O)NC(Cc3ccccc3)C(=O)O)c(C)c2oc1=O;CCCc1cc(=O)oc2c(C)c(OCC(=O)NC(Cc3ccccc3)C(=O)O)ccc12;CCc1cc(=O)oc2c(C)c(OC(C)C(=O)NC(Cc3ccccc3)C(=O)O)ccc12;COc1ccc(-c2nc(C(=O)N3CCN(C)CC3)sc2-c2ccc(OC)cc2)cc1;Cc1c(CCC(=O)N2CCCC2C(=O)O)c(=O)oc2cc3oc4c(c3cc12)CCCC4;Cc1nn(C)c2nc(-c3ccccc3)cc(C(=O)N3CCn4c(nnc4C(F)F)C3)c12;O=C1CCSc2ccc(C(=O)NCc3ccc(C(=O)N4CCCCC4)cc3)cc2N1;CC(Oc1ccc2c(c1)oc(=O)c1ccccc12)C(=O)NCC1CCC(C(=O)O)CC1;Cc1cc(C)c(C)c(S(=O)(=O)Nc2ccc(C(=O)NCc3ccccn3)cc2)c1C;Cc1c(C(=O)NCCc2ccccc2)nnn1-c1ccc2noc(-c3ccccc3)c2c1;Cc1ccc(-n2c(SCC(=O)N3CC(C)OC(C)C3)nc3ccccc3c2=O)cc1;Cc1cc(N2CCN(CCO)CC2)n2nc(C(F)(F)F)c(-c3ccc(F)cc3)c2n1;CCCc1cc(=O)oc2cc(OC(C)C(=O)NC(Cc3ccccc3)C(=O)O)ccc12;Cc1ccc(S(=O)(=O)N(C)c2ccc(C(=O)N3CCn4cccc4C3C)cc2)cc1;CC(=O)N(O)CCCNC(=O)CC(O)(CC(=O)NCCCN(O)C(C)=O)C(=O)O;CC(=O)N(O)CCCNC(=O)CC(O)(CC(=O)NCCCN(O)C(C)=O)C(=O)O;CC(=O)N(O)CCCNC(=O)CC(O)(CC(=O)NCCCN(O)C(C)=O)C(=O)O;CC(=O)N(O)CCCNC(=O)CC(O)(CC(=O)NCCCN(O)C(C)=O)C(=O)O
m_cd6458,O=C(O)C1Cc2ccccc2CN1C(=O)c1cnn(-c2ccc(Br)cc2)c1;COCc1cnc2c(c1SCc1ccc(Cl)cc1Cl)c(=O)n(C)c(=O)n2C;Cc1ccc(Br)c2c1C(C)(C)CN2S(=O)(=O)c1cc(C(N)=O)n(C)c1;CCCCc1cc(=O)oc2cc(OCC(=O)NC(Cc3ccccc3)C(=O)O)ccc12;CCCCc1cc(=O)oc2cc(OCC(=O)NC(Cc3ccccc3)C(=O)O)ccc12;CCCCc1cc(=O)oc2cc(OCC(=O)NC(Cc3ccccc3)C(=O)O)ccc12;CCCCc1cc(=O)oc2cc(OCC(=O)NC(Cc3ccccc3)C(=O)O)ccc12;CCCCc1cc(=O)oc2cc(OCC(=O)NC(Cc3ccccc3)C(=O)O)ccc12;CCCCc1cc(=O)oc2cc(OCC(=O)NC(Cc3ccccc3)C(=O)O)ccc12;CCCCc1cc(=O)oc2cc(OCC(=O)NC(Cc3ccccc3)C(=O)O)ccc12;CCCCc1cc(=O)oc2cc(OCC(=O)NC(Cc3ccccc3)C(=O)O)ccc12;CCCCc1cc(=O)oc2cc(OCC(=O)NC(Cc3ccccc3)C(=O)O)ccc12;CCCCc1cc(=O)oc2cc(OCC(=O)NC(Cc3ccccc3)C(=O)O)ccc12;CCCCc1cc(=O)oc2cc(OCC(=O)NC(Cc3ccccc3)C(=O)O)ccc12;CCCCc1cc(=O)oc2cc(OCC(=O)NC(Cc3ccccc3)C(=O)O)ccc12;CCCCc1cc(=O)oc2cc(OCC(=O)NC(Cc3ccccc3)C(=O)O)ccc12;CCCCc1cc(=O)oc2cc(OCC(=O)NC(Cc3ccccc3)C(=O)O)ccc12;CCCCc1cc(=O)oc2cc(OCC(=O)NC(Cc3ccccc3)C(=O)O)ccc12;CCCCc1cc(=O)oc2cc(OCC(=O)NC(Cc3ccccc3)C(=O)O)ccc12;CCCCc1cc(=O)oc2cc(OCC(=O)NC(Cc3ccccc3)C(=O)O)ccc12;CCCCc1cc(=O)oc2cc(OCC(=O)NC(Cc3ccccc3)C(=O)O)ccc12;CCCCc1cc(=O)oc2cc(OCC(=O)NC(Cc3ccccc3)C(=O)O)ccc12;CCCCc1cc(=O)oc2cc(OCC(=O)NC(Cc3ccccc3)C(=O)O)ccc12;CCCCc1cc(=O)oc2cc(OCC(=O)NC(Cc3ccccc3)C(=O)O)ccc12;CCCCc1cc(=O)oc2cc(OCC(=O)NC(Cc3ccccc3)C(=O)O)ccc12
m_de93b1,Cc1cc(SCc2nn(-c3ccc(C(F)(F)F)cc3)nc2C)ccc1OCC(=O)O;Cc1cccc(S(=O)(=O)N2CCCC2c2nc(-c3cccc(C(F)(F)F)c3)no2)c1;O=C(C1CN(S(=O)(=O)c2ccccc2Cl)CCO1)N1CCN(CC(F)F)CC1;COc1ccc(OC)c(CNC(=O)C2(S(=O)(=O)c3ccc(Cl)cc3)CCCC2)c1;COc1cc(NC2=NS(=O)(=O)c3ccccc32)c(OC)cc1NC(=O)c1ccccc1;O=C(O)C1Cc2ccccc2CN1C(=O)c1cnn(-c2ccc(Br)cc2)c1;O=C(O)C1Cc2ccccc2CN1C(=O)c1cnn(-c2ccc(Br)cc2)c1;O=C(O)C1Cc2ccccc2CN1C(=O)c1cnn(-c2ccc(Br)cc2)c1;O=C(O)C1Cc2ccccc2CN1C(=O)c1cnn(-c2ccc(Br)cc2)c1;O=C(O)C1Cc2ccccc2CN1C(=O)c1cnn(-c2ccc(Br)cc2)c1;O=C(O)C1Cc2ccccc2CN1C(=O)c1cnn(-c2ccc(Br)cc2)c1;O=C(O)C1Cc2ccccc2CN1C(=O)c1cnn(-c2ccc(Br)cc2)c1;O=C(O)C1Cc2ccccc2CN1C(=O)c1cnn(-c2ccc(Br)cc2)c1;O=C(O)C1Cc2ccccc2CN1C(=O)c1cnn(-c2ccc(Br)cc2)c1;O=C(O)C1Cc2ccccc2CN1C(=O)c1cnn(-c2ccc(Br)cc2)c1;O=C(O)C1Cc2ccccc2CN1C(=O)c1cnn(-c2ccc(Br)cc2)c1;O=C(O)C1Cc2ccccc2CN1C(=O)c1cnn(-c2ccc(Br)cc2)c1;O=C(O)C1Cc2ccccc2CN1C(=O)c1cnn(-c2ccc(Br)cc2)c1;O=C(O)C1Cc2ccccc2CN1C(=O)c1cnn(-c2ccc(Br)cc2)c1;O=C(O)C1Cc2ccccc2CN1C(=O)c1cnn(-c2ccc(Br)cc2)c1;O=C(O)C1Cc2ccccc2CN1C(=O)c1cnn(-c2ccc(Br)cc2)c1;O=C(O)C1Cc2ccccc2CN1C(=O)c1cnn(-c2ccc(Br)cc2)c1;O=C(O)C1Cc2ccccc2CN1C(=O)c1cnn(-c2ccc(Br)cc2)c1;O=C(O)C1Cc2ccccc2CN1C(=O)c1cnn(-c2ccc(Br)cc2)c1;O=C(O)C1Cc2ccccc2CN1C(=O)c1cnn(-c2ccc(Br)cc2)c1
m_90baa7,Cc1cccc2sc(N(CC3CCCO3)C(=O)C3CCN(S(C)(=O)=O)CC3)nc12;CSCCCNC(C(=O)NC1C(=O)N2C1SC(C)(C)C2C(=O)O)c1ccccc1;CCC(=O)NCc1cc(S(=O)(=O)N(C)C2CCCc3nc(C)sc32)ccc1OC;O=C(O)C1CCN(C(=O)CSc2nc3ccccc3c(=O)n2Cc2ccccc2)CC1;Cc1ccc(C)c2sc(OC3CCN(C(=O)Cn4c(=O)oc5ccccc54)CC3)nc12;COc1ccc(S(=O)(=O)Nc2cc(-c3cn4ccc(C)cc4n3)ccc2C)cc1OC;COc1ccc(Cc2nnc(C3CCN(C(=O)c4ccc5c(c4)OCO5)CC3)s2)cc1;CCOC(=O)c1c(NC(=O)CC2Nc3cccc4cccc(c34)NC2=O)sc(C)c1C;Cc1ccccc1NC(=O)c1sc(NC(=O)c2ccncc2)c(C(=O)OC(C)C)c1C;COc1ccc(OC)c(-c2cc(C(=O)N(Cc3ccsc3)Cc3ccco3)n(C)n2)c1;CCOc1ccccc1NC(=O)Cc1csc2nc(-c3ccc(OC)c(OC)c3)cn12;COc1ccc2[nH]cc(CCNC(=O)c3ccc(NC(=O)C4=CSCCO4)cc3)c2c1;Cc1cc(SCc2nn(-c3ccc(C(F)(F)F)cc3)nc2C)ccc1OCC(=O)O;Cc1cc(SCc2nn(-c3ccc(C(F)(F)F)cc3)nc2C)ccc1OCC(=O)O;Cc1cc(SCc2nn(-c3ccc(C(F)(F)F)cc3)nc2C)ccc1OCC(=O)O;Cc1cc(SCc2nn(-c3ccc(C(F)(F)F)cc3)nc2C)ccc1OCC(=O)O;Cc1cc(SCc2nn(-c3ccc(C(F)(F)F)cc3)nc2C)ccc1OCC(=O)O;Cc1cc(SCc2nn(-c3ccc(C(F)(F)F)cc3)nc2C)ccc1OCC(=O)O;Cc1cc(SCc2nn(-c3ccc(C(F)(F)F)cc3)nc2C)ccc1OCC(=O)O;Cc1cc(SCc2nn(-c3ccc(C(F)(F)F)cc3)nc2C)ccc1OCC(=O)O;Cc1cc(SCc2nn(-c3ccc(C(F)(F)F)cc3)nc2C)ccc1OCC(=O)O;Cc1cc(SCc2nn(-c3ccc(C(F)(F)F)cc3)nc2C)ccc1OCC(=O)O;Cc1cc(SCc2nn(-c3ccc(C(F)(F)F)cc3)nc2C)ccc1OCC(=O)O;Cc1cc(SCc2nn(-c3ccc(C(F)(F)F)cc3)nc2C)ccc1OCC(=O)O;Cc1cc(SCc2nn(-c3ccc(C(F)(F)F)cc3)nc2C)ccc1OCC(=O)O
m_1f86e6,NS(=O)(=O)c1ccc(CNC(=O)c2ccccc2-c2ncc(-c3ccccc3)o2)s1;O=c1c2ncccc2n(Cc2c(F)cccc2Cl)c(=O)n1Cc1ccc2c(c1)OCO2;CC1CC(NC(=O)C2(c3ccccc3Cl)CCOCC2)c2ccsc2S1(=O)=O;Cc1cc(N(C)C)nc(N2CCN(S(=O)(=O)c3ccc(Br)cc3)CC2)n1;O=C(CSc1nc2ccc(N3C(=O)c4ccccc4C3=O)cc2s1)N1CCOCC1;Cc1cccc2sc(N(CC3CCCO3)C(=O)C3CCN(S(C)(=O)=O)CC3)nc12;Cc1cccc2sc(N(CC3CCCO3)C(=O)C3CCN(S(C)(=O)=O)CC3)nc12;Cc1cccc2sc(N(CC3CCCO3)C(=O)C3CCN(S(C)(=O)=O)CC3)nc12;Cc1cccc2sc(N(CC3CCCO3)C(=O)C3CCN(S(C)(=O)=O)CC3)nc12;Cc1cccc2sc(N(CC3CCCO3)C(=O)C3CCN(S(C)(=O)=O)CC3)nc12;Cc1cccc2sc(N(CC3CCCO3)C(=O)C3CCN(S(C)(=O)=O)CC3)nc12;Cc1cccc2sc(N(CC3CCCO3)C(=O)C3CCN(S(C)(=O)=O)CC3)nc12;Cc1cccc2sc(N(CC3CCCO3)C(=O)C3CCN(S(C)(=O)=O)CC3)nc12;Cc1cccc2sc(N(CC3CCCO3)C(=O)C3CCN(S(C)(=O)=O)CC3)nc12;Cc1cccc2sc(N(CC3CCCO3)C(=O)C3CCN(S(C)(=O)=O)CC3)nc12;Cc1cccc2sc(N(CC3CCCO3)C(=O)C3CCN(S(C)(=O)=O)CC3)nc12;Cc1cccc2sc(N(CC3CCCO3)C(=O)C3CCN(S(C)(=O)=O)CC3)nc12;Cc1cccc2sc(N(CC3CCCO3)C(=O)C3CCN(S(C)(=O)=O)CC3)nc12;Cc1cccc2sc(N(CC3CCCO3)C(=O)C3CCN(S(C)(=O)=O)CC3)nc12;Cc1cccc2sc(N(CC3CCCO3)C(=O)C3CCN(S(C)(=O)=O)CC3)nc12;Cc1cccc2sc(N(CC3CCCO3)C(=O)C3CCN(S(C)(=O)=O)CC3)nc12;Cc1cccc2sc(N(CC3CCCO3)C(=O)C3CCN(S(C)(=O)=O)CC3)nc12;Cc1cccc2sc(N(CC3CCCO3)C(=O)C3CCN(S(C)(=O)=O)CC3)nc12;Cc1cccc2sc(N(CC3CCCO3)C(=O)C3CCN(S(C)(=O)=O)CC3)nc12;Cc1cccc2sc(N(CC3CCCO3)C(=O)C3CCN(S(C)(=O)=O)CC3)nc12
m_d7ad1b,O=C(O)C(=O)c1cn(Cc2ccccc2)c2ccc(-c3ccc(OC(F)(F)F)cc3)cc12;CC(C)n1c(=O)[nH]c2cc(-c3noc(CN4C(=O)COc5ccc(Cl)cc54)n3)ccc21;COCC1(c2noc(C3CCCN3C(=O)c3cc(Cl)cc(Cl)c3)n2)CCOCC1;COc1ccc(C)cc1NS(=O)(=O)c1ccccc1-c1nc(-c2ccc(F)cc2)no1;NC(=O)C1CCN(c2nnc(-c3cccc(Br)c3)n2Cc2ccccc2)CC1;COCCn1c(SCc2ncc(-c3ccccc3)o2)nc2sc3c(c2c1=O)CCC3;O=C(Nc1ccn(Cc2ccncc2)n1)N1CCC(c2ccccc2Br)CC1;CSCCC(NC(N)=O)C(=O)N1CCN(c2ncc(C(F)(F)F)cc2Cl)CC1;COc1ccc(S(=O)(=O)Nc2ccc(-n3c(C)nc4ccccc4c3=O)cc2)cc1F;COc1ccc(-c2csc3ncnc(NC(C)c4ccc(S(C)(=O)=O)cc4)c23)cc1;NS(=O)(=O)c1ccc(CNC(=O)c2ccccc2-c2ncc(-c3ccccc3)o2)s1;NS(=O)(=O)c1ccc(CNC(=O)c2ccccc2-c2ncc(-c3ccccc3)o2)s1;NS(=O)(=O)c1ccc(CNC(=O)c2ccccc2-c2ncc(-c3ccccc3)o2)s1;NS(=O)(=O)c1ccc(CNC(=O)c2ccccc2-c2ncc(-c3ccccc3)o2)s1;NS(=O)(=O)c1ccc(CNC(=O)c2ccccc2-c2ncc(-c3ccccc3)o2)s1;NS(=O)(=O)c1ccc(CNC(=O)c2ccccc2-c2ncc(-c3ccccc3)o2)s1;NS(=O)(=O)c1ccc(CNC(=O)c2ccccc2-c2ncc(-c3ccccc3)o2)s1;NS(=O)(=O)c1ccc(CNC(=O)c2ccccc2-c2ncc(-c3ccccc3)o2)s1;NS(=O)(=O)c1ccc(CNC(=O)c2ccccc2-c2ncc(-c3ccccc3)o2)s1;NS(=O)(=O)c1ccc(CNC(=O)c2ccccc2-c2ncc(-c3ccccc3)o2)s1;NS(=O)(=O)c1ccc(CNC(=O)c2ccccc2-c2ncc(-c3ccccc3)o2)s1;NS(=O)(=O)c1ccc(CNC(=O)c2ccccc2-c2ncc(-c3ccccc3)o2)s1;NS(=O)(=O)c1ccc(CNC(=O)c2ccccc2-c2ncc(-c3ccccc3)o2)s1;NS(=O)(=O)c1ccc(CNC(=O)c2ccccc2-c2ncc(-c3ccccc3)o2)s1;NS(=O)(=O)c1ccc(CNC(=O)c2ccccc2-c2ncc(-c3ccccc3)o2)s1
m_568a04,O=C(O)C(=O)c1cn(Cc2ccccc2)c2ccc(-c3ccc(OC(F)(F)F)cc3)cc12;O=C(O)C(=O)c1cn(Cc2ccccc2)c2ccc(-c3ccc(OC(F)(F)F)cc3)cc12;O=C(O)C(=O)c1cn(Cc2ccccc2)c2ccc(-c3ccc(OC(F)(F)F)cc3)cc12;O=C(O)C(=O)c1cn(Cc2ccccc2)c2ccc(-c3ccc(OC(F)(F)F)cc3)cc12;O=C(O)C(=O)c1cn(Cc2ccccc2)c2ccc(-c3ccc(OC(F)(F)F)cc3)cc12;O=C(O)C(=O)c1cn(Cc2ccccc2)c2ccc(-c3ccc(OC(F)(F)F)cc3)cc12;O=C(O)C(=O)c1cn(Cc2ccccc2)c2ccc(-c3ccc(OC(F)(F)F)cc3)cc12;O=C(O)C(=O)c1cn(Cc2ccccc2)c2ccc(-c3ccc(OC(F)(F)F)cc3)cc12;O=C(O)C(=O)c1cn(Cc2ccccc2)c2ccc(-c3ccc(OC(F)(F)F)cc3)cc12;O=C(O)C(=O)c1cn(Cc2ccccc2)c2ccc(-c3ccc(OC(F)(F)F)cc3)cc12;O=C(O)C(=O)c1cn(Cc2ccccc2)c2ccc(-c3ccc(OC(F)(F)F)cc3)cc12;O=C(O)C(=O)c1cn(Cc2ccccc2)c2ccc(-c3ccc(OC(F)(F)F)cc3)cc12;O=C(O)C(=O)c1cn(Cc2ccccc2)c2ccc(-c3ccc(OC(F)(F)F)cc3)cc12;O=C(O)C(=O)c1cn(Cc2ccccc2)c2ccc(-c3ccc(OC(F)(F)F)cc3)cc12;O=C(O)C(=O)c1cn(Cc2ccccc2)c2ccc(-c3ccc(OC(F)(F)F)cc3)cc12;O=C(O)C(=O)c1cn(Cc2ccccc2)c2ccc(-c3ccc(OC(F)(F)F)cc3)cc12;O=C(O)C(=O)c1cn(Cc2ccccc2)c2ccc(-c3ccc(OC(F)(F)F)cc3)cc12;O=C(O)C(=O)c1cn(Cc2ccccc2)c2ccc(-c3ccc(OC(F)(F)F)cc3)cc12;O=C(O)C(=O)c1cn(Cc2ccccc2)c2ccc(-c3ccc(OC(F)(F)F)cc3)cc12;O=C(O)C(=O)c1cn(Cc2ccccc2)c2ccc(-c3ccc(OC(F)(F)F)cc3)cc12;O=C(O)C(=O)c1cn(Cc2ccccc2)c2ccc(-c3ccc(OC(F)(F)F)cc3)cc12;O=C(O)C(=O)c1cn(Cc2ccccc2)c2ccc(-c3ccc(OC(F)(F)F)cc3)cc12;O=C(O)C(=O)c1cn(Cc2ccccc2)c2ccc(-c3ccc(OC(F)(F)F)cc3)cc12;O=C(O)C(=O)c1cn(Cc2ccccc2)c2ccc(-c3ccc(OC(F)(F)F)cc3)cc12;O=C(O)C(=O)c1cn(Cc2ccccc2)c2ccc(-c3ccc(OC(F)(F)F)cc3)cc12
m_293ec0,COc1ccc(-c2coc3cc(OC4OC(CO)C(O)C(O)C4O)c(OC)cc3c2=O)cc1;CCOC(=O)CN(CC(=O)Nc1ccc(Cl)cc1C(=O)c1ccccc1)CC(=O)OCC;O=C(O)C(=O)c1cn(Cc2ccccc2)c2ccc(-c3ccc(OC(F)(F)F)cc3)cc12;O=C(O)C(=O)c1cn(Cc2ccccc2)c2ccc(-c3ccc(OC(F)(F)F)cc3)cc12;O=C(O)C(=O)c1cn(Cc2ccccc2)c2ccc(-c3ccc(OC(F)(F)F)cc3)cc12;O=C(O)C(=O)c1cn(Cc2ccccc2)c2ccc(-c3ccc(OC(F)(F)F)cc3)cc12;O=C(O)C(=O)c1cn(Cc2ccccc2)c2ccc(-c3ccc(OC(F)(F)F)cc3)cc12;O=C(O)C(=O)c1cn(Cc2ccccc2)c2ccc(-c3ccc(OC(F)(F)F)cc3)cc12;O=C(O)C(=O)c1cn(Cc2ccccc2)c2ccc(-c3ccc(OC(F)(F)F)cc3)cc12;O=C(O)C(=O)c1cn(Cc2ccccc2)c2ccc(-c3ccc(OC(F)(F)F)cc3)cc12;O=C(O)C(=O)c1cn(Cc2ccccc2)c2ccc(-c3ccc(OC(F)(F)F)cc3)cc12;O=C(O)C(=O)c1cn(Cc2ccccc2)c2ccc(-c3ccc(OC(F)(F)F)cc3)cc12;O=C(O)C(=O)c1cn(Cc2ccccc2)c2ccc(-c3ccc(OC(F)(F)F)cc3)cc12;O=C(O)C(=O)c1cn(Cc2ccccc2)c2ccc(-c3ccc(OC(F)(F)F)cc3)cc12;O=C(O)C(=O)c1cn(Cc2ccccc2)c2ccc(-c3ccc(OC(F)(F)F)cc3)cc12;O=C(O)C(=O)c1cn(Cc2ccccc2)c2ccc(-c3ccc(OC(F)(F)F)cc3)cc12;O=C(O)C(=O)c1cn(Cc2ccccc2)c2ccc(-c3ccc(OC(F)(F)F)cc3)cc12;O=C(O)C(=O)c1cn(Cc2ccccc2)c2ccc(-c3ccc(OC(F)(F)F)cc3)cc12;O=C(O)C(=O)c1cn(Cc2ccccc2)c2ccc(-c3ccc(OC(F)(F)F)cc3)cc12;O=C(O)C(=O)c1cn(Cc2ccccc2)c2ccc(-c3ccc(OC(F)(F)F)cc3)cc12;O=C(O)C(=O)c1cn(Cc2ccccc2)c2ccc(-c3ccc(OC(F)(F)F)cc3)cc12;O=C(O)C(=O)c1cn(Cc2ccccc2)c2ccc(-c3ccc(OC(F)(F)F)cc3)cc12;O=C(O)C(=O)c1cn(Cc2ccccc2)c2ccc(-c3ccc(OC(F)(F)F)cc3)cc12;O=C(O)C(=O)c1cn(Cc2ccccc2)c2ccc(-c3ccc(OC(F)(F)F)cc3)cc12;O=C(O)C(=O)c1cn(Cc2ccccc2)c2ccc(-c3ccc(OC(F)(F)F)cc3)cc12
